Product,TotalSales,SalesRank,TotalQuantity,SalesContributionPercent
Manual,339614.86,1,9635,1.66
REGENCY CAKESTAND 3 TIER,330590.32,2,26478,1.61
DOTCOM POSTAGE,309854.11,3,1415,1.51
WHITE HANGING HEART T-LIGHT HOLDER,260990.22,4,94658,1.27
"PAPER CRAFT , LITTLE BIRDIE",168469.6,5,80995,0.82
PARTY BUNTING,148318.28,6,28200,0.72
JUMBO BAG RED RETROSPOT,148073.47,7,77699,0.72
ASSORTED COLOUR BIRD ORNAMENT,129324.49,8,80082,0.63
POSTAGE,125682.42,9,5363,0.61
PAPER CHAIN KIT 50'S CHRISTMAS,117760.29,10,35084,0.58
MEDIUM CERAMIC TOP STORAGE JAR,81700.92,11,78033,0.4
CHILLI LIGHTS,80540.88,12,15841,0.39
ROTATING SILVER ANGELS T-LIGHT HLDR,71300.4,13,31409,0.35
JUMBO BAG STRAWBERRY,69002.13,14,37061,0.34
RABBIT NIGHT LIGHT,66870.03,15,30739,0.33
BLACK RECORD COVER FRAME,65189.29,16,18739,0.32
JUMBO STORAGE BAG SUKI,61537.55,17,29182,0.3
VINTAGE UNION JACK BUNTING,60286.04,18,6900,0.29
EDWARDIAN PARASOL NATURAL,60145.85,19,11459,0.29
HOT WATER BOTTLE TEA AND SYMPATHY,59189.14,20,11677,0.29
JUMBO  BAG BAROQUE BLACK WHITE,59142.78,21,30657,0.29
PAPER CHAIN KIT VINTAGE CHRISTMAS,58652.7,22,18634,0.29
CHOCOLATE HOT WATER BOTTLE,57981.94,23,11065,0.28
JUMBO SHOPPER VINTAGE RED PAISLEY,57318.71,24,27281,0.28
WOOD BLACK BOARD ANT WHITE FINISH,56745.73,25,9831,0.28
HEART OF WICKER LARGE,53506.13,26,17773,0.26
VICTORIAN GLASS HANGING T-LIGHT,52382.82,27,40081,0.26
RED HANGING HEART T-LIGHT HOLDER,50346.49,28,17575,0.25
JUMBO BAG PINK POLKADOT,50081.96,29,25235,0.24
SCOTTIE DOG HOT WATER BOTTLE,49771.94,30,9776,0.24
JUMBO BAG PINK VINTAGE PAISLEY,49651.99,31,25608,0.24
CREAM HEART CARD HOLDER,49300.94,32,16186,0.24
HEART OF WICKER SMALL,48935.11,33,27908,0.24
EDWARDIAN PARASOL BLACK,48723.77,34,9620,0.24
RED RETROSPOT CAKE STAND,48564.29,35,4635,0.24
RED TOADSTOOL LED NIGHT LIGHT,48315.84,36,28910,0.24
NATURAL SLATE HEART CHALKBOARD,47288.23,37,15373,0.23
STRAWBERRY CERAMIC TRINKET BOX,47169.35,38,36628,0.23
WOODEN FRAME ANTIQUE WHITE,46967.09,39,15679,0.23
HOME BUILDING BLOCK WORD,46516.99,40,7595,0.23
PLEASE ONE PERSON METAL SIGN,46249.07,41,22865,0.23
BAKING SET 9 PIECE RETROSPOT,45882.01,42,9366,0.22
LUNCH BAG  BLACK SKULL.,45655.27,43,26678,0.22
VINTAGE UNION JACK MEMOBOARD,45402.18,44,6165,0.22
ROUND SNACK BOXES SET OF4 WOODLAND,44063.04,45,15380,0.22
SET/4 WHITE RETRO STORAGE CUBES,43844.96,46,1128,0.21
RED WOOLLY HOTTIE WHITE HEART.,42994.24,47,10628,0.21
SMALL POPCORN HOLDER,42699.89,48,48561,0.21
RED  HARMONICA IN BOX,42664.54,49,36289,0.21
GIN + TONIC DIET METAL SIGN,42613.98,50,20178,0.21
SPOTTY BUNTING,42513.48,51,8320,0.21
LUNCH BAG CARS BLUE,42270.3,52,24596,0.21
DOORMAT UNION FLAG,42239.5,53,6302,0.21
WOODEN PICTURE FRAME WHITE FINISH,41837.6,54,16914,0.2
CHARLOTTE BAG SUKI DESIGN,41580.97,55,27550,0.2
COLOUR GLASS. STAR T-LIGHT HOLDER,41099.79,56,14077,0.2
LUNCH BAG RED RETROSPOT,41043.02,57,22232,0.2
JUMBO BAG OWLS,40667.05,58,20814,0.2
PICNIC BASKET WICKER 60 PIECES,39619.5,59,61,0.19
CREAM SWEETHEART MINI CHEST,38599.98,60,3091,0.19
LUNCH BAG WOODLAND,38506.74,61,22118,0.19
DOORMAT HEARTS,38428.12,62,6026,0.19
JAM MAKING SET WITH JARS,38380.11,63,9019,0.19
COOK WITH WINE METAL SIGN,38138.86,64,19932,0.19
DOORMAT KEEP CALM AND COME IN,38133.64,65,5487,0.19
SET OF 3 CAKE TINS PANTRY DESIGN,38108.89,66,7483,0.19
SPACEBOY LUNCH BOX,37955.5,67,20807,0.19
ROSES REGENCY TEACUP AND SAUCER,37682.8,68,12860,0.18
JUMBO BAG WOODLAND ANIMALS,37499.37,69,17710,0.18
ALARM CLOCK BAKELIKE RED,36543.77,70,9234,0.18
ROUND SNACK BOXES SET OF 4 FRUITS,35922.51,71,12875,0.18
DOORMAT RED RETROSPOT,35198.96,72,5038,0.17
LOVE BUILDING BLOCK WORD,34836.02,73,5643,0.17
RECYCLING BAG RETROSPOT,34640.84,74,15765,0.17
POPCORN HOLDER,34288.67,75,36749,0.17
DOORMAT FAIRY CAKE,34191.53,76,5095,0.17
RECIPE BOX PANTRY YELLOW DESIGN,33682.62,77,10706,0.16
DOORMAT FANCY FONT HOME SWEET HOME,33466.26,78,5075,0.16
DOLLY GIRL LUNCH BOX,33380.83,79,18058,0.16
DOORMAT NEW ENGLAND,33203.79,80,5291,0.16
LUNCH BAG SPACEBOY DESIGN,33049.37,81,19604,0.16
ASSORTED COLOURS SILK FAN,32967.03,82,44272,0.16
ALARM CLOCK BAKELIKE GREEN,32609.32,83,7671,0.16
JUMBO BAG SPACEBOY DESIGN,32433.5,84,17057,0.16
WOOD S/3 CABINET ANT WHITE FINISH,31594.39,85,3994,0.15
RETROSPOT TEA SET CERAMIC 11 PC,31527.12,86,6168,0.15
6 RIBBONS RUSTIC CHARM,31513.11,87,17238,0.15
HAND OVER THE CHOCOLATE   SIGN,31483.7,88,16373,0.15
HAND WARMER OWL DESIGN,31416.04,89,14537,0.15
SET OF 3 REGENCY CAKE TINS,31118.55,90,6345,0.15
WHITE SKULL HOT WATER BOTTLE,31079.8,91,6219,0.15
JUMBO BAG APPLES,30450.69,92,14908,0.15
PICNIC BASKET WICKER LARGE,30339.36,93,2612,0.15
LUNCH BAG RED SPOTTY,30063.27,94,18085,0.15
EDWARDIAN PARASOL RED,30020.97,95,6149,0.15
GREEN REGENCY TEACUP AND SAUCER,29952.55,96,9621,0.15
ANTIQUE SILVER TEA GLASS ETCHED,29828.78,97,22032,0.15
LUNCH BOX I LOVE LONDON,29561.86,98,15941,0.14
KNITTED UNION FLAG HOT WATER BOTTLE,29533.87,99,6830,0.14
PINK HAPPY BIRTHDAY BUNTING,29504.36,100,5751,0.14
SET/5 RED SPOTTY LID GLASS BOWLS,29468.52,101,10706,0.14
BOX OF VINTAGE ALPHABET BLOCKS,29450.11,102,2945,0.14
3 HEARTS HANGING DECORATION RUSTIC,29198.28,103,8985,0.14
WOOD 2 DRAWER CABINET WHITE FINISH,29003.37,104,4878,0.14
JUMBO BAG SCANDINAVIAN PAISLEY,28962.83,105,15857,0.14
HOT WATER BOTTLE KEEP CALM,28718.8,106,5816,0.14
PINK BLUE FELT CRAFT TRINKET BOX,28580.97,107,22260,0.14
HANGING HEART JAR T-LIGHT HOLDER,28475.96,108,21689,0.14
HAND WARMER SCOTTY DOG DESIGN,28266.87,109,12778,0.14
SET 7 BABUSHKA NESTING BOXES,28139.45,110,3459,0.14
BLACK HEART CARD HOLDER,28112.03,111,10353,0.14
PACK OF 60 PINK PAISLEY CAKE CASES,28081.73,112,56061,0.14
GUMBALL COAT RACK,28059.48,113,11868,0.14
HOT BATHS METAL SIGN,27981.99,114,12877,0.14
JUMBO BAG ALPHABET,27850.83,115,13366,0.14
PACK OF 72 RETROSPOT CAKE CASES,27770.72,116,48156,0.14
WOODLAND CHARLOTTE BAG,27598.42,117,24479,0.13
TEA TIME PARTY BUNTING,27564.75,118,6013,0.13
JUMBO STORAGE BAG SKULLS,27368.08,119,13390,0.13
IVORY KITCHEN SCALES,27282.73,120,3152,0.13
GRAND CHOCOLATECANDLE,27239.46,121,19712,0.13
HOT WATER BOTTLE I AM SO POORLY,27082.84,122,5302,0.13
MINI PAINT SET VINTAGE,27056.19,123,42286,0.13
60 TEATIME FAIRY CAKE CASES,27041.21,124,54028,0.13
JAM MAKING SET PRINTED,26888.43,125,17252,0.13
SET OF 6 RIBBONS VINTAGE CHRISTMAS,26763.75,126,9772,0.13
JUMBO BAG PINK WITH WHITE SPOTS,26242.66,127,14202,0.13
FELTCRAFT 6 FLOWER FRIENDS,26218.97,128,12674,0.13
HAND WARMER BIRD DESIGN,26117.63,129,11872,0.13
PLASTERS IN TIN SPACEBOY,25912.87,130,15441,0.13
JUMBO BAG TOYS,25719.13,131,12643,0.13
FAWN BLUE HOT WATER BOTTLE,25613.45,132,8174,0.13
MEMO BOARD RETROSPOT  DESIGN,25603.46,133,5455,0.13
PAPER BUNTING RETROSPOT,25497.96,134,8406,0.12
TEA TIME CAKE STAND IN GIFT BOX,25428.33,135,2465,0.12
RETROSPOT HEART HOT WATER BOTTLE,25408.01,136,5168,0.12
FAIRY CAKE FLANNEL ASSORTED COLOUR,25407.27,137,12962,0.12
PAPER BUNTING WHITE LACE,25389.1,138,8475,0.12
COLOUR GLASS T-LIGHT HOLDER HANGING,25205.13,139,40439,0.12
PAPER CHAIN KIT EMPIRE,25163.56,140,8803,0.12
JUMBO BAG RED WHITE SPOTTY,25043.62,141,14060,0.12
RED RETROSPOT CHARLOTTE BAG,24958.77,142,20663,0.12
PAPER BUNTING RETRO SPOTS,24933.94,143,8292,0.12
REGENCY TEAPOT ROSES,24879.13,144,2766,0.12
PINK CREAM FELT CRAFT TRINKET BOX,24785.31,145,20496,0.12
DOOR MAT UNION FLAG,24770.81,146,3775,0.12
SMALL GLASS HEART TRINKET POT,24641.39,147,11426,0.12
JUMBO BAG VINTAGE DOILY,24489.08,148,11448,0.12
SET OF 6 SPICE TINS PANTRY DESIGN,24459.96,149,5972,0.12
WORLD WAR 2 GLIDERS ASSTD DESIGNS,24445.61,150,106139,0.12
HANGING JAM JAR T-LIGHT HOLDER,24440.74,151,30176,0.12
ZINC METAL HEART DECORATION,24289.33,152,19847,0.12
ALARM CLOCK BAKELIKE PINK,24257.31,153,6215,0.12
BLUE HAPPY BIRTHDAY BUNTING,24185.03,154,4753,0.12
SWEETHEART CERAMIC TRINKET BOX,24128.86,155,19428,0.12
PACK OF 72 RETRO SPOT CAKE CASES,24054.43,156,46728,0.12
PINK REGENCY TEACUP AND SAUCER,23990.62,157,8049,0.12
LUNCH BAG SUKI  DESIGN,23893.29,158,14347,0.12
JUMBO BAG 50'S CHRISTMAS,23772.07,159,10285,0.12
3 HOOK PHOTO SHELF ANTIQUE WHITE,23709.46,160,3141,0.12
VINTAGE SNAP CARDS,23506.17,161,27244,0.11
SET OF TEA COFFEE SUGAR TINS PANTRY,23489.42,162,4800,0.11
WOODEN CROQUET GARDEN SET,23426.82,163,1827,0.11
NO SINGING METAL SIGN,23096.77,164,11450,0.11
CREAM CUPID HEARTS COAT HANGER,23093.95,165,7133,0.11
SET/5 RED RETROSPOT LID GLASS BOWLS,23040.04,166,7964,0.11
RED KITCHEN SCALES,22911.55,167,2627,0.11
WOODEN ROUNDERS GARDEN SET,22906.54,168,2533,0.11
VINTAGE HEADS AND TAILS CARD GAME,22858.6,169,17604,0.11
PLASTERS IN TIN WOODLAND ANIMALS,22853.72,170,13588,0.11
HANGING HEART ZINC T-LIGHT HOLDER,22578.3,171,26817,0.11
PLASTERS IN TIN CIRCUS PARADE,22334.08,172,13585,0.11
CERAMIC CAKE STAND + HANGING CAKES,22333.3,173,2382,0.11
ASSORTED COLOUR MINI CASES,22097.61,174,3062,0.11
GREY HEART HOT WATER BOTTLE,22025.93,175,5759,0.11
PACK OF 6 BIRDY GIFT TAGS,21977.3,176,17557,0.11
WOODEN UNION JACK BUNTING,21826.52,177,3584,0.11
JUMBO BAG VINTAGE LEAF,21810.43,178,10941,0.11
CHRISTMAS LIGHTS 10 REINDEER,21727.58,179,2615,0.11
NATURAL SLATE CHALKBOARD LARGE,21583.2,180,4416,0.11
HOMEMADE JAM SCENTED CANDLES,21501.99,181,14461,0.11
DOORMAT SPOTTY HOME SWEET HOME,21414.04,182,2817,0.1
PACK OF 72 SKULL CAKE CASES,21390.76,183,40263,0.1
VICTORIAN SEWING BOX LARGE,21386.56,184,1505,0.1
DOORMAT ENGLISH ROSE,21326.3,185,3234,0.1
RETRO SPOT TEA SET CERAMIC 11 PC,21301.04,186,4438,0.1
PICNIC BASKET WICKER SMALL,21260.8,187,3705,0.1
15CM CHRISTMAS GLASS BALL 20 LIGHTS,21201.13,188,2685,0.1
PAPER CHAIN KIT RETRO SPOT,21151.79,189,7579,0.1
FELTCRAFT CUSHION RABBIT,20901.1,190,5631,0.1
ENAMEL BREAD BIN CREAM,20886.89,191,1529,0.1
LUNCH BAG APPLE DESIGN,20852.58,192,12147,0.1
RED SPOTTY BISCUIT TIN,20800.31,193,5256,0.1
HEART FILIGREE DOVE  SMALL,20629.38,194,16671,0.1
BAKING SET SPACEBOY DESIGN,20546.99,195,4251,0.1
GROW A FLYTRAP OR SUNFLOWER IN TIN,20469.08,196,17875,0.1
AMAZON FEE,20467.8,197,3,0.1
STRAWBERRY CHARLOTTE BAG,20401.05,198,18296,0.1
FELTCRAFT CUSHION OWL,20244.97,199,5479,0.1
LADIES & GENTLEMEN METAL SIGN,20237.72,200,8361,0.1
DOORMAT WELCOME PUPPIES,20209.4,201,3414,0.1
FELTCRAFT DOLL MOLLY,20150.99,202,7355,0.1
FELTCRAFT CUSHION BUTTERFLY,20104.43,203,5521,0.1
VINTAGE UNION JACK CUSHION COVER,19936.94,204,3699,0.1
SET 2 TEA TOWELS I LOVE LONDON,19834.04,205,6156,0.1
METAL SIGN TAKE IT OR LEAVE IT,19728.24,206,6976,0.1
POTTERING IN THE SHED METAL SIGN,19593.81,207,9696,0.1
RED RETROSPOT PICNIC BAG,19576.72,208,6680,0.1
WOODEN SCHOOL COLOURING SET,19524.27,209,11642,0.1
CLOTHES PEGS RETROSPOT PACK 24,19513.17,210,13809,0.1
FAMILY ALBUM WHITE PICTURE FRAME,19507.6,211,2275,0.1
LUNCH BAG PINK POLKADOT,19500.66,212,11751,0.1
ANTIQUE SILVER T-LIGHT GLASS,19381.62,213,14664,0.09
ENAMEL FLOWER JUG CREAM,19273.28,214,3210,0.09
PAPER CHAIN KIT RETROSPOT,19261.03,215,6137,0.09
CLASSIC METAL BIRDCAGE PLANT HOLDER,19194.13,216,1758,0.09
CHOCOLATE THIS WAY METAL SIGN,19125.98,217,9678,0.09
LARGE CAKE STAND  HANGING STRAWBERY,19121.37,218,2171,0.09
SILVER HANGING T-LIGHT HOLDER,19015.8,219,11945,0.09
ANTIQUE SILVER TEA GLASS ENGRAVED,18744.17,220,15810,0.09
LUNCH BAG SUKI DESIGN,18699.43,221,10301,0.09
"RECORD FRAME 7"" SINGLE SIZE",18650.87,222,7540,0.09
WHITE METAL LANTERN,18525.22,223,4700,0.09
PLASTERS IN TIN STRONGMAN,18323.32,224,11321,0.09
CHICK GREY HOT WATER BOTTLE,18171.14,225,4584,0.09
WHITE CHERRY LIGHTS,18048.72,226,3004,0.09
SET/3 RED GINGHAM ROSE STORAGE BOX,18044.97,227,4621,0.09
MEMO BOARD COTTAGE DESIGN,18034.63,228,3773,0.09
FELTCRAFT BUTTERFLY HEARTS,17893.58,229,12828,0.09
TRADITIONAL MODELLING CLAY,17861.71,230,14836,0.09
MULTI COLOUR SILVER T-LIGHT HOLDER,17746.71,231,21605,0.09
BLUE HARMONICA IN BOX,17725.36,232,12957,0.09
HEART IVORY TRELLIS SMALL,17702.62,233,13715,0.09
BREAD BIN DINER STYLE IVORY,17669.99,234,1112,0.09
SINGLE HEART ZINC T-LIGHT HOLDER,17664.18,235,17633,0.09
HAND WARMER UNION JACK,17576.67,236,8541,0.09
ENGLISH ROSE DESIGN QUILTED THROW,17477.66,237,816,0.09
PAINTED METAL PEARS ASSORTED,17451.45,238,10496,0.09
PLASTERS IN TIN VINTAGE PAISLEY,17401.3,239,10369,0.08
JUMBO BAG DOILEY PATTERNS,17268.69,240,8893,0.08
72 SWEETHEART FAIRY CAKE CASES,17259.85,241,34797,0.08
JUMBO BAG SCANDINAVIAN BLUE PAISLEY,17239.69,242,8411,0.08
WOODEN BOX OF DOMINOES,17095.66,243,12805,0.08
RED RETROSPOT TRADITIONAL TEAPOT,17030.56,244,2337,0.08
DELUXE SEWING KIT,16971.27,245,2534,0.08
DOORMAT BLACK FLOCK,16937.68,246,2898,0.08
STRAWBERRY LUNCH BOX WITH CUTLERY,16891.44,247,6779,0.08
CHILDRENS CUTLERY POLKADOT PINK,16865.97,248,3951,0.08
TRAVEL SEWING KIT,16794.05,249,9910,0.08
60 CAKE CASES VINTAGE CHRISTMAS,16770.31,250,27970,0.08
HOME SWEET HOME METAL SIGN,16626.41,251,5981,0.08
SET OF 4 PANTRY JELLY MOULDS,16478.48,252,12649,0.08
VINTAGE CREAM 3 BASKET CAKE STAND,16409.02,253,1699,0.08
WHITE WOOD GARDEN PLANT LADDER,16373.7,254,1632,0.08
RETRO SPOT CAKE STAND,16354.01,255,1493,0.08
GARDENERS KNEELING PAD KEEP CALM,16327.35,256,8807,0.08
SET OF 3 COLOURED  FLYING DUCKS,16218.1,257,3062,0.08
LUNCH BAG DOLLY GIRL DESIGN,16213.61,258,9951,0.08
HEART IVORY TRELLIS LARGE,16027.56,259,9719,0.08
DOORMAT WELCOME TO OUR HOME,15965.95,260,2135,0.08
HOME SWEET HOME MUG,15954.75,261,14054,0.08
CHILDS BREAKFAST SET SPACEBOY,15946.55,262,1688,0.08
DOOR MAT RED SPOT,15889.75,263,2485,0.08
SET OF 3 NOTEBOOKS IN PARCEL,15866.56,264,9380,0.08
HOT WATER BOTTLE BABUSHKA,15837.18,265,3398,0.08
DOORMAT HOME SWEET HOME BLUE,15836.35,266,2530,0.08
VINTAGE CHRISTMAS BUNTING,15798.66,267,2990,0.08
CHILDS BREAKFAST SET DOLLY GIRL,15795.01,268,1660,0.08
RED RETROSPOT UMBRELLA,15791.12,269,2732,0.08
PINK 3 PIECE MINI DOTS CUTLERY SET,15767.15,270,4354,0.08
SET OF 20 KIDS COOKIE CUTTERS,15753.18,271,7575,0.08
RED 3 PIECE MINI DOTS CUTLERY SET,15738.53,272,4254,0.08
HAND WARMER RED RETROSPOT,15664.13,273,7698,0.08
RED DINER WALL CLOCK,15658.98,274,1850,0.08
PICTURE FRAME WOOD TRIPLE PORTRAIT,15645.27,275,2385,0.08
SET OF 6 SOLDIER SKITTLES,15560.09,276,3992,0.08
TRADITIONAL WOODEN SKIPPING ROPE,15547.75,277,12142,0.08
RED/WHITE DOTS RUFFLED UMBRELLA,15476.88,278,3462,0.08
DOORMAT 3 SMILEY CATS,15437.73,279,2419,0.08
METAL 4 HOOK HANGER FRENCH CHATEAU,15411.9,280,5026,0.08
SET OF 3 HEART COOKIE CUTTERS,15388.44,281,11637,0.08
FELTCRAFT PRINCESS CHARLOTTE DOLL,15354.35,282,3759,0.07
SET/6 RED SPOTTY PAPER PLATES,15334.03,283,19633,0.07
FELTCRAFT CHRISTMAS FAIRY,15282.81,284,3491,0.07
SET OF 20 VINTAGE CHRISTMAS NAPKINS,15275.82,285,17144,0.07
PACK OF 60 DINOSAUR CAKE CASES,15236.62,286,31332,0.07
BEWARE OF THE CAT METAL SIGN,15167.38,287,9360,0.07
RED RETROSPOT ROUND CAKE TINS,15123.2,288,1420,0.07
RED RETROSPOT MINI CASES,15118.47,289,2066,0.07
AREA PATROLLED METAL SIGN,15110.98,290,7479,0.07
ZINC FOLKART SLEIGH BELLS,15072.58,291,8375,0.07
WOODEN ADVENT CALENDAR CREAM,15060.57,292,976,0.07
WOODEN SKITTLES GARDEN SET,14881.94,293,1069,0.07
ALARM CLOCK BAKELIKE IVORY,14867.27,294,3702,0.07
OPEN CLOSED METAL SIGN,14807.3,295,2991,0.07
BROCADE RING PURSE,14766.42,296,70369,0.07
SET OF 2 WOODEN MARKET CRATES,14677.84,297,1101,0.07
VINTAGE SNAKES & LADDERS,14651.33,298,3734,0.07
RED SPOTTY ROUND CAKE TINS,14646.04,299,1484,0.07
WOODEN HAPPY BIRTHDAY GARLAND,14593.32,300,5031,0.07
PINK HEART SHAPE EGG FRYING PAN,14525.0,301,9853,0.07
3 STRIPEY MICE FELTCRAFT,14486.55,302,7815,0.07
BLUE 3 PIECE MINI DOTS CUTLERY SET,14464.38,303,3973,0.07
WHITE SPOT RED CERAMIC DRAWER KNOB,14411.13,304,11120,0.07
LUNCH BAG PINK RETROSPOT,14391.72,305,8914,0.07
LUNCH BOX WITH CUTLERY RETROSPOT,14348.82,306,5678,0.07
KENSINGTON COFFEE SET,14266.98,307,1600,0.07
YOU'RE CONFUSING ME METAL SIGN,14262.61,308,8856,0.07
DOORMAT UNION JACK GUNS AND ROSES,14236.9,309,2349,0.07
JUMBO BAG PEARS,14188.96,310,7067,0.07
SET OF 3 BUTTERFLY COOKIE CUTTERS,14076.34,311,10405,0.07
MINT KITCHEN SCALES,14016.8,312,1600,0.07
WOODEN BOX ADVENT CALENDAR,13999.1,313,1435,0.07
JUMBO BAG VINTAGE CHRISTMAS,13972.71,314,6078,0.07
VICTORIAN SEWING BOX MEDIUM,13968.48,315,1549,0.07
CAKE STAND 3 TIER MAGIC GARDEN,13965.52,316,1127,0.07
FELTCRAFT DOLL ROSIE,13921.73,317,4866,0.07
RED STRIPE CERAMIC DRAWER KNOB,13912.17,318,10357,0.07
DOORMAT AIRMAIL,13875.59,319,2085,0.07
HEART FILIGREE DOVE LARGE,13873.54,320,8411,0.07
BINGO SET,13862.17,321,3520,0.07
GROW YOUR OWN PLANT IN A CAN,13856.6,322,10132,0.07
VICTORIAN SEWING BOX SMALL,13843.92,323,2293,0.07
BLUE STRIPE CERAMIC DRAWER KNOB,13839.18,324,10578,0.07
PINK CHERRY LIGHTS,13787.93,325,2281,0.07
TRADITIONAL KNITTING NANCY,13784.32,326,8726,0.07
SWEETHEART CAKESTAND 3 TIER,13753.38,327,1378,0.07
FULL ENGLISH BREAKFAST PLATE,13750.11,328,3338,0.07
TEA TIME TEA TOWELS,13714.66,329,5205,0.07
DOUGHNUT LIP GLOSS,13695.77,330,10395,0.07
IVORY DINER WALL CLOCK,13689.85,331,1659,0.07
SAVE THE PLANET MUG,13654.89,332,11492,0.07
DOORMAT MULTICOLOUR STRIPE,13634.35,333,2350,0.07
FILIGRIS HEART WITH BUTTERFLY,13552.97,334,10937,0.07
CHILDS BREAKFAST SET CIRCUS PARADE,13437.03,335,1618,0.07
CARRIAGE,13426.0,336,268,0.07
LOVE HOT WATER BOTTLE,13334.32,337,2359,0.07
LUNCH BAG ALPHABET DESIGN,13325.55,338,7830,0.07
FRYING PAN UNION FLAG,13298.57,339,3103,0.06
SET OF 10 LED DOLLY LIGHTS,13290.52,340,2219,0.06
WHITE SPOT BLUE CERAMIC DRAWER KNOB,13272.39,341,10050,0.06
SET 6 SCHOOL MILK BOTTLES IN CRATE,13269.49,342,2841,0.06
CHRISTMAS TOILET ROLL,13263.93,343,8537,0.06
BAG 250g SWIRLY MARBLES,13235.16,344,17175,0.06
SET/20 RED RETROSPOT PAPER NAPKINS,13231.54,345,15388,0.06
BREAD BIN DINER STYLE RED,13213.97,346,822,0.06
PINK PAPER PARASOL,13210.85,347,4964,0.06
DOOR MAT NEW ENGLAND,13201.61,348,2023,0.06
CHARLOTTE BAG PINK POLKADOT,13172.0,349,11219,0.06
LARGE CIRCULAR MIRROR MOBILE,13153.8,350,13968,0.06
ADVENT CALENDAR GINGHAM SACK,13141.08,351,2322,0.06
SUKI  SHOULDER BAG,13103.21,352,7127,0.06
PAPER BUNTING COLOURED LACE,13076.88,353,4399,0.06
PLASTERS IN TIN SKULLS,13013.15,354,7794,0.06
HANGING METAL HEART LANTERN,12985.31,355,7847,0.06
DOORMAT TOPIARY,12927.53,356,2087,0.06
SET OF 72 PINK HEART PAPER DOILIES,12913.24,357,8305,0.06
PHARMACIE FIRST AID TIN,12879.46,358,1786,0.06
PHOTO FRAME CORNICE,12864.25,359,4367,0.06
VINTAGE RED KITCHEN CABINET,12845.0,360,76,0.06
3 TIER CAKE TIN RED AND CREAM,12837.46,361,894,0.06
EDWARDIAN PARASOL PINK,12806.76,362,2519,0.06
"SET 3 RETROSPOT TEA,COFFEE,SUGAR",12764.91,363,2384,0.06
PACK OF 6 PANNETONE GIFT BOXES,12739.15,364,4989,0.06
WOODEN ADVENT CALENDAR RED,12704.15,365,1011,0.06
COFFEE MUG APPLES DESIGN,12701.63,366,5439,0.06
CERAMIC STRAWBERRY CAKE MONEY BANK,12654.71,367,8913,0.06
CHILDRENS CUTLERY RETROSPOT RED,12604.23,368,2907,0.06
DOORMAT RESPECTABLE HOUSE,12524.1,369,1950,0.06
BLACK/BLUE DOTS RUFFLED UMBRELLA,12491.17,370,2977,0.06
PACK OF 12 LONDON TISSUES,12460.16,371,39147,0.06
RED RETROSPOT SMALL MILK JUG,12456.39,372,5057,0.06
SOMBRERO,12450.85,373,9567,0.06
BOX OF VINTAGE JIGSAW BLOCKS,12432.28,374,2312,0.06
CANDLEHOLDER PINK HANGING HEART,12411.64,375,4381,0.06
CHRISTMAS CRAFT LITTLE FRIENDS,12382.47,376,5134,0.06
PINK FAIRY CAKE CHILDRENS APRON,12377.5,377,6205,0.06
CHILDRENS CUTLERY POLKADOT BLUE,12366.97,378,2847,0.06
REGENCY SUGAR BOWL GREEN,12342.43,379,3055,0.06
RED SPOT CERAMIC DRAWER KNOB,12339.32,380,9488,0.06
RETROSPOT CHILDRENS APRON,12324.05,381,6631,0.06
CIRCUS PARADE LUNCH BOX,12239.9,382,6271,0.06
ANTIQUE LILY FAIRY LIGHTS,12234.56,383,2685,0.06
RIBBON REEL STRIPES DESIGN,12192.05,384,7267,0.06
SET/20 RED SPOTTY PAPER NAPKINS,12185.39,385,15688,0.06
COFFEE MUG CAT + BIRD DESIGN,12124.78,386,5009,0.06
BLUE DINER WALL CLOCK,12104.8,387,1426,0.06
BLUE SPOT CERAMIC DRAWER KNOB,12074.4,388,8845,0.06
RED FLORAL FELTCRAFT SHOULDER BAG,12066.52,389,3237,0.06
STRAWBERRY   PICNIC BAG,12038.82,390,4100,0.06
"ASSORTED FLOWER COLOUR ""LEIS""",11961.49,391,24794,0.06
SET OF 36 TEATIME PAPER DOILIES,11864.15,392,8138,0.06
ALARM CLOCK BAKELIKE ORANGE,11864.0,393,2999,0.06
NATURAL SLATE RECTANGLE CHALKBOARD,11788.06,394,6905,0.06
GARDENERS KNEELING PAD CUP OF TEA,11785.99,395,6809,0.06
SET3 BOOK BOX GREEN GINGHAM FLOWER,11762.93,396,2883,0.06
RED/WHITE DOT MINI CASES,11748.16,397,1622,0.06
T-LIGHT GLASS FLUTED ANTIQUE,11728.69,398,9458,0.06
TEA TIME KITCHEN APRON,11721.99,399,2169,0.06
FELTCRAFT PRINCESS LOLA DOLL,11697.6,400,3125,0.06
CHRISTMAS LIGHTS 10 VINTAGE BAUBLES,11696.64,401,2381,0.06
RED SPOT HEART HOT WATER BOTTLE,11670.66,402,2425,0.06
PLACE SETTING WHITE HEART,11609.19,403,27562,0.06
AGED GLASS SILVER T-LIGHT HOLDER,11593.86,404,17770,0.06
JUMBO BAG PAISLEY PARK,11581.83,405,5020,0.06
FIRST AID TIN,11564.43,406,3512,0.06
DOORSTOP RETROSPOT HEART,11561.95,407,2880,0.06
BABUSHKA LIGHTS STRING OF 10,11542.6,408,1736,0.06
DOOR MAT FAIRY CAKE,11532.31,409,1727,0.06
PIGGY BANK RETROSPOT,11492.82,410,4478,0.06
JUMBO BAG DOLLY GIRL DESIGN,11465.29,411,5764,0.06
STRAWBERRY FAIRY CAKE TEAPOT,11462.58,412,2286,0.06
PARTY METAL SIGN,11382.16,413,7685,0.06
CHILDRENS APRON SPACEBOY DESIGN,11365.8,414,5734,0.06
RED GINGHAM ROSE JEWELLERY BOX,11342.25,415,6359,0.06
SOLDIERS EGG CUP,11238.45,416,9363,0.05
VINTAGE CREAM DOG FOOD CONTAINER,11199.64,417,1181,0.05
UNION STRIPE WITH FRINGE  HAMMOCK,11199.18,418,1443,0.05
SET/6 PINK  BUTTERFLY T-LIGHTS,11184.89,419,5785,0.05
ROSE COTTAGE KEEPSAKE BOX,11184.82,420,1127,0.05
PINK PARTY BAGS,11180.57,421,5967,0.05
SWEETHEART RECIPE BOOK STAND,11175.81,422,1597,0.05
POTTING SHED TEA MUG,11163.64,423,9075,0.05
PACK OF 60 SPACEBOY CAKE CASES,11159.9,424,21451,0.05
TWO DOOR CURIO CABINET,11112.85,425,853,0.05
REGENCY TEA PLATE ROSES,11097.25,426,6857,0.05
4 TRADITIONAL SPINNING TOPS,11073.45,427,8181,0.05
HAND WARMER BABUSHKA DESIGN,11072.83,428,6792,0.05
FAMILY PHOTO FRAME CORNICE,11064.72,429,1158,0.05
LARGE POPCORN HOLDER,11063.4,430,6323,0.05
Adjust bad debt,11062.06,431,1,0.05
RED RETROSPOT PEG BAG,11060.2,432,4003,0.05
PARTY CONE CHRISTMAS DECORATION,10991.21,433,9737,0.05
RED RETROSPOT MUG,10986.43,434,3893,0.05
WICKER STAR,10958.6,435,4893,0.05
SET OF 72 RETRO SPOT PAPER  DOILIES,10949.4,436,7671,0.05
GLITTER BUTTERFLY CLIPS,10940.48,437,4423,0.05
PINK BABY BUNTING,10898.05,438,3587,0.05
RECIPE BOX RETROSPOT,10891.7,439,3886,0.05
I'M ON HOLIDAY METAL SIGN,10866.22,440,5163,0.05
36 DOILIES VINTAGE CHRISTMAS,10823.97,441,7851,0.05
RETRO COFFEE MUGS ASSORTED,10821.29,442,7145,0.05
LUNCH BAG VINTAGE DOILY,10797.0,443,6548,0.05
SET/6 RED SPOTTY PAPER CUPS,10781.81,444,16658,0.05
SET OF 72 RETROSPOT PAPER  DOILIES,10777.79,445,7447,0.05
FELTCRAFT DOLL EMILY,10770.07,446,3773,0.05
CALENDAR PAPER CUT DESIGN,10755.05,447,3467,0.05
SET/2 RED RETROSPOT TEA TOWELS,10684.21,448,3335,0.05
CAMOUFLAGE LED TORCH,10681.67,449,6239,0.05
VINTAGE UNION JACK DOORSTOP,10641.15,450,1771,0.05
SET OF 36 PAISLEY FLOWER DOILIES,10622.15,451,7046,0.05
PINK DOUGHNUT TRINKET POT,10592.66,452,6606,0.05
DOOR MAT SPOTTY HOME SWEET HOME,10563.06,453,1772,0.05
DOOR MAT 3 SMILEY CATS,10532.27,454,1829,0.05
SET 10 LIGHTS NIGHT OWL,10509.88,455,1518,0.05
LUNCH BAG DOILEY PATTERN,10502.19,456,6551,0.05
COFFEE MUG PEARS  DESIGN,10492.45,457,4926,0.05
PACK 3 BOXES CHRISTMAS PANNETONE,10485.95,458,4803,0.05
RED 3 PIECE RETROSPOT CUTLERY SET,10467.88,459,2610,0.05
SET/10 RED POLKADOT PARTY CANDLES,10451.93,460,8654,0.05
S/6 WOODEN SKITTLES IN COTTON BAG,10451.6,461,3489,0.05
LUNCH BAG VINTAGE LEAF DESIGN,10441.91,462,6308,0.05
10 COLOUR SPACEBOY PEN,10397.33,463,12290,0.05
PACK OF 12 SUKI TISSUES,10395.88,464,32086,0.05
PHOTO CUBE,10374.33,465,5122,0.05
REVOLVER WOODEN RULER,10373.99,466,5233,0.05
PINK 3 PIECE POLKADOT CUTLERY SET,10339.4,467,2719,0.05
ALARM CLOCK BAKELIKE CHOCOLATE,10324.92,468,2518,0.05
WELCOME  WOODEN BLOCK LETTERS,10314.19,469,1018,0.05
PAPER BUNTING VINTAGE PAISLEY,10303.35,470,3506,0.05
DOOR MAT HEARTS,10298.44,471,1700,0.05
POLKADOT PEN,10293.71,472,12049,0.05
RED SPOTTY CHARLOTTE BAG,10231.44,473,11534,0.05
TOY TIDY SPACEBOY,10217.66,474,4964,0.05
VINTAGE DOILY JUMBO BAG RED,10206.41,475,4802,0.05
POPPY'S PLAYHOUSE KITCHEN,10161.4,476,4142,0.05
TRADITIONAL WOODEN CATCH CUP GAME,10151.28,477,7826,0.05
LONDON BUS COFFEE MUG,10140.6,478,4334,0.05
JUMBO BAG CHARLIE AND LOLA TOYS,10132.11,479,4590,0.05
GINGERBREAD MAN COOKIE CUTTER,10131.26,480,8219,0.05
MA CAMPAGNE CUTLERY BOX,10125.72,481,655,0.05
ENCHANTED BIRD COATHANGER 5 HOOK,10119.51,482,2297,0.05
CLEAR DRAWER KNOB ACRYLIC EDWARDIAN,10117.08,483,7465,0.05
TOY TIDY PINK POLKADOT,10090.01,484,4712,0.05
REGENCY TEA PLATE GREEN,10051.99,485,6247,0.05
BATHROOM METAL SIGN,10036.79,486,15094,0.05
SET/3 RUSSIAN DOLL STACKING TINS,10030.08,487,1984,0.05
ENGLISH ROSE HOT WATER BOTTLE,10021.55,488,2242,0.05
SKULL LUNCH BOX WITH CUTLERY,10014.54,489,3909,0.05
BATH BUILDING BLOCK WORD,9944.65,490,1612,0.05
ROUND SNACK BOXES SET OF 4 SKULLS,9943.55,491,3065,0.05
ICE CREAM SUNDAE LIP GLOSS,9935.76,492,8076,0.05
FOOD CONTAINER SET 3 LOVE HEART,9914.89,493,5243,0.05
WHITE WIRE EGG HOLDER,9894.99,494,1729,0.05
COFFEE MUG DOG + BALL DESIGN,9891.4,495,4116,0.05
ENAMEL MEASURING JUG CREAM,9844.04,496,2280,0.05
GLITTER HANGING BUTTERFLY STRING,9825.02,497,4820,0.05
DOOR MAT ENGLISH ROSE,9816.33,498,1481,0.05
VINYL RECORD FRAME SILVER,9814.74,499,2686,0.05
TEA TIME TABLE CLOTH,9791.67,500,981,0.05
RED WHITE SCARF  HOT WATER BOTTLE,9784.58,501,2384,0.05
CERAMIC HEART FAIRY CAKE MONEY BANK,9765.53,502,5440,0.05
POPPY'S PLAYHOUSE BEDROOM,9764.64,503,3976,0.05
MOROCCAN TEA GLASS,9759.91,504,11973,0.05
SET OF 4 KNICK KNACK TINS DOILY,9726.48,505,2352,0.05
BLACK/BLUE POLKADOT UMBRELLA,9722.53,506,1679,0.05
PICTURE DOMINOES,9718.41,507,6521,0.05
ROUND CAKE TIN VINTAGE RED,9602.6,508,1264,0.05
RECIPE BOX BLUE SKETCHBOOK DESIGN,9589.84,509,2955,0.05
REGENCY MILK JUG PINK,9587.15,510,3160,0.05
TRADITIONAL CHRISTMAS RIBBONS,9566.02,511,6585,0.05
PANTRY ROLLING PIN,9564.98,512,2464,0.05
RED RETROSPOT JUMBO BAG,9563.89,513,5417,0.05
TOY TIDY PINK RETROSPOT,9529.53,514,4553,0.05
WASHROOM METAL SIGN,9527.16,515,6955,0.05
FOLKART ZINC HEART CHRISTMAS DEC,9514.78,516,11430,0.05
SMALL CHINESE STYLE SCISSOR,9513.1,517,29355,0.05
TRIPLE PHOTO FRAME CORNICE,9478.23,518,1004,0.05
CHRISTMAS LIGHTS 10 SANTAS,9466.41,519,1221,0.05
RED RETROSPOT BUTTER DISH,9408.77,520,1856,0.05
BOYS VINTAGE TIN SEASIDE BUCKET,9397.07,521,3709,0.05
PINK FLORAL FELTCRAFT SHOULDER BAG,9387.29,522,2490,0.05
IVORY HANGING DECORATION  HEART,9358.94,523,10832,0.05
KINGS CHOICE BISCUIT TIN,9352.41,524,2073,0.05
SCANDINAVIAN REDS RIBBONS,9346.72,525,6584,0.05
BOX OF 24 COCKTAIL PARASOLS,9336.68,526,19085,0.05
VINTAGE BLUE KITCHEN CABINET,9290.0,527,45,0.05
GLASS  BEURRE DISH,9271.89,528,2225,0.05
LOVEBIRD HANGING DECORATION WHITE,9270.48,529,9771,0.05
PICCADILLY TEA SET,9224.92,530,683,0.05
BOX OF 6 MINI 50'S CRACKERS,9219.53,531,3720,0.05
GAOLERS KEYS DECORATIVE GARDEN,9201.49,532,2699,0.04
FUNKY DIVA PEN,9173.03,533,10652,0.04
NOEL WOODEN BLOCK LETTERS,9167.61,534,1481,0.04
BOX OF 6 MINI VINTAGE CRACKERS,9162.41,535,3809,0.04
RED METAL BOX TOP SECRET,9117.62,536,1074,0.04
PINK VINTAGE PAISLEY PICNIC BAG,9087.63,537,4116,0.04
RECIPE BOX WITH METAL HEART,9075.51,538,1126,0.04
LARGE HEART MEASURING SPOONS,9005.64,539,5043,0.04
SET/3 VANILLA SCENTED CANDLE IN BOX,9001.15,540,2043,0.04
SET 2 PANTRY DESIGN TEA TOWELS,8999.27,541,2811,0.04
GIRLS VINTAGE TIN SEASIDE BUCKET,8987.24,542,3553,0.04
PACK OF 12 HEARTS DESIGN TISSUES,8972.11,543,25523,0.04
AIRLINE BAG VINTAGE TOKYO 78,8936.8,544,1828,0.04
CHRISTMAS CRAFT TREE TOP ANGEL,8895.21,545,3663,0.04
LARGE WHITE HEART OF WICKER,8878.21,546,3069,0.04
BLUE 3 PIECE POLKADOT CUTLERY SET,8867.88,547,2331,0.04
RETROSPOT PARTY BAG + STICKER SET,8857.32,548,5648,0.04
HAND WARMER RED LOVE HEART,8855.51,549,3986,0.04
CAKE STAND WHITE TWO TIER LACE,8809.93,550,1085,0.04
3 TIER CAKE TIN GREEN AND CREAM,8794.42,551,566,0.04
RED SPOTTY SHOPPER BAG,8763.09,552,7058,0.04
SWEETHEART KEY CABINET,8747.05,553,1523,0.04
RED RETROSPOT SHOPPER BAG,8694.26,554,6295,0.04
12 PENCILS SMALL TUBE SKULL,8686.54,555,13219,0.04
SET OF 2 TEA TOWELS APPLE AND PEARS,8648.49,556,2847,0.04
FOUR HOOK  WHITE LOVEBIRDS,8642.3,557,4024,0.04
CHARLIE+LOLA PINK HOT WATER BOTTLE,8624.1,558,3234,0.04
MINI WOODEN HAPPY BIRTHDAY GARLAND,8568.0,559,5104,0.04
VICTORIAN  METAL POSTCARD SPRING,8567.24,560,5985,0.04
BIRD HOUSE HOT WATER BOTTLE,8563.76,561,2609,0.04
SET 6 PAPER TABLE LANTERN HEARTS,8558.76,562,2328,0.04
ICE CREAM PEN LIP GLOSS,8553.34,563,6831,0.04
6 EGG HOUSE PAINTED WOOD,8533.09,564,1032,0.04
WHITE DOVE HONEYCOMB PAPER GARLAND,8532.17,565,5272,0.04
CHILDRENS CUTLERY SPACEBOY,8517.67,566,2077,0.04
SCANDINAVIAN PAISLEY PICNIC BAG,8498.61,567,3871,0.04
VINTAGE DOILY TRAVEL SEWING KIT,8497.98,568,3964,0.04
LIGHT PINK CHERRY LIGHTS,8481.19,569,1433,0.04
RIBBON REEL HEARTS DESIGN,8457.84,570,5028,0.04
RIBBON REEL LACE DESIGN,8449.94,571,3984,0.04
FELTCRAFT PRINCESS OLIVIA DOLL,8445.97,572,2264,0.04
SMALL WHITE HEART OF WICKER,8438.54,573,4716,0.04
DOOR MAT WELCOME PUPPIES,8429.7,574,1458,0.04
RETRO SPOT LARGE MILK JUG,8420.28,575,1687,0.04
KINGS CHOICE TEA CADDY,8393.61,576,2651,0.04
AFGHAN SLIPPER SOCK PAIR,8378.8,577,2604,0.04
ROUND CONTAINER SET OF 5 RETROSPOT,8371.05,578,5123,0.04
PICNIC BOXES SET OF 3 RETROSPOT,8367.8,579,1744,0.04
DOORMAT MERRY CHRISTMAS RED,8366.72,580,1092,0.04
GINGHAM HEART  DOORSTOP RED,8352.94,581,2090,0.04
RAIN PONCHO RETROSPOT,8333.11,582,10408,0.04
SKULL SHOULDER BAG,8275.22,583,4597,0.04
DOOR MAT FANCY FONT HOME SWEET HOME,8238.8,584,1178,0.04
GIN AND TONIC MUG,8209.17,585,6332,0.04
CREAM SWEETHEART WALL CABINET,8201.99,586,496,0.04
RETROSPOT LARGE MILK JUG,8194.59,587,1656,0.04
MINI CAKE STAND  HANGING STRAWBERY,8179.19,588,4925,0.04
LAUNDRY 15C METAL SIGN,8081.14,589,5641,0.04
PHOTO FRAME 3 CLASSIC HANGING,8020.45,590,806,0.04
RIBBON REEL SNOWY VILLAGE,8012.57,591,4447,0.04
SET/10 RED SPOTTY PARTY CANDLES,7990.77,592,6561,0.04
CABIN BAG VINTAGE RETROSPOT,7985.03,593,366,0.04
SET/10 PINK POLKADOT PARTY CANDLES,7962.62,594,6543,0.04
SET/2 RED SPOTTY TEA TOWELS,7960.57,595,2659,0.04
CARDHOLDER HOLLY WREATH METAL,7956.84,596,1980,0.04
ROSE CARAVAN DOORSTOP,7955.84,597,1247,0.04
VINTAGE POST OFFICE CABINET,7954.87,598,123,0.04
RETRO SPOT TRADITIONAL TEAPOT,7937.91,599,1008,0.04
RED RETROSPOT OVEN GLOVE,7916.58,600,5279,0.04
OWL DOORSTOP,7900.01,601,1355,0.04
KINGS CHOICE MUG,7882.08,602,6818,0.04
FAIRY TALE COTTAGE NIGHTLIGHT,7877.84,603,4336,0.04
WEEKEND BAG VINTAGE ROSE PAISLEY,7875.33,604,946,0.04
NOVELTY BISCUITS CAKE STAND 3 TIER,7821.96,605,800,0.04
PACK OF 60 MUSHROOM CAKE CASES,7792.37,606,14570,0.04
RED RETROSPOT SUGAR JAM BOWL,7791.88,607,3152,0.04
GIRLS ALPHABET IRON ON PATCHES,7788.67,608,37066,0.04
SET OF 4 KNICK KNACK TINS LONDON,7771.61,609,1849,0.04
STRAWBERRY SHOPPER BAG,7767.48,610,6296,0.04
DOORMAT RED SPOT,7765.42,611,1086,0.04
CHARLOTTE BAG APPLES DESIGN,7741.94,612,7976,0.04
SPACEBOY BABY GIFT SET,7741.75,613,498,0.04
LARGE CAKE TOWEL PINK SPOTS,7729.37,614,1640,0.04
LANTERN CREAM GAZEBO,7727.14,615,1551,0.04
CHILDRENS CUTLERY POLKADOT GREEN,7701.71,616,1829,0.04
CHARLIE + LOLA RED HOT WATER BOTTLE,7699.25,617,3285,0.04
"DIAMANTE HEART SHAPED WALL MIRROR,",7673.73,618,976,0.04
HOLIDAY FUN LUDO,7669.64,619,2058,0.04
SET OF 6 T-LIGHTS SANTA,7664.72,620,2568,0.04
COLOURING PENCILS BROWN TUBE,7660.6,621,8688,0.04
I CAN ONLY PLEASE ONE PERSON MUG,7627.49,622,6083,0.04
GARDENERS KNEELING PAD,7623.41,623,5824,0.04
RED BABY BUNTING,7613.94,624,2386,0.04
PAINT YOUR OWN CANVAS SET,7608.12,625,4738,0.04
GIRAFFE WOODEN RULER,7604.89,626,3887,0.04
RED SPOTTY COIR DOORMAT,7563.34,627,1174,0.04
CARD HOLDER GINGHAM HEART,7559.94,628,2747,0.04
PACK OF 12 TRADITIONAL CRAYONS,7548.67,629,17916,0.04
DOG BOWL CHASING BALL DESIGN,7537.37,630,1817,0.04
GLASS JAR ENGLISH CONFECTIONERY,7529.6,631,2501,0.04
WHITE LOVEBIRD LANTERN,7527.94,632,2373,0.04
CREAM SWEETHEART TRAYS,7524.44,633,620,0.04
SET/6 TURQUOISE BUTTERFLY T-LIGHTS,7523.57,634,3765,0.04
CREAM SWEETHEART LETTER RACK,7493.06,635,1595,0.04
MIRRORED DISCO BALL,7484.81,636,1349,0.04
RED RETROSPOT BOWL,7445.51,637,5846,0.04
ASSTD DESIGN RACING CAR PEN,7408.65,638,4829,0.04
"SET 3 RED SPOT TIN TEA,COFFEE,SUGAR",7404.09,639,1500,0.04
CHRISTMAS METAL TAGS ASSORTED,7365.7,640,7641,0.04
SET 3 WICKER LOG BASKETS,7362.66,641,398,0.04
LOVE LARGE WOOD LETTERS,7361.74,642,556,0.04
BOX OF 6 CHRISTMAS CAKE DECORATIONS,7356.18,643,1875,0.04
POTTERING MUG,7351.25,644,5663,0.04
ANTIQUE GLASS DRESSING TABLE POT,7336.09,645,2367,0.04
DOOR MAT BLACK FLOCK,7318.79,646,1249,0.04
LAVENDER SCENTED FABRIC HEART,7306.14,647,5666,0.04
GREEN 3 PIECE MINI DOTS CUTLERY SET,7306.06,648,1961,0.04
12 EGG HOUSE PAINTED WOOD,7304.69,649,561,0.04
HANGING METAL STAR LANTERN,7284.24,650,4517,0.04
PACK OF 20 NAPKINS PANTRY DESIGN,7279.03,651,8686,0.04
SET 6 PAPER TABLE LANTERN STARS,7250.9,652,1932,0.04
SET OF 4 KNICK KNACK TINS DOILEY,7248.79,653,1819,0.04
PACK 3 BOXES BIRD PANNETONE,7211.99,654,3741,0.04
S/4 CACTI CANDLES,7193.46,655,1459,0.04
BLACK KITCHEN SCALES,7167.48,656,837,0.04
PACK OF 12 WOODLAND TISSUES,7129.46,657,26204,0.03
WOODEN HEART CHRISTMAS SCANDINAVIAN,7123.93,658,13987,0.03
DOOR MAT MULTICOLOUR STRIPE,7078.28,659,1102,0.03
CERAMIC CHERRY CAKE MONEY BANK,7069.88,660,4857,0.03
GUMBALL MAGAZINE RACK,7060.58,661,867,0.03
GIANT 50'S CHRISTMAS CRACKER,7053.57,662,2661,0.03
JINGLE BELL HEART ANTIQUE SILVER,7038.4,663,3564,0.03
VINTAGE UNION JACK APRON,7037.62,664,984,0.03
BIG DOUGHNUT FRIDGE MAGNETS,7028.51,665,6335,0.03
PACK OF 12 PINK PAISLEY TISSUES,7023.95,666,25351,0.03
CERAMIC CAKE BOWL + HANGING CAKES,7023.14,667,2444,0.03
SET OF 12 FAIRY CAKE BAKING CASES,6989.54,668,8471,0.03
COOKING SET RETROSPOT,6984.35,669,718,0.03
FANCY FONTS BIRTHDAY WRAP,6978.0,670,17500,0.03
20 DOLLY PEGS RETROSPOT,6955.83,671,5561,0.03
5 HOOK HANGER RED MAGIC TOADSTOOL,6951.45,672,4526,0.03
INFLATABLE POLITICAL GLOBE,6942.26,673,8671,0.03
WOODEN REGATTA BUNTING,6933.74,674,1135,0.03
SPACEBOY BIRTHDAY CARD,6931.64,675,16779,0.03
HAPPY STENCIL CRAFT,6923.85,676,5942,0.03
BOTTLE BAG RETROSPOT,6920.11,677,3618,0.03
MAN FLU METAL SIGN,6908.87,678,3436,0.03
CUPCAKE LACE PAPER SET 6,6891.25,679,3687,0.03
CAKE STAND LOVEBIRD 2 TIER WHITE,6885.44,680,745,0.03
PAPER CHAIN KIT SKULLS,6883.87,681,2538,0.03
SET/10 PINK SPOTTY PARTY CANDLES,6882.16,682,5666,0.03
RED HEART SHAPE LOVE BUCKET,6875.71,683,2786,0.03
SMALL FAIRY CAKE FRIDGE MAGNETS,6875.0,684,12236,0.03
POLKADOT CUTLERY 24 PCS IN TRAY,6855.75,685,640,0.03
CERAMIC CAKE DESIGN SPOTTED MUG,6827.21,686,4549,0.03
WALL TIDY RETROSPOT,6826.51,687,3749,0.03
TEA TIME OVEN GLOVE,6823.15,688,5270,0.03
GREEN CHRISTMAS TREE CARD HOLDER,6820.7,689,2104,0.03
SET OF 3 BLACK FLYING DUCKS,6809.65,690,1474,0.03
SET 40 HEART SHAPE PETIT FOUR CASES,6792.23,691,4303,0.03
PACK OF 20 SKULL PAPER NAPKINS,6790.7,692,8552,0.03
TEA TIME TEAPOT IN GIFT BOX,6787.46,693,881,0.03
12 PENCIL SMALL TUBE WOODLAND,6773.95,694,9863,0.03
WATERING CAN BLUE ELEPHANT,6771.52,695,3365,0.03
WALL ART CLASSIC PUDDINGS,6762.71,696,864,0.03
ENAMEL WATERING CAN CREAM,6761.38,697,1397,0.03
WALL MOUNTED VINTAGE ORGANISER,6756.09,698,497,0.03
OFFICE MUG WARMER BLACK+SILVER,6755.56,699,2116,0.03
CHILDRENS CUTLERY DOLLY GIRL,6753.71,700,1667,0.03
VINTAGE PAISLEY STATIONERY SET,6744.8,701,3320,0.03
WATERING CAN PINK BUNNY,6742.12,702,3538,0.03
RETROSPOT PADDED SEAT CUSHION,6735.63,703,1753,0.03
SET OF 6 T-LIGHTS SNOWMEN,6729.13,704,2199,0.03
DOLLY GIRL BABY GIFT SET,6719.61,705,433,0.03
MINI LIGHTS WOODLAND MUSHROOMS,6719.14,706,1798,0.03
CAKE STAND LOVEBIRD 2 TIER PINK,6702.33,707,905,0.03
METAL MERRY CHRISTMAS WREATH,6699.71,708,3113,0.03
POPPY'S PLAYHOUSE LIVINGROOM,6699.25,709,2910,0.03
WHEELBARROW FOR CHILDREN,6689.67,710,544,0.03
DOOR MAT TOPIARY,6681.38,711,1040,0.03
BISCUIT TIN 50'S CHRISTMAS,6681.25,712,2194,0.03
PINK/BROWN DOTS RUFFLED UMBRELLA,6664.45,713,1918,0.03
WHITE BEADED GARLAND STRING 20LIGHT,6664.33,714,1051,0.03
BLUE PARTY BAGS,6662.54,715,3492,0.03
ANT WHITE WIRE HEART SPIRAL,6659.17,716,1757,0.03
CREAM SWEETHEART SHELF + HOOKS,6647.24,717,960,0.03
WOODEN OWLS LIGHT GARLAND,6631.35,718,1735,0.03
CREAM SLICE FLANNEL PINK SPOT,6624.77,719,2302,0.03
CHARLOTTE BAG DOLLY GIRL DESIGN,6620.45,720,8199,0.03
CACTI T-LIGHT CANDLES,6606.26,721,15566,0.03
PACK 20 ENGLISH ROSE PAPER NAPKINS,6579.02,722,7500,0.03
12 PENCILS SMALL TUBE RED RETROSPOT,6570.68,723,9880,0.03
Adjustment by john on 26/01/2010 17,6563.5,724,16,0.03
WRAP PINK FAIRY CAKES,6558.62,725,16661,0.03
VINTAGE DONKEY TAIL GAME,6550.17,726,1815,0.03
SKULLS PARTY BAG + STICKER SET,6520.55,727,4158,0.03
TROPICAL  HONEYCOMB PAPER GARLAND,6517.16,728,2741,0.03
GLASS JAR DIGESTIVE BISCUITS,6498.61,729,2054,0.03
VINTAGE CHRISTMAS STOCKING,6488.2,730,2390,0.03
FAIRY CAKE DESIGN UMBRELLA,6486.79,731,1419,0.03
VINTAGE CREAM CAT FOOD CONTAINER,6482.96,732,955,0.03
EASTER CRAFT 4 CHICKS,6480.29,733,3237,0.03
CHRISTMAS STAR WISH LIST CHALKBOARD,6471.2,734,6331,0.03
JINGLE BELL HEART DECORATION,6459.16,735,3820,0.03
3 DRAWER ANTIQUE WHITE WOOD CABINET,6457.94,736,734,0.03
ROTATING LEAVES T-LIGHT HOLDER,6449.0,737,3833,0.03
CHRISTMAS CRAFT WHITE FAIRY,6445.39,738,4300,0.03
LANDMARK FRAME CAMDEN TOWN,6444.65,739,568,0.03
LARGE ZINC HEART WALL ORGANISER,6431.11,740,1065,0.03
DOORMAT NEIGHBOURHOOD WITCH,6419.7,741,1092,0.03
TRADITIONAL NAUGHTS & CROSSES,6406.91,742,2841,0.03
RED RETROSPOT PLATE,6394.53,743,3735,0.03
PANTRY WASHING UP BRUSH,6391.82,744,4090,0.03
CORONA MEXICAN TRAY,6380.2,745,1615,0.03
SET OF 60 PANTRY DESIGN CAKE CASES,6371.89,746,12049,0.03
RED RETROSPOT TEA CUP AND SAUCER,6364.67,747,1705,0.03
PEARL CRYSTAL PUMPKIN T-LIGHT HLDR,6363.28,748,3886,0.03
WOODEN STAR CHRISTMAS SCANDINAVIAN,6358.04,749,13230,0.03
CERAMIC BOWL WITH STRAWBERRY DESIGN,6356.06,750,2303,0.03
SMALL RED RETROSPOT WINDMILL,6351.9,751,5113,0.03
REGENCY TEA PLATE PINK,6344.41,752,3861,0.03
PINK FAIRY CAKE CHILD'S APRON,6339.17,753,3438,0.03
PACK OF 6 SWEETIE GIFT BOXES,6324.77,754,2522,0.03
SET 3 WICKER OVAL BASKETS W LIDS,6316.3,755,482,0.03
EMBOSSED GLASS TEALIGHT HOLDER,6283.87,756,4771,0.03
CHRISTMAS PUDDING TRINKET POT,6273.84,757,8640,0.03
SET OF 4 ENGLISH ROSE PLACEMATS,6271.79,758,1517,0.03
RETRO RED SPOTTY WASHING UP GLOVES,6257.39,759,3139,0.03
RIBBON REEL CHRISTMAS SOCK BAUBLE,6226.44,760,3321,0.03
SLATE TILE NATURAL HANGING,6224.72,761,3896,0.03
12 MESSAGE CARDS WITH ENVELOPES,6214.83,762,3370,0.03
LOVE SEAT ANTIQUE WHITE METAL,6210.0,763,58,0.03
SET/10 BLUE POLKADOT PARTY CANDLES,6205.84,764,5128,0.03
GINGHAM HEART DECORATION,6200.54,765,6473,0.03
SET OF 9 HEART SHAPED BALLOONS,6185.22,766,4915,0.03
CLASSIC GLASS COOKIE JAR,6183.39,767,1437,0.03
CITRONELLA CANDLE GARDEN POT,6182.39,768,4283,0.03
SET/20 STRAWBERRY PAPER NAPKINS,6181.25,769,7211,0.03
LIGHT GARLAND BUTTERFILES PINK,6167.59,770,1623,0.03
CAKE PLATE LOVEBIRD WHITE,6160.84,771,1489,0.03
ZINC WILLIE WINKIE  CANDLE STICK,6134.7,772,6794,0.03
SMALL HEART MEASURING SPOONS,6130.99,773,6574,0.03
GLASS CAKE COVER AND PLATE,6126.25,774,354,0.03
BUNDLE OF 3 ALPHABET EXERCISE BOOKS,6114.24,775,3516,0.03
PARISIENNE JEWELLERY DRAWER,6102.18,776,813,0.03
BREAD BIN DINER STYLE MINT,6091.38,777,390,0.03
CHILDRENS APRON APPLES DESIGN,6079.45,778,2877,0.03
VANILLA SCENT CANDLE JEWELLED BOX,6055.85,779,2185,0.03
GLASS JAR DAISY FRESH COTTON WOOL,6036.26,780,1845,0.03
WALL ART STOP FOR TEA,6036.2,781,869,0.03
VICTORIAN SEWING KIT,6024.52,782,5478,0.03
FUNKY WASHING UP GLOVES ASSORTED,6023.26,783,2839,0.03
36 PENCILS TUBE RED RETROSPOT,6019.7,784,4761,0.03
KINGS CHOICE GIANT TUBE MATCHES,6018.75,785,2583,0.03
SET 12 KIDS COLOUR  CHALK STICKS,6013.14,786,14598,0.03
WOODLAND PARTY BAG + STICKER SET,6011.57,787,3660,0.03
COSY HOUR CIGAR BOX MATCHES,6003.08,788,3978,0.03
BREAD BIN DINER STYLE PINK,6001.0,789,373,0.03
SET OF 6 TEA TIME BAKING CASES,5985.55,790,4979,0.03
PACK OF 12 RED SPOTTY TISSUES,5981.81,791,22721,0.03
FINE WICKER HEART,5979.24,792,4795,0.03
SET/10 BLUE SPOTTY PARTY CANDLES,5966.95,793,4901,0.03
VINTAGE CHRISTMAS GIFT SACK,5964.15,794,1423,0.03
OVERNIGHT BAG VINTAGE ROSE PAISLEY,5959.53,795,1016,0.03
WALL ART BICYCLE SAFETY,5954.15,796,845,0.03
PACK OF 12 COLOURED PENCILS,5950.0,797,7423,0.03
RECYCLED ACAPULCO MAT TURQUOISE,5949.34,798,654,0.03
TEA BAG PLATE RED SPOTTY,5934.19,799,7126,0.03
RUSTIC  SEVENTEEN DRAWER SIDEBOARD,5910.0,800,38,0.03
PINK DRAWER KNOB ACRYLIC EDWARDIAN,5884.92,801,4353,0.03
BROWN CHECK CAT DOORSTOP,5883.33,802,1294,0.03
GREEN 3 PIECE POLKADOT CUTLERY SET,5874.71,803,1573,0.03
DINOSAUR LUNCH BOX WITH CUTLERY,5874.01,804,2399,0.03
PANTRY CHOPPING BOARD,5868.5,805,1154,0.03
CHARLIE AND LOLA FIGURES TINS,5865.04,806,2066,0.03
QUEENS GUARD COFFEE MUG,5849.29,807,2431,0.03
BOTANICAL GARDENS WALL CLOCK,5843.92,808,262,0.03
SET OF 4 JAM JAR MAGNETS,5842.88,809,2701,0.03
RIBBON REEL CHRISTMAS PRESENT,5840.43,810,3266,0.03
DOORMAT I LOVE LONDON,5839.41,811,881,0.03
CHOCOLATE CALCULATOR,5836.76,812,3338,0.03
PACK OF 6 SKULL PAPER PLATES,5820.1,813,7829,0.03
ROUND CAKE TIN VINTAGE GREEN,5811.87,814,745,0.03
6 CHOCOLATE LOVE HEART T-LIGHTS,5803.58,815,2778,0.03
DOORMAT CHRISTMAS VILLAGE,5784.67,816,895,0.03
GLASS HEART T-LIGHT HOLDER,5771.11,817,6711,0.03
3 PIECE SPACEBOY COOKIE CUTTER SET,5768.83,818,2761,0.03
FRYING PAN PINK POLKADOT,5750.95,819,1289,0.03
RED RETROSPOT WRAP,5736.42,820,14051,0.03
FAIRY CAKE BIRTHDAY CANDLE SET,5732.6,821,1560,0.03
TOADSTOOL MONEY BOX,5731.33,822,1875,0.03
GROW YOUR OWN BASIL IN ENAMEL MUG,5729.57,823,2644,0.03
GARLAND WOODEN HAPPY EASTER,5728.53,824,4244,0.03
SAVE THE PLANET COTTON TOTE BAG,5716.52,825,2556,0.03
LOVE GARLAND PAINTED ZINC,5698.89,826,3467,0.03
METAL SIGN EMPIRE TEA,5695.1,827,2889,0.03
LARGE CAKE STAND HANGING HEARTS,5691.41,828,733,0.03
DAIRY MAID TRADITIONAL TEAPOT,5680.15,829,899,0.03
RED SPOTTY BOWL,5660.19,830,4629,0.03
SPACEBOY GIFT WRAP,5656.14,831,13767,0.03
BAG 125g SWIRLY MARBLES,5646.47,832,14577,0.03
HEART DECORATION PAINTED ZINC,5644.77,833,8666,0.03
S/16 VINTAGE IVORY CUTLERY,5643.15,834,424,0.03
CREAM SWEETHEART EGG HOLDER,5624.5,835,1160,0.03
BUTTON BOX,5618.21,836,3031,0.03
RED RETROSPOT STORAGE JAR,5604.6,837,1395,0.03
SKULL AND CROSSBONES  GARLAND,5597.42,838,3601,0.03
SET OF 3 BABUSHKA STACKING TINS,5556.92,839,1102,0.03
LARGE RED SPOT WINDMILL,5554.92,840,2945,0.03
PEACE WOODEN BLOCK LETTERS,5543.87,841,896,0.03
CHILDREN'S APRON DOLLY GIRL,5542.95,842,2666,0.03
WALL ART BIG LOVE,5538.26,843,976,0.03
HEART DECORATION WITH PEARLS,5537.57,844,6156,0.03
GLASS STAR FROSTED T-LIGHT HOLDER,5534.17,845,1115,0.03
"KEY FOB , SHED",5529.14,846,8323,0.03
LARGE IVORY HEART WALL ORGANISER,5525.4,847,782,0.03
RED SPOTTY PLATE,5523.2,848,3350,0.03
TREASURE ISLAND BOOK BOX,5521.29,849,2532,0.03
SET OF 5 LUCKY CAT MAGNETS,5513.83,850,2633,0.03
FRENCH WC SIGN BLUE METAL,5510.57,851,4432,0.03
DOOR MAT UNION JACK GUNS AND ROSES,5510.39,852,797,0.03
SMALL HEART FLOWERS HOOK,5503.27,853,6495,0.03
LUNCH BAG PAISLEY PARK,5497.33,854,3385,0.03
CHINESE DRAGON PAPER LANTERNS,5487.31,855,15435,0.03
FANNY'S REST STOPMETAL SIGN,5479.44,856,2505,0.03
GLASS HONEYPOT WASP CATCHER,5473.82,857,2944,0.03
MILK PAN RED RETROSPOT,5469.51,858,1402,0.03
FAIRY CAKE CANDLES,5459.48,859,4012,0.03
SET OF 9 BLACK SKULL BALLOONS,5457.97,860,6514,0.03
WHITE JEWELLED HEART DECORATION,5451.49,861,6306,0.03
ORGANISER WOOD ANTIQUE WHITE,5450.43,862,656,0.03
PINK POLKADOT BOWL,5449.13,863,4208,0.03
RED GINGHAM TEDDY BEAR,5440.51,864,1877,0.03
36 PENCILS TUBE SKULLS,5438.57,865,4117,0.03
SET OF 3 CASES WOODLAND DESIGN,5435.91,866,942,0.03
WRAP ENGLISH ROSE,5435.4,867,13198,0.03
RED STAR CARD HOLDER,5431.4,868,2004,0.03
KEY CABINET MA CAMPAGNE,5430.59,869,662,0.03
CHRISTMAS GINGHAM HEART,5429.91,870,6396,0.03
CREAM SWEETHEART MAGAZINE RACK,5426.74,871,308,0.03
LARGE RED RETROSPOT WINDMILL,5426.06,872,2712,0.03
SMALL ZINC HEART WALL ORGANISER,5416.18,873,1541,0.03
CHARLOTTE BAG VINTAGE ALPHABET,5405.88,874,5457,0.03
VINTAGE BILLBOARD TEA MUG,5404.36,875,5099,0.03
KASHMIR FOLKART TUMBLERS,5394.54,876,2542,0.03
MAGIC DRAWING SLATE SPACEBOY,5393.83,877,12603,0.03
GROW YOUR OWN HERBS SET OF 3,5393.43,878,683,0.03
RED RETROSPOT CHILDRENS UMBRELLA,5380.27,879,1585,0.03
RETRO SPORT PARTY BAG + STICKER SET,5370.08,880,3444,0.03
SET OF THREE VINTAGE GIFT WRAPS,5367.01,881,2878,0.03
CAKE STAND LACE WHITE,5365.66,882,1232,0.03
ILLUSTRATED CAT BOWL,5362.2,883,1894,0.03
VINTAGE DOILY DELUXE SEWING KIT,5354.01,884,809,0.03
WOOLLY HAT SOCK GLOVE ADVENT STRING,5341.85,885,1737,0.03
RED RETROSPOT OVEN GLOVE DOUBLE,5334.06,886,1382,0.03
MINI CAKE STAND WITH HANGING CAKES,5332.25,887,3691,0.03
60 CAKE CASES DOLLY GIRL DESIGN,5314.12,888,10050,0.03
HOME SMALL WOOD LETTERS,5296.48,889,984,0.03
CHARLIE + LOLA BISCUITS TINS,5287.2,890,1358,0.03
RED SPOTTY PEG BAG,5282.89,891,2662,0.03
12 PENCILS SMALL TUBE RED SPOTTY,5278.03,892,8219,0.03
ANTIQUE GLASS PEDESTAL BOWL,5277.95,893,1300,0.03
TRAVEL CARD WALLET KEEP CALM,5262.82,894,12366,0.03
RED METAL BEACH SPADE,5250.3,895,4030,0.03
ALPHABET STENCIL CRAFT,5221.4,896,4570,0.03
EMPIRE UNION JACK TV DINNER TRAY,5218.61,897,1332,0.03
FLORAL FOLK STATIONERY SET,5216.88,898,2849,0.03
METAL SIGN HER DINNER IS SERVED,5207.73,899,1765,0.03
DOORMAT WELCOME SUNRISE,5198.6,900,758,0.03
SWALLOWS GREETING CARD,5197.84,901,12735,0.03
WATERING CAN GREEN DINOSAUR,5174.58,902,2772,0.03
COSY HOUR GIANT TUBE MATCHES,5173.05,903,2071,0.03
RETRO SPOT LAMP,5164.42,904,511,0.03
GLAMOROUS  MUG,5163.8,905,5092,0.03
TABLECLOTH RED APPLES DESIGN,5160.78,906,561,0.03
PURPLE DRAWERKNOB ACRYLIC EDWARDIAN,5160.03,907,3609,0.03
SET OF 3 WOODEN HEART DECORATIONS,5147.19,908,3863,0.03
CITRONELLA CANDLE FLOWERPOT,5145.44,909,2733,0.03
REGENCY TEA STRAINER,5143.69,910,1412,0.03
SET OF 6 NATIVITY MAGNETS,5143.06,911,2557,0.03
LARGE CERAMIC TOP STORAGE JAR,5141.06,912,3114,0.03
METAL SIGN NEIGHBOURHOOD WITCH,5140.82,913,2401,0.03
SMALL IVORY HEART WALL ORGANISER,5138.6,914,1020,0.03
ROCKING HORSE RED CHRISTMAS,5135.24,915,5780,0.03
ENAMEL WASH BOWL CREAM,5133.3,916,1333,0.03
TV DINNER TRAY DOLLY GIRL,5130.62,917,1093,0.03
SEWING BOX RETROSPOT DESIGN,5130.36,918,387,0.03
3 HOOK HANGER MAGIC GARDEN,5122.76,919,2732,0.03
RED SPOTS  WRAP,5115.5,920,12675,0.02
PENS ASSORTED FUNNY FACE,5107.54,921,12680,0.02
AIRLINE BAG VINTAGE JET SET RED,5099.84,922,1023,0.02
FOOT STOOL HOME SWEET HOME,5097.65,923,489,0.02
STRAWBERRY RAFFIA FOOD COVER,5095.63,924,1406,0.02
BISCUIT TIN VINTAGE CHRISTMAS,5079.78,925,1722,0.02
BISCUIT TIN VINTAGE RED,5078.03,926,781,0.02
SET OF 12 MINI LOAF BAKING CASES,5073.45,927,6134,0.02
36 PENCILS TUBE WOODLAND,5069.99,928,3792,0.02
WOODLAND DESIGN  COTTON TOTE BAG,5062.86,929,2205,0.02
PANTRY MAGNETIC  SHOPPING LIST,5062.6,930,3342,0.02
FELTCRAFT GIRL AMELIE KIT,5059.14,931,1007,0.02
SKULLS  WATER TRANSFER TATTOOS,5052.21,932,6064,0.02
DOORMAT FRIENDSHIP,5050.04,933,853,0.02
PINK OWL SOFT TOY,5033.51,934,1728,0.02
POLYESTER FILLER PAD 40x40cm,5032.95,935,3471,0.02
BLUE SAVANNAH PICNIC HAMPER FOR 2,5016.91,936,602,0.02
SET 3 PAPER VINTAGE CHICK PAPER EGG,5014.65,937,1775,0.02
VINTAGE CHRISTMAS TABLECLOTH,5012.96,938,407,0.02
PACK OF SIX LED TEA LIGHTS,5008.26,939,1752,0.02
CHOCOLATE BOX RIBBONS,5000.06,940,3944,0.02
VINTAGE BILLBOARD DRINK ME MUG,4998.32,941,4269,0.02
BUBBLEGUM RING ASSORTED,4997.28,942,12050,0.02
WALL ART KEEP CALM,4994.79,943,967,0.02
FIVE HEART HANGING DECORATION,4983.98,944,1583,0.02
ENGLISH ROSE DESIGN PEG BAG,4983.02,945,2384,0.02
DOCTOR'S BAG SOFT TOY,4961.33,946,545,0.02
PACK OF 6 HANDBAG GIFT BOXES,4955.75,947,1873,0.02
POTTING SHED TWINE,4944.04,948,2387,0.02
RETROSPOT LAMP,4938.96,949,464,0.02
LANDMARK FRAME COVENT GARDEN,4937.01,950,436,0.02
TRADITIONAL PICK UP STICKS GAME,4931.87,951,2772,0.02
SET OF 4 NAPKIN CHARMS CUTLERY,4911.72,952,1999,0.02
"HOOK, 5 HANGER ,MAGIC TOADSTOOL RED",4908.8,953,3152,0.02
SET/6 PURPLE BUTTERFLY T-LIGHTS,4898.4,954,2194,0.02
FRYING PAN RED POLKADOT,4890.14,955,1210,0.02
WASH BAG VINTAGE ROSE PAISLEY,4884.86,956,1889,0.02
CIRCUS PARADE BABY GIFT SET,4879.6,957,315,0.02
36 FOIL HEART CAKE CASES,4878.9,958,2494,0.02
HAND WARMER RED POLKA DOT,4876.2,959,2592,0.02
ROLL WRAP 50'S CHRISTMAS,4875.65,960,3535,0.02
SET/3 OCEAN SCENT CANDLE JEWEL BOX,4866.81,961,1085,0.02
PLAYING CARDS KEEP CALM & CARRY ON,4860.55,962,3643,0.02
PIZZA PLATE IN BOX,4840.59,963,1240,0.02
ASSTD DESIGN BUBBLE GUM RING,4824.3,964,22936,0.02
CHRISTMAS GINGHAM STAR,4823.9,965,5420,0.02
TEA PARTY BIRTHDAY CARD,4806.49,966,11297,0.02
LANDMARK FRAME OXFORD STREET,4805.53,967,422,0.02
"HOOK, 5 HANGER , MAGIC TOADSTOOL",4795.95,968,2982,0.02
RED SPOTTY CHILDS UMBRELLA,4791.04,969,1483,0.02
LANDMARK FRAME NOTTING HILL,4780.57,970,421,0.02
DAIRY MAID LARGE MILK JUG,4768.64,971,938,0.02
GROW YOUR OWN FLOWERS SET OF 3,4765.32,972,866,0.02
BULL DOG BOTTLE OPENER,4764.5,973,874,0.02
PARTY CONES CANDY ASSORTED,4759.59,974,3923,0.02
DOORMAT PEACE ON EARTH BLUE,4756.7,975,865,0.02
WOODLAND  HEIGHT CHART STICKERS,4752.83,976,1655,0.02
SET 12 RETRO WHITE CHALK STICKS,4751.06,977,11011,0.02
BLUE VINTAGE SPOT BEAKER,4747.62,978,5048,0.02
FRENCH BATHROOM SIGN BLUE METAL,4736.11,979,2850,0.02
MAGNETS PACK OF 4 CHILDHOOD MEMORY,4734.6,980,4040,0.02
BALLOON PUMP WITH 10 BALLOONS,4733.49,981,2547,0.02
CAMOUFLAGE DESIGN TEDDY,4722.56,982,2223,0.02
TRADTIONAL ALPHABET STAMP SET,4717.66,983,954,0.02
SPACEBOY TV DINNER TRAY,4716.83,984,966,0.02
RETROSPOT GIANT TUBE MATCHES,4713.6,985,2056,0.02
SET OF 5 PANCAKE DAY MAGNETS,4713.52,986,2293,0.02
COFFEE MUG PINK PAISLEY DESIGN,4711.53,987,2267,0.02
PORCELAIN BUTTERFLY OIL BURNER,4710.74,988,1515,0.02
LANDMARK FRAME LONDON BRIDGE,4703.87,989,415,0.02
SPACEBOY MINI BACKPACK,4697.54,990,1102,0.02
ABC TREASURE BOOK BOX,4693.08,991,2165,0.02
DOOR MAT BIRD ON THE WIRE,4691.77,992,667,0.02
COFFEE MUG BLUE PAISLEY DESIGN,4689.56,993,2380,0.02
STRAWBERRY BATH SPONGE,4687.65,994,3530,0.02
MONSTERS STENCIL CRAFT,4682.3,995,3978,0.02
RED SPOTTY CHILDS APRON,4678.23,996,2506,0.02
APPLE BATH SPONGE,4676.15,997,3459,0.02
SET OF 3 CAKE TINS SKETCHBOOK,4671.81,998,1020,0.02
TREASURE TIN GYMKHANA DESIGN,4669.55,999,2165,0.02
6 RIBBONS ELEGANT CHRISTMAS,4660.69,1000,3079,0.02
TOILET METAL SIGN,4649.0,1001,8399,0.02
TEA BAG PLATE RED RETROSPOT,4648.93,1002,5327,0.02
PINK  SPOTTY PLATE,4645.09,1003,2864,0.02
BLUE PAPER PARASOL,4644.13,1004,1670,0.02
RED SPOTTY APRON,4638.11,1005,794,0.02
HEART WOODEN CHRISTMAS DECORATION,4629.17,1006,5074,0.02
BALLOONS  WRITING SET,4612.63,1007,2441,0.02
BLUE POLKADOT BOWL,4611.89,1008,3616,0.02
PACK OF 6 SANDCASTLE FLAGS ASSORTED,4586.48,1009,5586,0.02
ANTIQUE TALL SWIRLGLASS TRINKET POT,4586.4,1010,1127,0.02
PINK VINTAGE SPOT BEAKER,4572.41,1011,4807,0.02
HOME SWEET HOME BLACKBOARD,4561.76,1012,1011,0.02
RED PAPER PARASOL,4559.65,1013,1596,0.02
"FEATHER PEN,HOT PINK",4556.5,1014,6671,0.02
S/4 BLUE ROUND DECOUPAGE BOXES,4552.69,1015,8312,0.02
CHRISTMAS RETROSPOT ANGEL WOOD,4547.19,1016,5250,0.02
MAKE YOUR OWN FLOWERPOWER CARD KIT,4542.5,1017,1502,0.02
CERAMIC CAKE DESIGN SPOTTED PLATE,4540.85,1018,2891,0.02
SET OF 12 ROSE BOTANICAL T-LIGHTS,4538.17,1019,1627,0.02
"FANCY FONT BIRTHDAY CARD,",4534.49,1020,10878,0.02
MODERN FLORAL STATIONERY SET,4530.54,1021,2453,0.02
PINK  HEART SHAPE LOVE BUCKET,4524.5,1022,1951,0.02
PACK OF 20 NAPKINS RED APPLES,4524.0,1023,5610,0.02
SET OF 3 HANGING OWLS OLLIE BEAK,4521.72,1024,3720,0.02
REGENCY SUGAR TONGS,4515.22,1025,1832,0.02
PARISIENNE CURIO CABINET,4507.08,1026,546,0.02
"TRAY, BREAKFAST IN BED",4506.89,1027,356,0.02
SET OF 60 I LOVE LONDON CAKE CASES,4495.85,1028,8275,0.02
POPPY'S PLAYHOUSE BATHROOM,4487.2,1029,2035,0.02
CHERRY BLOSSOM  DECORATIVE FLASK,4476.67,1030,1145,0.02
SMALL CERAMIC TOP STORAGE JAR,4476.01,1031,5847,0.02
SMALL RED RETROSPOT MUG IN BOX,4462.95,1032,1511,0.02
SET OF 16 VINTAGE PISTACHIO CUTLERY,4451.95,1033,375,0.02
GREEN VINTAGE SPOT BEAKER,4444.23,1034,4625,0.02
RIBBON REEL MAKING SNOWMEN,4439.28,1035,2467,0.02
BOOM BOX SPEAKER BOYS,4432.92,1036,884,0.02
UNION JACK FLAG PASSPORT COVER,4431.54,1037,1853,0.02
PIG KEYRING WITH LIGHT & SOUND,4430.82,1038,3912,0.02
WILLOW BRANCH LIGHTS.,4423.69,1039,725,0.02
CHARLIE+LOLA RED HOT WATER BOTTLE,4420.65,1040,1099,0.02
BLUE POLKADOT PLATE,4419.44,1041,2641,0.02
CHILDS APRON SPACEBOY DESIGN,4412.87,1042,2325,0.02
WALL ART ONLY ONE PERSON,4406.57,1043,1050,0.02
HEADS AND TAILS SPORTING FUN,4404.31,1044,3526,0.02
STAR WOODEN CHRISTMAS DECORATION,4403.83,1045,4907,0.02
PACK OF 12 SKULL TISSUES,4401.44,1046,15652,0.02
RETRO SPOT SMALL MILK JUG,4380.61,1047,1719,0.02
FANCY FONT HOME SWEET HOME DOORMAT,4378.65,1048,663,0.02
CHRISTMAS GINGHAM TREE,4377.33,1049,4791,0.02
CHRISTMAS HANGING STAR WITH BELL,4374.41,1050,6959,0.02
S/4 VALENTINE DECOUPAGE HEART BOX,4369.73,1051,2110,0.02
FRENCH ENAMEL CANDLEHOLDER,4363.28,1052,2032,0.02
FLAMINGO LIGHTS,4357.38,1053,904,0.02
PEG BAG APPLES DESIGN,4356.2,1054,1689,0.02
BOYS ALPHABET IRON ON PATCHES,4350.14,1055,20775,0.02
PINK SPOTTY BOWL,4348.93,1056,3566,0.02
SANDALWOOD FAN,4345.62,1057,5101,0.02
RETRO SPOT MUG,4343.01,1058,1481,0.02
ROLL WRAP VINTAGE CHRISTMAS,4342.6,1059,3221,0.02
VINTAGE UNION JACK SHOPPING BAG,4338.63,1060,907,0.02
LUNCH BOX WITH CUTLERY FAIRY CAKES,4320.21,1061,1588,0.02
CLASSIC CAFE SUGAR DISPENSER,4311.35,1062,3075,0.02
VINTAGE SEASIDE JIGSAW PUZZLES,4302.48,1063,1129,0.02
TEA TIME DES TEA COSY,4298.6,1064,1662,0.02
RED SPOTTY TABLECLOTH,4294.69,1065,393,0.02
ANTIQUE ALL GLASS CANDLESTICK,4293.7,1066,2297,0.02
SET/3 ROSE CANDLE IN JEWELLED BOX,4288.33,1067,933,0.02
RECYCLED ACAPULCO MAT GREEN,4286.55,1068,497,0.02
SANDWICH BATH SPONGE,4265.24,1069,3007,0.02
PINK  POLKADOT PLATE,4265.05,1070,2552,0.02
SET OF 6 HERB TINS SKETCHBOOK,4262.82,1071,1164,0.02
OCEAN SCENT CANDLE IN JEWELLED BOX,4258.97,1072,1559,0.02
OFFICE MUG WARMER POLKADOT,4254.05,1073,1233,0.02
36 PENCILS TUBE RED SPOTTY,4252.11,1074,3395,0.02
MAKE YOUR OWN MONSOON CARD KIT,4245.17,1075,1515,0.02
CERAMIC STRAWBERRY MONEY BOX,4244.41,1076,1607,0.02
12 PENCILS TALL TUBE SKULLS,4243.8,1077,4851,0.02
SET OF 2 TINS VINTAGE BATHROOM,4239.07,1078,929,0.02
VINTAGE BILLBOARD LOVE/HATE MUG,4224.63,1079,4066,0.02
TOAST ITS - I LOVE YOU,4218.05,1080,3452,0.02
GLASS BON BON JAR,4215.78,1081,2354,0.02
CHRISTMAS RETROSPOT STAR WOOD,4209.9,1082,4860,0.02
CHEST OF DRAWERS GINGHAM HEART,4205.56,1083,242,0.02
ASSORTED COLOUR T-LIGHT HOLDER,4199.27,1084,6041,0.02
ZINC T-LIGHT HOLDER STARS SMALL,4197.83,1085,5089,0.02
GLASS APOTHECARY BOTTLE PERFUME,4197.11,1086,1071,0.02
SET 20 NAPKINS FAIRY CAKES DESIGN,4193.68,1087,5167,0.02
FLOWER VINE RAFFIA FOOD COVER,4190.93,1088,1102,0.02
SWEETHEART CREAM STEEL FOLDIN BENCH,4189.5,1089,210,0.02
RETROSPOT RED WASHING UP GLOVES,4187.43,1090,1955,0.02
SET 12 LAVENDER  BOTANICAL T-LIGHTS,4186.29,1091,1499,0.02
MAGIC DRAWING SLATE DOLLY GIRL,4176.45,1092,9873,0.02
RED RETROSPOT CUP,4164.55,1093,4731,0.02
HALL CABINET WITH 3 DRAWERS,4163.54,1094,120,0.02
PARTY CONES CARNIVAL ASSORTED,4153.11,1095,3468,0.02
SET OF 16 VINTAGE ROSE CUTLERY,4152.17,1096,344,0.02
IVORY GIANT GARDEN THERMOMETER,4150.31,1097,680,0.02
ANTIQUE GLASS HEART DECORATION,4149.15,1098,2088,0.02
PARISIENNE KEY CABINET,4147.18,1099,700,0.02
ANTIQUE HEART SHELF UNIT,4145.47,1100,275,0.02
RETRO SPOTS BUTTER DISH,4142.87,1101,867,0.02
KINGS CHOICE CIGAR BOX MATCHES,4141.28,1102,3448,0.02
LOVE HEART POCKET WARMER,4139.56,1103,4438,0.02
DOORMAT VINTAGE LEAF,4122.2,1104,564,0.02
SMALL DOLLY MIX DESIGN ORANGE BOWL,4099.77,1105,6231,0.02
CHILDRENS CUTLERY CIRCUS PARADE,4097.22,1106,1014,0.02
UNION JACK HOT WATER BOTTLE,4089.09,1107,653,0.02
SET OF 6 T-LIGHTS TOADSTOOLS,4086.56,1108,1375,0.02
I LOVE LONDON BABY GIFT SET,4082.52,1109,263,0.02
GARDEN METAL SIGN,4080.85,1110,2546,0.02
BUFFALO BILL TREASURE BOOK BOX,4079.28,1111,1922,0.02
RED RETROSPOT APRON,4079.2,1112,679,0.02
LADYBIRD + BEE RAFFIA FOOD COVER,4077.82,1113,1056,0.02
12 PENCILS TALL TUBE WOODLAND,4069.16,1114,4718,0.02
"KEY FOB , BACK DOOR",4061.51,1115,6158,0.02
MOUSE TOY WITH PINK T-SHIRT,4051.94,1116,1057,0.02
HANGING FAIRY CAKE DECORATION,4049.4,1117,2164,0.02
EASTER TIN BUCKET,4039.63,1118,1554,0.02
SKULLS  STICKERS,4034.51,1119,4871,0.02
VINTAGE CHRISTMAS CAKE FRILL,4034.08,1120,2500,0.02
SET OF 4 NAPKIN CHARMS HEARTS,4021.12,1121,1651,0.02
EMPIRE DESIGN ROSETTE,4020.89,1122,4551,0.02
HEN HOUSE DECORATION,4017.74,1123,2465,0.02
CERAMIC PLATE STRAWBERRY DESIGN,4011.73,1124,3060,0.02
IVY HEART WREATH,4010.73,1125,553,0.02
HEART SHAPED HOLLY WREATH,3999.5,1126,950,0.02
RED SPOTTY CUP,3999.45,1127,4746,0.02
GREY FLORAL FELTCRAFT SHOULDER BAG,3997.34,1128,1055,0.02
"HOOK, 1 HANGER ,MAGIC GARDEN",3988.85,1129,4633,0.02
PACK OF 6 SKULL PAPER CUPS,3988.06,1130,6417,0.02
UNION JACK GUNS & ROSES  DOORMAT,3987.11,1131,765,0.02
TEA COSY VINTAGE UNION JACK,3984.99,1132,1001,0.02
SET OF 36 DOILIES PANTRY DESIGN,3983.6,1133,2741,0.02
CREAM FELT EASTER EGG BASKET,3982.91,1134,2327,0.02
"HOOK, 3 HANGER ,MAGIC GARDEN",3979.2,1135,2028,0.02
SPOTTY  HOME SWEET HOME DOORMAT,3978.34,1136,666,0.02
WRAP CHRISTMAS VILLAGE,3971.46,1137,9713,0.02
CHARLOTTE BAG PINK WITH WHITE SPOTS,3959.52,1138,4343,0.02
ASSORTED TUTTI FRUTTI SMALL PURSE,3956.48,1139,2940,0.02
BROCANTE COAT RACK,3942.62,1140,476,0.02
WALL ART DOG LICENCE,3939.76,1141,604,0.02
LANDMARK FRAME BAKER STREET,3930.27,1142,350,0.02
GLASS JAR KINGS CHOICE,3928.28,1143,1236,0.02
WHITE TALL PORCELAIN T-LIGHT HOLDER,3924.92,1144,1763,0.02
GARLAND WITH HEARTS AND BELLS,3917.49,1145,805,0.02
PANTRY SCRUBBING BRUSH,3910.01,1146,2363,0.02
SET 10 NIGHT OWL LIGHTS,3908.73,1147,505,0.02
GREEN METAL BOX ARMY SUPPLIES,3906.25,1148,467,0.02
POLYESTER FILLER PAD 45x45cm,3901.35,1149,2517,0.02
RECYCLED ACAPULCO MAT RED,3896.84,1150,456,0.02
OFFICE MUG WARMER CHOC+BLUE,3888.48,1151,1110,0.02
WHITE BELL HONEYCOMB PAPER,3885.64,1152,2167,0.02
"MIRROR, ARCHED GEORGIAN",3884.0,1153,200,0.02
BICYCLE PUNCTURE REPAIR KIT,3881.91,1154,1863,0.02
MULTICOLOUR SPRING FLOWER MUG,3881.33,1155,13665,0.02
PLEASE ONE PERSON  METAL SIGN,3868.07,1156,1867,0.02
ROSE SCENT CANDLE IN JEWELLED BOX,3864.87,1157,923,0.02
BLUE  SPOTTY PLATE,3859.63,1158,2404,0.02
SKULL DESIGN TV DINNER TRAY,3856.8,1159,769,0.02
CARDHOLDER GINGHAM CHRISTMAS TREE,3854.15,1160,1347,0.02
BISCUIT TIN VINTAGE GREEN,3851.76,1161,594,0.02
BIRDHOUSE GARDEN MARKER,3848.41,1162,2772,0.02
FELTCRAFT DOLL MARIA,3848.34,1163,1371,0.02
PENCIL CASE LIFE IS BEAUTIFUL,3842.66,1164,1251,0.02
12 IVORY ROSE PEG PLACE SETTINGS,3842.63,1165,2776,0.02
JOY WOODEN BLOCK LETTERS,3842.07,1166,799,0.02
PARISIENNE SEWING BOX,3839.24,1167,312,0.02
TOOL BOX SOFT TOY,3839.09,1168,386,0.02
SET/4 BLUE FLOWER CANDLES IN BOWL,3837.3,1169,2458,0.02
SET OF SALT AND PEPPER TOADSTOOLS,3835.71,1170,3123,0.02
VINTAGE RED TEATIME MUG,3830.67,1171,4763,0.02
GLASS CLOCHE SMALL,3828.66,1172,968,0.02
SET OF 4 FAIRY CAKE PLACEMATS,3824.85,1173,1269,0.02
GLASS CLOCHE LARGE,3821.82,1174,453,0.02
GYMKHANA TREASURE BOOK BOX,3815.53,1175,1715,0.02
S/4 PINK FLOWER CANDLES IN BOWL,3809.64,1176,2116,0.02
IVORY ENCHANTED FOREST PLACEMAT,3804.81,1177,2073,0.02
PINK DIAMANTE PEN IN GIFT BOX,3803.4,1178,1601,0.02
REX CASH+CARRY JUMBO SHOPPER,3801.9,1179,4002,0.02
"CHARLOTTE BAG , SUKI DESIGN",3796.59,1180,4406,0.02
CHARLIE AND LOLA CHARLOTTE BAG,3795.0,1181,2540,0.02
FLAG OF ST GEORGE CAR FLAG,3791.67,1182,1004,0.02
CAST IRON HOOK GARDEN FORK,3790.47,1183,1523,0.02
WHITE HANGING BEADS CANDLE HOLDER,3789.25,1184,717,0.02
16 PIECE CUTLERY SET PANTRY DESIGN,3785.06,1185,254,0.02
RED SPOTTY OVEN GLOVE,3778.37,1186,2816,0.02
POMPOM CURTAIN,3771.04,1187,750,0.02
STAR PORTABLE TABLE LIGHT,3767.08,1188,1288,0.02
ELEPHANT CARNIVAL POUFFE,3766.35,1189,195,0.02
FOOD COVER WITH BEADS SET 2,3761.63,1190,1009,0.02
GARLAND WITH STARS AND BELLS,3761.41,1191,815,0.02
UTILTY CABINET WITH HOOKS,3760.71,1192,181,0.02
DINOSAURS  WRITING SET,3760.66,1193,2082,0.02
DAIRY MAID STRIPE MUG,3758.41,1194,2521,0.02
LARGE ANTIQUE WHITE PHOTO FRAME,3757.78,1195,523,0.02
"KEY FOB , GARAGE DESIGN",3756.66,1196,5899,0.02
MINI JIGSAW SPACEBOY,3756.52,1197,9382,0.02
ENAMEL COLANDER CREAM,3754.4,1198,732,0.02
3D DOG PICTURE PLAYING CARDS,3753.28,1199,1280,0.02
ROMANTIC PINKS RIBBONS,3748.75,1200,2982,0.02
"CHARLOTTE BAG , PINK/WHITE SPOTS",3740.38,1201,4453,0.02
HEART GARLAND RUSTIC PADDED,3737.9,1202,1218,0.02
SET OF 3 BLUE STRIPE BASKET,3734.94,1203,441,0.02
3D VINTAGE CHRISTMAS STICKERS,3733.84,1204,2713,0.02
EMERGENCY FIRST AID TIN,3730.92,1205,2765,0.02
CINDERELLA CHANDELIER,3717.56,1206,221,0.02
WOODEN TREE CHRISTMAS SCANDINAVIAN,3715.68,1207,7056,0.02
RED SPOTTY OVEN GLOVE DOUBLE,3715.23,1208,1284,0.02
SET 3 WICKER STORAGE BASKETS,3712.3,1209,254,0.02
STORAGE TIN VINTAGE DOILY,3704.78,1210,1272,0.02
CINAMMON & ORANGE WREATH,3702.75,1211,1099,0.02
SKULLS AND CROSSBONES WRAP,3695.3,1212,9065,0.02
TOILET SIGN OCCUPIED OR VACANT,3688.21,1213,3741,0.02
MAGNETS PACK OF 4 SWALLOWS,3687.48,1214,4239,0.02
FLORAL ELEPHANT SOFT TOY,3682.76,1215,908,0.02
MISTLETOE HEART WREATH GREEN,3676.18,1216,882,0.02
GLASS APOTHECARY BOTTLE TONIC,3674.16,1217,924,0.02
FUSCHIA RETRO BAR STOOL,3672.35,1218,102,0.02
RIBBON REEL SPOTS DESIGN,3668.58,1219,2211,0.02
BLUE POLKADOT CUP,3658.27,1220,4191,0.02
CHALKBOARD KITCHEN ORGANISER,3656.86,1221,174,0.02
CHEST NATURAL WOOD 20 DRAWERS,3655.0,1222,32,0.02
RETRO SPOT  CIGAR BOX MATCHES,3652.0,1223,3104,0.02
SET/3 DECOUPAGE STACKING TINS,3646.83,1224,702,0.02
JAM JAR WITH PINK LID,3640.93,1225,4366,0.02
PINK HEART DOTS HOT WATER BOTTLE,3638.67,1226,1116,0.02
CARDHOLDER GINGHAM STAR,3626.78,1227,1317,0.02
SET OF 6 SNACK LOAF BAKING CASES,3607.81,1228,4392,0.02
SAVOY ART DECO CLOCK,3607.81,1229,410,0.02
LUNCHBOX WITH CUTLERY FAIRY CAKES,3597.68,1230,1451,0.02
DRAWER KNOB CRACKLE GLAZE IVORY,3595.38,1231,2154,0.02
RAIN PONCHO WITH RED SPOTS,3592.97,1232,4727,0.02
UNION JACK FLAG LUGGAGE TAG,3591.5,1233,2168,0.02
RED DRAWER KNOB ACRYLIC EDWARDIAN,3591.06,1234,2791,0.02
COWBOYS AND INDIANS BIRTHDAY CARD,3587.22,1235,8696,0.02
ANTIQUE SILVER BAUBLE LAMP,3583.23,1236,376,0.02
COLOURED GLASS STAR T-LIGHT HOLDER,3580.96,1237,1012,0.02
CLASSIC CHROME BICYCLE BELL,3578.62,1238,2498,0.02
CHRISTMAS METAL POSTCARD WITH BELLS,3577.99,1239,4870,0.02
RED RETRO BAR STOOL,3570.87,1240,101,0.02
"SWISS ROLL TOWEL, PINK  SPOTS",3570.57,1241,1516,0.02
WRAP RED APPLES,3564.76,1242,8678,0.02
PINK HAWAIIAN PICNIC HAMPER FOR 4,3560.09,1243,499,0.02
DINOSAUR PARTY BAG + STICKER SET,3552.36,1244,2230,0.02
CLASSIC FRENCH STYLE BASKET NATURAL,3552.09,1245,713,0.02
CHRISTMAS RETROSPOT TREE WOOD,3552.09,1246,4143,0.02
WHITE ROCKING HORSE HAND PAINTED,3551.53,1247,2849,0.02
BIRDS MOBILE VINTAGE DESIGN,3545.02,1248,598,0.02
IVORY WICKER HEART LARGE,3542.71,1249,2059,0.02
BOX OF 9 PEBBLE CANDLES,3540.22,1250,1777,0.02
SHOE SHINE BOX,3538.28,1251,290,0.02
NURSE'S BAG SOFT TOY,3538.0,1252,382,0.02
BLACK RETRO BAR STOOL,3533.9,1253,99,0.02
BUNDLE OF 3 RETRO NOTE BOOKS,3529.89,1254,2141,0.02
CHRISTMAS RETROSPOT HEART WOOD,3529.31,1255,4307,0.02
MINATURE COLOURED GARDENING SET,3527.42,1256,737,0.02
NO JUNK MAIL METAL SIGN,3517.9,1257,4284,0.02
ZINC HERB GARDEN CONTAINER,3516.64,1258,556,0.02
6 GIFT TAGS VINTAGE CHRISTMAS,3510.05,1259,4007,0.02
NEWSPAPER STAND,3508.3,1260,311,0.02
SET OF 12 FORK CANDLES,3507.51,1261,1249,0.02
TOTE BAG I LOVE LONDON,3506.56,1262,1716,0.02
SILVER CHRISTMAS TREE BAUBLE STAND,3505.58,1263,206,0.02
BLUE POLKADOT WRAP,3504.84,1264,8702,0.02
6 RIBBONS EMPIRE,3490.19,1265,2353,0.02
POLKA DOT RAFFIA FOOD COVER,3482.01,1266,1165,0.02
LUNCHBOX WITH CUTLERY RETROSPOT,3481.89,1267,1412,0.02
RED FLOWER CROCHET FOOD COVER,3479.79,1268,927,0.02
"RUSTIC WOODEN CABINET, GLASS DOORS",3462.49,1269,183,0.02
TEA COSY RED  STRIPE,3459.08,1270,1331,0.02
BLUE SPOTTY BOWL,3455.94,1271,2849,0.02
STRAWBERRY LUNCHBOX WITH CUTLERY,3454.09,1272,1448,0.02
METAL SHELF WITH RAIL,3451.82,1273,378,0.02
ROLL WRAP VINTAGE SPOT,3445.08,1274,2712,0.02
METAL SIGN DROP YOUR PANTS,3444.43,1275,1275,0.02
SET OF 4 ENGLISH ROSE COASTERS,3439.84,1276,2477,0.02
6 GIFT TAGS 50'S CHRISTMAS,3429.4,1277,3740,0.02
MAGIC DRAWING SLATE CIRCUS PARADE,3427.12,1278,7944,0.02
SET OF 5 MINI GROCERY MAGNETS,3423.29,1279,1665,0.02
FELTCRAFT GIRL NICOLE KIT,3422.4,1280,668,0.02
DOOR MAT FRIENDSHIP,3420.24,1281,468,0.02
GLASS APOTHECARY BOTTLE ELIXIR,3419.58,1282,856,0.02
WOODLAND MINI BACKPACK,3411.34,1283,816,0.02
LARGE WHITE HONEYCOMB PAPER BELL,3408.61,1284,1479,0.02
"KEY FOB , FRONT  DOOR",3408.03,1285,5359,0.02
PEACE SMALL WOOD LETTERS,3407.72,1286,468,0.02
PINK AND LILAC QUILTED THROW,3402.32,1287,87,0.02
TEA TIME TEA SET IN GIFT BOX,3401.15,1288,481,0.02
BALLOON WATER BOMB PACK OF 35,3399.41,1289,8523,0.02
12 PENCILS TALL TUBE RED RETROSPOT,3395.02,1290,3922,0.02
CERAMIC STRWBERRY DESIGN MUG,3393.1,1291,2347,0.02
CAST IRON HOOK GARDEN TROWEL,3389.74,1292,1378,0.02
SQUARE MIRROR CURTAIN,3381.62,1293,347,0.02
ENAMEL FIRE BUCKET CREAM,3379.67,1294,459,0.02
SKULLS WRITING SET,3378.51,1295,1926,0.02
S/16 VINTAGE RED CUTLERY,3375.25,1296,288,0.02
VINTAGE  2 METRE FOLDING RULER,3374.05,1297,1627,0.02
LOVE HEART NAPKIN BOX,3373.22,1298,758,0.02
SWEETHEART 3 TIER CAKE STAND,3371.58,1299,284,0.02
CAMOFLAGE DESIGN TEDDY,3368.92,1300,1586,0.02
CREAM WALL PLANTER HEART SHAPED,3367.35,1301,581,0.02
DOOR MAT AIRMAIL,3366.71,1302,455,0.02
SET OF 72 SKULL PAPER  DOILIES,3365.64,1303,2405,0.02
CAKE PLATE LOVEBIRD PINK,3359.66,1304,726,0.02
WATERING CAN GARDEN MARKER,3356.74,1305,2414,0.02
SET OF 4 KNICK KNACK TINS POPPIES,3353.84,1306,842,0.02
EMPIRE GIFT WRAP,3351.0,1307,8250,0.02
"WALL MIRROR , DIAMANTE OVAL SHAPE",3331.91,1308,425,0.02
SET 12 KIDS  WHITE CHALK STICKS,3324.22,1309,8010,0.02
LOVE HEART SOCK HANGER,3322.22,1310,1989,0.02
MAGIC DRAWING SLATE PURDEY,3314.08,1311,8443,0.02
LARGE DECO JEWELLERY STAND,3302.44,1312,263,0.02
SET OF 4 DIAMOND NAPKIN RINGS,3300.76,1313,422,0.02
PINK POLKADOT WRAP,3298.5,1314,8125,0.02
BLUE OWL SOFT TOY,3297.93,1315,1088,0.02
CAKE STAND VICTORIAN FILIGREE MED,3297.25,1316,586,0.02
PINK PADDED MOBILE,3296.7,1317,782,0.02
PINK  POLKADOT CUP,3292.9,1318,3685,0.02
PINK SPOTTY CHILDS UMBRELLA,3292.86,1319,1000,0.02
SET OF 2 FANCY FONT TEA TOWELS,3290.08,1320,1095,0.02
BLACK AND WHITE PAISLEY FLOWER MUG,3288.65,1321,25707,0.02
EASTER TREE YELLOW BIRDS,3285.86,1322,511,0.02
CHARLIE LOLA BLUE HOT WATER BOTTLE,3279.66,1323,840,0.02
CUPBOARD 3 DRAWER MA CAMPAGNE,3276.62,1324,204,0.02
SET OF 60 VINTAGE LEAF CAKE CASES,3272.61,1325,6139,0.02
SET 3 SONG BIRD PAPER EGGS ASSORTED,3271.41,1326,1171,0.02
SWEETHEART WIRE MAGAZINE RACK,3271.35,1327,389,0.02
HEART SHAPED MIRROR,3266.4,1328,1990,0.02
CHERRY CROCHET FOOD COVER,3263.75,1329,1025,0.02
BELLE JARDINIERE CUSHION COVER,3257.08,1330,748,0.02
RECYCLED ACAPULCO MAT PINK,3254.32,1331,364,0.02
STRING OF 20 ROSE LIGHTS,3248.94,1332,273,0.02
CERAMIC STRAWBERRY DESIGN MUG,3245.93,1333,2593,0.02
FAIRY SOAP SOAP HOLDER,3244.14,1334,1936,0.02
SMALL MARSHMALLOWS PINK BOWL,3243.32,1335,4739,0.02
LIPSTICK PEN RED,3242.59,1336,6847,0.02
DINOSAUR KEYRINGS ASSORTED,3242.18,1337,15035,0.02
FLUTED ANTIQUE CANDLE HOLDER,3241.13,1338,3489,0.02
3D TRADITIONAL CHRISTMAS STICKERS,3238.49,1339,2461,0.02
WHITE BAMBOO RIBS LAMPSHADE,3234.97,1340,3712,0.02
RECYCLED ACAPULCO MAT BLUE,3223.49,1341,365,0.02
JAZZ HEARTS PURSE NOTEBOOK,3220.4,1342,6151,0.02
WRAP ALPHABET DESIGN,3217.92,1343,7976,0.02
RED HANGING METAL STAR TLIGHT HLDR,3214.57,1344,925,0.02
SWEETHEART CREAM STEEL TABLE RECT,3212.16,1345,157,0.02
BLACK DINER WALL CLOCK,3212.1,1346,373,0.02
WHITE SWEETHEARTS CABINET 4 DRAWERS,3210.04,1347,251,0.02
GREEN CHERRY LIGHTS,3209.36,1348,532,0.02
HOME SWEET HOME CUSHION COVER,3207.91,1349,801,0.02
BLACK WINE GLASS,3196.01,1350,3653,0.02
PACK OF 12 PINK SPOT TISSUES,3194.19,1351,8317,0.02
CLASSIC WHITE FRAME,3192.09,1352,1057,0.02
"SWISS ROLL TOWEL, CHOCOLATE  SPOTS",3187.16,1353,1379,0.02
ASSORTED CREEPY CRAWLIES,3185.6,1354,7658,0.02
TRIANGULAR POUFFE VINTAGE,3185.28,1355,164,0.02
RETRO SPOT SMALL TUBE MATCHES,3183.45,1356,2005,0.02
CABIN BAG VINTAGE PAISLEY,3178.02,1357,141,0.02
S/16 VINTAGE PISTACHIO CUTLERY,3177.3,1358,262,0.02
SET OF 6 FUNKY BEAKERS,3169.39,1359,932,0.02
SOAP DISH BROCANTE,3166.61,1360,1107,0.02
RED/WHITE SPOT PICNIC BAG,3164.59,1361,1125,0.02
SET OF 6 STRAWBERRY CHOPSTICKS,3164.18,1362,2598,0.02
3 TRADITIONAl BISCUIT CUTTERS  SET,3162.64,1363,1488,0.02
MINT DINER WALL CLOCK,3159.41,1364,371,0.02
BLACK AND WHITE CAT BOWL,3156.32,1365,1589,0.02
BLACK AND WHITE DOG BOWL,3155.4,1366,1384,0.02
SET OF 6 KASHMIR FOLKART BAUBLES,3153.88,1367,1135,0.02
GIN & TONIC DIET GREETING CARD,3149.93,1368,7356,0.02
DRAWER KNOB CERAMIC IVORY,3147.79,1369,2155,0.02
WHITE WICKER STAR,3146.78,1370,1469,0.02
OFFICE MUG WARMER PINK,3146.07,1371,985,0.02
BAG 500g SWIRLY MARBLES,3145.71,1372,2534,0.02
PINK  SPOTTY CUP,3145.49,1373,3684,0.02
PINK SPOTS  WRAP,3144.5,1374,7825,0.02
GREEN DRAWER KNOB ACRYLIC EDWARDIAN,3141.11,1375,2368,0.02
MOBILE VINTAGE HEARTS,3139.99,1376,699,0.02
GLITTER HEART GARLAND WITH BELLS,3132.39,1377,795,0.02
KITCHEN METAL SIGN,3129.24,1378,5595,0.02
LADS ONLY TISSUE BOX,3123.03,1379,2978,0.02
SPACEBOY BEAKER,3112.34,1380,2628,0.02
EUCALYPTUS & PINECONE  WREATH,3110.28,1381,880,0.02
SALLE DE BAIN HOOK,3109.83,1382,2348,0.02
MONEY BOX KINGS CHOICE DESIGN,3104.35,1383,2451,0.02
TEA FOR ONE POLKADOT,3103.7,1384,644,0.02
5 HOOK BLACKBOARD ORGANISER,3101.46,1385,325,0.02
CHILDREN'S SPACEBOY MUG,3100.94,1386,1810,0.02
ENGLISH ROSE GARDEN SECATEURS,3096.08,1387,2654,0.02
ROCKING HORSE GREEN CHRISTMAS,3087.18,1388,3439,0.02
PORCELAIN T-LIGHT HOLDERS ASSORTED,3083.82,1389,2338,0.02
TEATIME CAKE TIN WITH HANDLE,3083.2,1390,284,0.02
"FOLDING UMBRELLA , BLACK/BLUE  SPOT",3077.01,1391,775,0.02
CHERRY BLOSSOM DECORATIVE FLASK,3076.92,1392,808,0.02
HANGING METAL BIRD BATH,3076.39,1393,371,0.02
PIZZA SLICE DISH,3074.18,1394,2680,0.02
VINTAGE  2 METER FOLDING RULER,3073.72,1395,1844,0.02
AIRLINE BAG VINTAGE WORLD CHAMPION,3073.43,1396,604,0.02
ANGEL DECORATION 3 BUTTONS,3073.32,1397,7114,0.02
GREEN ROSE WASHBAG,3072.64,1398,1125,0.02
TV DINNER TRAY VINTAGE PAISLEY,3070.92,1399,811,0.01
LARGE RED BABUSHKA NOTEBOOK,3070.18,1400,2696,0.01
STRAWBERRY HONEYCOMB  GARLAND,3067.9,1401,2155,0.01
RED RETROSPOT PUDDING BOWL,3065.45,1402,711,0.01
JAM JAR WITH GREEN LID,3060.43,1403,3670,0.01
HEART CALCULATOR,3047.99,1404,2370,0.01
BOX OF 6 ASSORTED COLOUR TEASPOONS,3047.91,1405,701,0.01
SPOTTY PINK DUCK DOORSTOP,3045.31,1406,703,0.01
SMALL RED BABUSHKA NOTEBOOK,3044.86,1407,3924,0.01
SWEETHEART BIRD HOUSE,3041.21,1408,847,0.01
DECORATIVE WICKER HEART LARGE,3038.19,1409,1767,0.01
WOOD STAMP SET THANK YOU,3036.95,1410,2366,0.01
ROBOT BIRTHDAY CARD,3035.7,1411,7054,0.01
RETRO SPOT GIANT  TUBE MATCHES,3034.95,1412,1295,0.01
PURPLE PAPER PARASOL,3027.26,1413,967,0.01
TREASURE TIN BUFFALO BILL,3024.63,1414,1470,0.01
SET OF 4 KNICK KNACK TINS LEAF,3020.61,1415,747,0.01
CHOC TRUFFLE GOLD TRINKET POT,3019.32,1416,1855,0.01
VINTAGE UNION JACK PENNANT,3017.07,1417,1496,0.01
"DOG BOWL , CHASING BALL DESIGN",3014.3,1418,754,0.01
MAGNETS PACK OF 4 VINTAGE COLLAGE,3012.78,1419,3431,0.01
PINK ROSE WASHBAG,3012.0,1420,1096,0.01
MILK PAN PINK RETROSPOT,3011.24,1421,743,0.01
BLUE DRAWER KNOB ACRYLIC EDWARDIAN,3008.82,1422,2207,0.01
DOILEY STORAGE TIN,3004.46,1423,1094,0.01
CARD DOLLY GIRL,3002.42,1424,7295,0.01
SMALL PURPLE BABUSHKA NOTEBOOK,2997.63,1425,3776,0.01
DOLLY GIRL MINI BACKPACK,2992.39,1426,739,0.01
RED LOVE HEART SHAPE CUP,2989.81,1427,3345,0.01
BLUE GIANT GARDEN THERMOMETER,2989.52,1428,488,0.01
"ELEPHANT, BIRTHDAY CARD,",2980.63,1429,7113,0.01
TOAST ITS - BEST MUM,2979.46,1430,2476,0.01
AIRLINE BAG VINTAGE JET SET BROWN,2969.29,1431,590,0.01
CHILDS GARDEN BRUSH PINK,2968.77,1432,1425,0.01
"FOLDING UMBRELLA , RED/WHITE SPOT",2962.82,1433,916,0.01
CALENDAR IN SEASON DESIGN,2957.17,1434,1077,0.01
FRENCH TOILET SIGN BLUE METAL,2956.33,1435,2377,0.01
TOY TIDY DOLLY GIRL DESIGN,2954.19,1436,1429,0.01
CARD MOTORBIKE SANTA,2950.93,1437,6856,0.01
GREEN GIANT GARDEN THERMOMETER,2948.57,1438,468,0.01
RED ROCKING HORSE HAND PAINTED,2930.57,1439,2329,0.01
SMALL WHITE RETROSPOT MUG IN BOX,2929.75,1440,1147,0.01
BRIGHT BLUES RIBBONS,2927.88,1441,2332,0.01
COSMETIC BAG VINTAGE ROSE PAISLEY,2927.49,1442,1400,0.01
SET OF 6 CAKE CHOPSTICKS,2921.36,1443,2293,0.01
SET OF 72 IVORY PAPER DOILIES,2920.82,1444,2006,0.01
COTTON APRON PANTRY DESIGN,2917.43,1445,633,0.01
RETROSPOT CIGAR BOX MATCHES,2900.46,1446,2772,0.01
CHILDS GARDEN BRUSH BLUE,2899.8,1447,1398,0.01
SPACEBOY CHILDRENS BOWL,2890.35,1448,2430,0.01
CAKE STAND VICTORIAN FILIGREE LARGE,2887.07,1449,389,0.01
RETROSPOT SMALL TUBE MATCHES,2886.6,1450,1764,0.01
DOLLY GIRL BEAKER,2886.25,1451,2451,0.01
36 FOIL STAR CAKE CASES,2885.26,1452,1448,0.01
SET OF 6 T-LIGHTS CACTI,2884.13,1453,1021,0.01
PINK FAIRY CAKE CUSHION COVER,2883.31,1454,1284,0.01
DOORMAT VINTAGE LEAVES DESIGN,2881.18,1455,430,0.01
FLOWERS CHANDELIER T-LIGHT HOLDER,2879.37,1456,960,0.01
BLUE  SPOTTY CUP,2877.47,1457,3390,0.01
RED ENCHANTED FOREST PLACEMAT,2875.7,1458,1364,0.01
PINK FLOWER CROCHET FOOD COVER,2875.64,1459,793,0.01
GLITTER STAR GARLAND WITH BELLS,2866.6,1460,713,0.01
TEA CUP AND SAUCER RETRO SPOT,2866.34,1461,700,0.01
CHARLIE AND LOLA TABLE TINS,2863.37,1462,929,0.01
RED TEA TOWEL CLASSIC DESIGN,2863.06,1463,2368,0.01
WOODLAND STORAGE BOX LARGE,2861.64,1464,955,0.01
STOOL HOME SWEET HOME,2860.58,1465,237,0.01
RETRO SPOT STORAGE JAR,2853.29,1466,729,0.01
WOOD STOCKING CHRISTMAS SCANDISPOT,2852.63,1467,3565,0.01
PLAYING CARDS JUBILEE UNION JACK,2848.89,1468,1927,0.01
BAKING MOULD HEART MILK CHOCOLATE,2846.8,1469,1108,0.01
HEART WREATH DECORATION WITH BELL,2845.89,1470,2284,0.01
HANGING MEDINA LANTERN SMALL,2845.71,1471,1014,0.01
SILVER PLATE CANDLE BOWL SMALL,2845.65,1472,912,0.01
RIBBON REEL POLKADOTS,2843.86,1473,1676,0.01
SILK PURSE BABUSHKA PINK,2843.83,1474,863,0.01
BASKET OF TOADSTOOLS,2837.54,1475,2259,0.01
SWALLOW WOODEN CHRISTMAS DECORATION,2835.08,1476,3132,0.01
"DECORATION HEN ON NEST, HANGING",2829.19,1477,1877,0.01
3D CHRISTMAS STAMPS STICKERS,2828.62,1478,2018,0.01
WRAP I LOVE LONDON,2821.28,1479,7184,0.01
T-LIGHT HOLDER HANGING LACE,2814.81,1480,2374,0.01
FRENCH LAUNDRY SIGN BLUE METAL,2811.34,1481,1688,0.01
VINTAGE KID DOLLY CARD,2808.62,1482,6716,0.01
HAND OPEN SHAPE DECO.WHITE,2806.69,1483,883,0.01
MEASURING TAPE BABUSHKA PINK,2806.4,1484,1089,0.01
PINK PAISLEY QUILT,2797.55,1485,209,0.01
CHILDRENS DOLLY GIRL MUG,2795.81,1486,1636,0.01
WICKER WREATH LARGE,2790.83,1487,1415,0.01
JOY LARGE WOOD LETTERS,2790.41,1488,441,0.01
MIRROR MOSAIC VOTIVE HOLDER,2790.27,1489,1909,0.01
SMALL HANGING IVORY/RED WOOD BIRD,2789.28,1490,6022,0.01
36 DOILIES DOLLY GIRL,2788.53,1491,1965,0.01
TOMATO CHARLIE+LOLA COASTER SET,2788.45,1492,1200,0.01
SET OF 3 RED STRIPE BASKETS,2782.19,1493,324,0.01
METAL MEDINA LANTERN,2773.11,1494,298,0.01
3D HEARTS  HONEYCOMB PAPER GARLAND,2771.34,1495,912,0.01
LARGE MEDINA STAMPED METAL BOWL,2767.59,1496,559,0.01
DOOR MAT RESPECTABLE HOUSE,2765.69,1497,379,0.01
5 HOOK HANGER MAGIC TOADSTOOL,2763.96,1498,1774,0.01
BUNDLE OF 3 SCHOOL EXERCISE BOOKS,2761.9,1499,1702,0.01
RIBBON REEL FLORA + FAUNA,2761.04,1500,1559,0.01
MEDIUM MEDINA STAMPED METAL BOWL,2757.47,1501,936,0.01
WALL ART 70'S ALPHABET,2757.06,1502,356,0.01
FRENCH KITCHEN SIGN BLUE METAL,2754.95,1503,2227,0.01
ICE CREAM DESIGN GARDEN PARASOL,2753.72,1504,470,0.01
CHRISTMAS CRAFT HEART STOCKING,2752.66,1505,1306,0.01
OCEAN STRIPE HAMMOCK,2752.59,1506,325,0.01
"FEATHER PEN,COAL BLACK",2752.33,1507,4269,0.01
SINGLE ANTIQUE ROSE HOOK IVORY,2752.2,1508,1868,0.01
SET OF 12  VINTAGE POSTCARD SET,2750.0,1509,2908,0.01
200 RED + WHITE BENDY STRAWS,2749.51,1510,2136,0.01
CHILDRENS GARDEN GLOVES PINK,2748.79,1511,1946,0.01
SET OF 3 WOODEN STOCKING DECORATION,2743.82,1512,2053,0.01
PINK DINER WALL CLOCK,2741.35,1513,307,0.01
BLUE TEA TOWEL CLASSIC DESIGN,2739.43,1514,2319,0.01
SILVER BELLS TABLE DECORATION,2739.38,1515,2166,0.01
HEART DECORATION RUSTIC HANGING,2738.28,1516,6726,0.01
CHARLIE & LOLA WASTEPAPER BIN FLORA,2731.76,1517,1725,0.01
LOVE HEART TRINKET POT,2729.16,1518,3435,0.01
KIDS RAIN MAC BLUE,2725.09,1519,3375,0.01
OVAL WALL MIRROR DIAMANTE,2724.42,1520,265,0.01
WRAP SUKI AND FRIENDS,2721.92,1521,6676,0.01
GENTLEMAN SHIRT REPAIR KIT,2720.86,1522,3175,0.01
CARD CHRISTMAS VILLAGE,2720.86,1523,6290,0.01
BLUE COAT RACK PARIS FASHION,2720.66,1524,570,0.01
SET/3 FLORAL GARDEN TOOLS IN BAG,2719.38,1525,344,0.01
REGENCY CAKE SLICE,2718.65,1526,578,0.01
CERAMIC PIRATE CHEST MONEY BANK,2717.88,1527,1786,0.01
"CHRISTMAS GARLAND STARS,TREES",2715.53,1528,1001,0.01
HANGING PHOTO CLIP ROPE LADDER,2713.98,1529,1638,0.01
CHILDRENS GARDEN GLOVES BLUE,2713.23,1530,1925,0.01
JIGSAW TREE WITH BIRDHOUSE,2712.48,1531,2135,0.01
SET/6 FRUIT SALAD  PAPER PLATES,2711.71,1532,15919,0.01
ROSE 3 WICK MORRIS BOX CANDLE,2710.79,1533,1358,0.01
SET OF 2 TRAYS HOME SWEET HOME,2709.43,1534,265,0.01
SNOWFLAKE PORTABLE TABLE LIGHT,2697.16,1535,898,0.01
SUNSET CHECK HAMMOCK,2696.81,1536,317,0.01
IVORY WICKER HEART MEDIUM,2695.45,1537,2089,0.01
RECIPE BOX RETRO SPOT DESIGN,2694.65,1538,959,0.01
SET/4 SKULL BADGES,2691.91,1539,2171,0.01
DAISY GARDEN MARKER,2691.19,1540,1939,0.01
SET OF 3 WOODEN SLEIGH DECORATIONS,2690.81,1541,1963,0.01
S/16 VINTAGE BLACK CUTLERY,2687.41,1542,229,0.01
12 COLOURED PARTY BALLOONS,2687.05,1543,4215,0.01
DAISIES  HONEYCOMB GARLAND,2682.99,1544,1608,0.01
SET OF 2 ROUND TINS CAMEMBERT,2682.32,1545,940,0.01
DIAMANTE RING ASSORTED IN BOX.,2675.88,1546,1804,0.01
STAR DECORATION RUSTIC,2671.81,1547,5925,0.01
PACK OF 12 RED RETROSPOT TISSUES,2668.33,1548,8616,0.01
PENNY FARTHING BIRTHDAY CARD,2665.13,1549,6344,0.01
LUSH GREENS RIBBONS,2663.24,1550,2130,0.01
RED/CREAM STRIPE FRINGE HAMMOCK,2662.64,1551,337,0.01
LARGE CAKE TOWEL CHOCOLATE SPOTS,2661.67,1552,925,0.01
SMALL HAMMERED SILVER CANDLEPOT,2648.62,1553,871,0.01
SET OF 2 TINS JARDIN DE PROVENCE,2647.31,1554,580,0.01
LARGE ROUND WICKER PLATTER,2647.28,1555,437,0.01
TRIPLE HOOK ANTIQUE IVORY ROSE,2645.26,1556,798,0.01
PLACE SETTING WHITE STAR,2642.28,1557,6241,0.01
POTTING SHED CANDLE CITRONELLA,2641.36,1558,866,0.01
N0 SINGING METAL SIGN,2639.42,1559,1225,0.01
HAPPY EASTER HANGING DECORATION,2638.67,1560,685,0.01
S/15 SILVER GLASS BAUBLES IN BAG,2634.59,1561,2083,0.01
BABY BOOM RIBBONS,2634.0,1562,2110,0.01
EASTER CRAFT IVY WREATH WITH CHICK,2633.13,1563,1413,0.01
AIRLINE BAG VINTAGE JET SET WHITE,2632.18,1564,529,0.01
MAGIC SHEEP WOOL GROWING FROM PAPER,2628.47,1565,1838,0.01
TEATIME FUNKY FLOWER BACKPACK FOR 2,2620.01,1566,235,0.01
PORCELAIN ROSE SMALL,2619.17,1567,3160,0.01
LARGE PURPLE BABUSHKA NOTEBOOK,2618.35,1568,2437,0.01
HOT BATHS SOAP HOLDER,2618.27,1569,1558,0.01
CARD I LOVE LONDON,2616.12,1570,6084,0.01
3 WHITE CHOC MORRIS BOXED CANDLES,2614.93,1571,1184,0.01
4 IVORY DINNER CANDLES SILVER FLOCK,2613.82,1572,1388,0.01
TEA PARTY  WRAPPING PAPER,2613.5,1573,6375,0.01
SET OF 6 3D KIT CARDS FOR KIDS,2605.75,1574,2848,0.01
RECYCLED ACAPULCO MAT LAVENDER,2604.93,1575,295,0.01
3 ROSE MORRIS BOXED CANDLES,2604.15,1576,1314,0.01
VINTAGE LEAF MAGNETIC NOTEPAD,2601.15,1577,1707,0.01
IVORY PILLAR CANDLE SILVER FLOCK,2600.64,1578,1232,0.01
TEA TIME MUG IN GIFT BOX,2599.79,1579,868,0.01
6 ROCKET BALLOONS,2599.01,1580,3891,0.01
LOCAL CAFE MUG,2591.67,1581,1400,0.01
CARNIVAL BRACELET,2591.42,1582,204,0.01
FRYING PAN RED RETROSPOT,2590.21,1583,617,0.01
CHOCOLATE 3 WICK MORRIS BOX CANDLE,2590.11,1584,992,0.01
BAKING MOULD EASTER EGG MILK CHOC,2585.92,1585,940,0.01
SWALLOW GIANT TUBE MATCHES,2583.45,1586,1119,0.01
SWEETHEART WIRE WALL TIDY,2581.22,1587,252,0.01
ASSORTED TUTTI FRUTTI PEN,2575.18,1588,4413,0.01
STOP FOR TEA WALL ART,2572.7,1589,518,0.01
BOMBS AWAY METAL SIGN,2569.66,1590,1210,0.01
TV DINNER TRAY AIR HOSTESS,2568.76,1591,627,0.01
GLASS ETCHED T-LIGHT HOLDER LARGE,2565.67,1592,1246,0.01
REGENCY MIRROR WITH SHUTTERS,2565.0,1593,17,0.01
SPACEBOY CHILDRENS CUP,2557.57,1594,2050,0.01
STRIPEY CHOCOLATE NESTING BOXES,2557.47,1595,982,0.01
APRON APPLE DELIGHT,2556.66,1596,516,0.01
BLUE SPOTS  WRAP,2555.0,1597,6350,0.01
WATERMELON BATH SPONGE,2550.84,1598,1900,0.01
"METAL SIGN,CUPCAKE SINGLE HOOK",2548.05,1599,2188,0.01
RIBBON REEL SOCKS AND MITTENS,2541.38,1600,1434,0.01
POTTING SHED ROSE CANDLE,2538.81,1601,827,0.01
S/16 VINTAGE ROSE CUTLERY,2536.73,1602,191,0.01
MISTLETOE HEART WREATH CREAM,2535.48,1603,624,0.01
BLUE RETRO BAR STOOL,2535.1,1604,69,0.01
IVORY PAPER CUP CAKE CASES,2533.88,1605,4349,0.01
"POPCORN HOLDER , SMALL",2531.64,1606,3189,0.01
SET OF 16 VINTAGE SKY BLUE CUTLERY,2530.33,1607,216,0.01
BUTTERFLIES  HONEYCOMB GARLAND,2527.0,1608,1539,0.01
LUNCH BAG RED VINTAGE DOILY,2525.04,1609,1576,0.01
SILK PURSE BABUSHKA RED,2521.72,1610,734,0.01
HOME GARLAND PAINTED ZINC,2521.25,1611,1817,0.01
CAT BOWL,2521.24,1612,946,0.01
WHITE TISSUE REAM,2520.15,1613,317,0.01
CLASSIC FRENCH STYLE BASKET GREEN,2517.88,1614,494,0.01
GREEN GINGHAM FLOWER JEWELLERY BOX,2511.36,1615,1483,0.01
GINGHAM RECIPE BOOK BOX,2509.62,1616,462,0.01
HANGING MEDINA LANTERN LARGE,2506.89,1617,740,0.01
BAKING MOULD CHOCOLATE CUPCAKES,2502.04,1618,948,0.01
RED REFECTORY CLOCK,2501.64,1619,250,0.01
"SPRING DEC , HANGING CHICK CREAM",2499.58,1620,1900,0.01
"AIRLINE LOUNGE,METAL SIGN",2498.98,1621,1207,0.01
FRENCH ENAMEL POT W LID,2495.02,1622,916,0.01
SET 12 COLOUR PENCILS SPACEBOY,2491.2,1623,3278,0.01
SET/4 PINK ORCHID CANDLES IN BOWL,2489.87,1624,1853,0.01
BLUE/CREAM STRIPE FRINGE HAMMOCK,2486.66,1625,315,0.01
EMPIRE TISSUE BOX,2485.86,1626,3179,0.01
WOODLAND  STICKERS,2483.68,1627,2858,0.01
PINK FELT EASTER EGG BASKET,2477.3,1628,1538,0.01
MAKE YOUR OWN PLAYTIME CARD KIT,2475.3,1629,1002,0.01
PARTY CONES CANDY TREE DECORATION,2473.16,1630,2792,0.01
ANGEL DECORATION STARS ON DRESS,2469.16,1631,5705,0.01
PAPER LANTERN 9 POINT SNOW STAR,2464.61,1632,499,0.01
MEDINA STAMPED METAL STOOL,2460.14,1633,65,0.01
ROLL WRAP 50'S RED CHRISTMAS,2459.2,1634,1800,0.01
4 PEAR BOTANICAL DINNER CANDLES,2458.58,1635,1152,0.01
DISCO BALL CHRISTMAS DECORATION,2454.88,1636,20951,0.01
PAPER CHAIN KIT LONDON,2454.35,1637,853,0.01
WOODLAND ANIMAL  WRITING SET,2454.07,1638,1452,0.01
SMALL SKULL WINDMILL,2452.35,1639,2049,0.01
PAINTED METAL HEART WITH HOLLY BELL,2447.72,1640,2468,0.01
VINTAGE BELLS GARLAND,2443.35,1641,821,0.01
KIDS RAIN MAC PINK,2437.07,1642,2920,0.01
SWEETHEART CARRY-ALL BASKET,2430.82,1643,282,0.01
BLUE FELT EASTER EGG BASKET,2430.31,1644,1413,0.01
CHRISTMAS HANGING TREE WITH BELL,2427.89,1645,3015,0.01
"NURSERY A,B,C PAINTED LETTERS",2425.41,1646,413,0.01
HOME SWEET HOME KEY HOLDER,2422.66,1647,456,0.01
EMBOSSED HEART 3 DRAWER SHELF,2420.69,1648,175,0.01
SET OF 36 MUSHROOM PAPER DOILIES,2420.03,1649,1670,0.01
PACK OF 20 SPACEBOY NAPKINS,2419.76,1650,3051,0.01
CREAM SLICE FLANNEL CHOCOLATE SPOT,2419.68,1651,790,0.01
T-LIGHT HOLDER SWEETHEART HANGING,2419.54,1652,1238,0.01
PENS ASSORTED SPACEBALL,2414.54,1653,7087,0.01
GLASS JAR PEACOCK BATH SALTS,2410.53,1654,747,0.01
MINI JIGSAW CIRCUS PARADE,2410.29,1655,6162,0.01
OVEN MITT APPLES DESIGN,2409.75,1656,1613,0.01
SHELF WITH 4 HOOKS HOME SWEET HOME,2409.34,1657,461,0.01
GARDENIA 1 WICK MORRIS BOXED CANDLE,2405.79,1658,621,0.01
SET OF 3 WOODEN TREE DECORATIONS,2404.79,1659,1769,0.01
FRENCH ENAMEL WATER BASIN,2399.89,1660,701,0.01
3 GARDENIA MORRIS BOXED CANDLES,2389.69,1661,849,0.01
GREEN POLKADOT BOWL,2385.08,1662,1848,0.01
DANISH ROSE PHOTO FRAME,2382.25,1663,1788,0.01
RETRO SPOT SUGAR JAM BOWL,2382.24,1664,921,0.01
HANGING HEART WITH BELL,2374.8,1665,4619,0.01
ENGLISH ROSE TABLE CLOTH,2373.01,1666,220,0.01
CLASSIC BICYCLE CLIPS,2372.68,1667,1640,0.01
BICYCLE SAFTEY WALL ART,2371.94,1668,458,0.01
GARDENIA 3 WICK MORRIS BOXED CANDLE,2370.31,1669,649,0.01
SET OF 10 LANTERNS FAIRY LIGHT STAR,2368.37,1670,577,0.01
WHITE GOOSE FEATHER CHRISTMAS TREE,2366.02,1671,606,0.01
BUTTERFLY CROCHET FOOD COVER,2361.39,1672,669,0.01
MAGIC DRAWING SLATE DINOSAUR,2360.43,1673,5717,0.01
IF YOU CAN'T STAND THE HEAT MUG,2360.01,1674,2010,0.01
RUSTIC MIRROR WITH LACE HEART,2354.87,1675,459,0.01
HEART MIRROR ANTIQUE WHITE,2354.8,1676,358,0.01
LIPSTICK PEN FUSCHIA,2351.86,1677,4721,0.01
PAINTED METAL STAR WITH HOLLY BELLS,2351.46,1678,2782,0.01
24 HANGING EASTER EGGS FLORAL TUB,2350.92,1679,677,0.01
SET OF 6 GIRLS CELEBRATION CANDLES,2349.22,1680,2325,0.01
SET OF 4 NAPKIN CHARMS STARS,2348.47,1681,989,0.01
LE JARDIN BOTANIQUE CUSHION COVER,2345.0,1682,559,0.01
50'S CHRISTMAS GIFT BAG LARGE,2343.63,1683,1915,0.01
YELLOW METAL CHICKEN HEART,2341.77,1684,1475,0.01
SET OF 4 NEW ENGLAND PLACEMATS,2336.1,1685,2749,0.01
Adjustment by john on 26/01/2010 16,2334.43,1686,20,0.01
EIGHT PIECE DINOSAUR SET,2326.87,1687,1800,0.01
BIRDHOUSE DECORATION MAGIC GARDEN,2317.64,1688,1871,0.01
SILVER MUG BONE CHINA TREE OF LIFE,2316.2,1689,1621,0.01
ENGLISH ROSE NOTEBOOK A7 SIZE,2309.7,1690,5102,0.01
4 LAVENDER BOTANICAL DINNER CANDLES,2308.67,1691,1168,0.01
PINK HAWAIIAN PICNIC HAMPER FOR 2,2307.23,1692,312,0.01
SET 36 COLOUR PENCILS SPACEBOY,2304.78,1693,1705,0.01
GLASS JAR MARMALADE,2303.39,1694,781,0.01
SET OF 6 HEART CHOPSTICKS,2302.81,1695,1675,0.01
CARD BILLBOARD FONT,2300.21,1696,5395,0.01
HANGING JAM JAR T-LIGHT HOLDERS,2298.05,1697,2813,0.01
MUSHROOM BLUE HOT WATER BOTTLE,2296.76,1698,740,0.01
BLACK ENCHANTED FOREST PLACEMAT,2296.54,1699,1326,0.01
COSY SLIPPER SHOES LARGE GREEN,2293.75,1700,701,0.01
SEWING SUSAN 21 NEEDLE SET,2293.0,1701,2748,0.01
FELTCRAFT HAIRBAND PINK AND PURPLE,2292.22,1702,2740,0.01
DECORATIVE WICKER HEART MEDIUM,2286.97,1703,1794,0.01
DISCO BALL ROTATOR BATTERY OPERATED,2286.75,1704,539,0.01
WHITE BROCANTE SOAP DISH,2286.28,1705,776,0.01
LARGE HANGING IVORY & RED WOOD BIRD,2285.02,1706,3455,0.01
DRAWER KNOB CRACKLE GLAZE GREEN,2284.12,1707,1340,0.01
RED SPOTTY PURSE,2278.17,1708,736,0.01
HANGING RIDGE GLASS T-LIGHT HOLDER,2277.5,1709,1396,0.01
CHARLIE & LOLA WASTEPAPER BIN BLUE,2275.75,1710,1512,0.01
CUT GLASS T-LIGHT HOLDER OCTAGON,2274.79,1711,1203,0.01
HYACINTH BULB T-LIGHT CANDLES,2274.56,1712,4271,0.01
CUT GLASS HEXAGON T-LIGHT HOLDER,2271.24,1713,1190,0.01
BLUE/BROWN DOTS RUFFLED UMBRELLA,2270.73,1714,547,0.01
MINI JIGSAW DOLLY GIRL,2268.13,1715,5654,0.01
HAND OPEN SHAPE GOLD,2259.47,1716,715,0.01
PINK LOVE HEART SHAPE CUP,2258.61,1717,2464,0.01
SQUARE CHERRY BLOSSOM CABINET,2257.4,1718,452,0.01
RAINY LADIES BIRTHDAY CARD,2257.0,1719,5391,0.01
CHILDREN'S CIRCUS PARADE MUG,2254.93,1720,1325,0.01
SKETCHBOOK MAGNETIC SHOPPING LIST,2253.7,1721,1442,0.01
SMALL SILVER TRELLIS CANDLEPOT,2251.14,1722,749,0.01
ROSE DES PADDED FLOOR CUSHION,2249.41,1723,664,0.01
GLITTER CHRISTMAS STAR,2247.14,1724,3847,0.01
WHITE BELL HONEYCOMB PAPER GARLAND,2243.78,1725,1344,0.01
WHITE CHRISTMAS GARLAND STARS TREES,2240.99,1726,597,0.01
GREEN CHRISTMAS TREE STRING 20LIGHT,2239.34,1727,471,0.01
SMALL PARISIENNE HEART PHOTO FRAME,2239.24,1728,939,0.01
BLUE POT PLANT CANDLE,2238.07,1729,673,0.01
IVORY EMBROIDERED QUILT,2237.84,1730,59,0.01
HANGING MINI COLOURED BOTTLES,2237.08,1731,3442,0.01
HEART STRING MEMO HOLDER HANGING,2235.12,1732,1269,0.01
DOVE DECORATION PAINTED ZINC,2234.96,1733,4661,0.01
GIANT MEDINA STAMPED METAL BOWL,2234.81,1734,233,0.01
SLEEPING CAT ERASERS,2233.15,1735,10385,0.01
VINTAGE RED ENAMEL TRIM JUG,2231.61,1736,595,0.01
MONEY BOX BISCUITS DESIGN,2230.46,1737,1638,0.01
PACK 20 DOLLY PEGS,2225.5,1738,2747,0.01
TOADSTOOL BEDSIDE LIGHT,2225.45,1739,251,0.01
"FEATHER PEN,LIGHT PINK",2222.35,1740,3445,0.01
ASSORTED TUTTI FRUTTI NOTEBOOK,2220.94,1741,1020,0.01
STEEL SWEETHEART ROUND TABLE CREAM,2219.51,1742,142,0.01
KEY RING BASEBALL BOOT UNION JACK,2217.87,1743,1821,0.01
6 RIBBONS SHIMMERING PINKS,2216.34,1744,2156,0.01
SOFT PINK ROSE TOWEL,2211.54,1745,608,0.01
CARD CIRCUS PARADE,2211.41,1746,5218,0.01
SET 6 FOOTBALL CELEBRATION CANDLES,2211.38,1747,2123,0.01
WRAP CIRCUS PARADE,2210.34,1748,5377,0.01
SET OF 16 VINTAGE BLACK CUTLERY,2207.2,1749,174,0.01
BLACK CANDELABRA T-LIGHT HOLDER,2206.24,1750,1817,0.01
VANILLA INCENSE IN TIN,2204.35,1751,3964,0.01
LETTER HOLDER HOME SWEET HOME,2204.11,1752,625,0.01
CHILDS GARDEN SPADE BLUE,2202.92,1753,1082,0.01
CHRISTMAS HANGING HEART WITH BELL,2202.38,1754,1721,0.01
HANGING GLASS ETCHED TEALIGHT,2200.36,1755,1361,0.01
HERB MARKER BASIL,2199.19,1756,3478,0.01
S/4 IVORY MINI ROSE CANDLE IN BOWL,2191.96,1757,1657,0.01
ABSTRACT CIRCLE JOURNAL,2190.59,1758,1045,0.01
HANGING HEART MIRROR DECORATION,2183.17,1759,3038,0.01
VINTAGE CHRISTMAS GIFT BAG LARGE,2182.39,1760,1831,0.01
SET OF 12 LILY BOTANICAL T-LIGHTS,2182.19,1761,750,0.01
KNEELING MAT HOUSEWORK  DESIGN,2181.42,1762,1536,0.01
72 CAKE CASES VINTAGE CHRISTMAS,2178.14,1763,4346,0.01
"SPRING DEC , HANGING CHICK  YELLOW",2164.88,1764,1640,0.01
METAL DECORATION NAUGHTY CHILDREN,2164.69,1765,2155,0.01
BROWN  PIRATE TREASURE CHEST,2164.63,1766,968,0.01
ICE CREAM BUBBLES,2161.24,1767,2668,0.01
"DECORATION, HANGING HEART+MIRROR",2161.0,1768,2983,0.01
CARD BIRTHDAY COWBOY,2157.91,1769,5277,0.01
CAKE STAND VICTORIAN FILIGREE SMALL,2156.45,1770,561,0.01
GREEN  SPOTTY PLATE,2155.17,1771,1308,0.01
ASSORTED CAKES FRIDGE MAGNETS,2154.22,1772,2849,0.01
3 TIER SWEETHEART GARDEN SHELF,2153.95,1773,61,0.01
SILVER T-LIGHT SETTING,2153.43,1774,317,0.01
STAR DECORATION PAINTED ZINC,2151.99,1775,6087,0.01
RED SPOTTY BIG BOWL,2150.85,1776,423,0.01
HEART T-LIGHT HOLDER,2150.21,1777,2724,0.01
REGENCY CAKE FORK,2145.3,1778,1715,0.01
PORCELAIN ROSE LARGE,2144.48,1779,1792,0.01
MORE BUTTER METAL SIGN,2141.07,1780,1615,0.01
WRAP DOLLY GIRL,2140.5,1781,5325,0.01
IVORY KNITTED MUG COSY,2140.35,1782,1142,0.01
DRAWER KNOB CRACKLE GLAZE BLUE,2138.63,1783,1207,0.01
STAR WREATH DECORATION WITH BELL,2138.42,1784,1682,0.01
MEASURING TAPE BABUSHKA RED,2137.21,1785,751,0.01
4 LILY  BOTANICAL DINNER CANDLES,2135.01,1786,834,0.01
ABSTRACT CIRCLES SKETCHBOOK,2134.76,1787,685,0.01
DOG BOWL VINTAGE CREAM,2132.63,1788,481,0.01
DRAWER KNOB CRACKLE GLAZE PINK,2132.5,1789,1266,0.01
STRAWBERRY CERAMIC TRINKET POT,2131.22,1790,1369,0.01
DECORATIVE CATS BATHROOM BOTTLE,2129.81,1791,1711,0.01
CHILDS GARDEN SPADE PINK,2129.74,1792,1046,0.01
JAPANESE CROCHETED ANIMAL,2128.72,1793,5196,0.01
ASSORTED TUTTI FRUTTI MIRROR,2127.94,1794,1521,0.01
TRAVEL CARD WALLET I LOVE LONDON,2126.55,1795,4733,0.01
PINK  HONEYCOMB PAPER BALL,2122.66,1796,997,0.01
SET OF 16 VINTAGE RED CUTLERY,2118.83,1797,188,0.01
RELAX LARGE WOOD LETTERS,2116.48,1798,208,0.01
FOLDING UMBRELLA  CHOC/WHITE  SPOT,2115.77,1799,533,0.01
GREEN POLKADOT PLATE,2113.19,1800,1259,0.01
PAPER LANTERN 9 POINT DELUXE STAR,2111.49,1801,349,0.01
WRAP VINTAGE LEAF DESIGN,2109.42,1802,5251,0.01
RED COAT RACK PARIS FASHION,2107.85,1803,450,0.01
WRAP POPPIES  DESIGN,2105.5,1804,5175,0.01
POCKET BAG BLUE PAISLEY RED SPOT,2104.62,1805,1440,0.01
BATH DUCK WATERING CAN,2102.46,1806,848,0.01
CHERRY DESIGN PAPERLANTERNS,2100.33,1807,1092,0.01
TRAVEL CARD WALLET VINTAGE TICKET,2094.93,1808,4801,0.01
IVORY REFECTORY CLOCK,2094.24,1809,213,0.01
VINTAGE RED ENAMEL TRIM MUG,2090.75,1810,1700,0.01
RED SPOT GIFT BAG LARGE,2089.92,1811,1713,0.01
EASTER TIN BUNNY BOUQUET,2085.75,1812,1250,0.01
PINK UNION JACK  PASSPORT COVER,2085.64,1813,896,0.01
TEA COSY BLUE STRIPE,2085.05,1814,677,0.01
SILVER CHERRY LIGHTS,2084.32,1815,334,0.01
VINTAGE BILLBOARD MUG,2083.46,1816,2034,0.01
IVORY PILLAR CANDLE GOLD FLOCK,2082.74,1817,1125,0.01
DOG LICENCE WALL ART,2081.64,1818,408,0.01
IVORY SWEETHEART WIRE LETTER RACK,2080.65,1819,554,0.01
GIRLY PINK TOOL SET,2079.47,1820,381,0.01
BLUE SAVANNAH PICNIC HAMPER FOR 4,2077.82,1821,344,0.01
EMPIRE BIRTHDAY CARD,2076.77,1822,4975,0.01
12 PENCILS TALL TUBE RED SPOTTY,2074.06,1823,2358,0.01
VILLAGE SHOW WALL ART,2072.42,1824,386,0.01
SET 36 COLOURING PENCILS DOILY,2070.35,1825,1485,0.01
WICKER WREATH SMALL,2070.15,1826,1457,0.01
SET 8 CANDLES VINTAGE DOILY,2070.1,1827,1060,0.01
FILIGREE HEART BUTTERFLY WHITE,2070.06,1828,1642,0.01
4 VANILLA BOTANICAL CANDLES,2069.02,1829,1131,0.01
EAU DE NIL DINER WALL CLOCK,2067.2,1830,248,0.01
URBAN BLACK RIBBONS,2067.18,1831,2066,0.01
BAKING MOULD ROSE MILK CHOCOLATE,2066.82,1832,690,0.01
MULTICOLOUR HONEYCOMB PAPER GARLAND,2065.16,1833,1421,0.01
GLASS  SONGBIRD STORAGE JAR,2065.14,1834,169,0.01
FOLDING UMBRELLA RED/WHITE POLKADOT,2063.39,1835,432,0.01
60 GOLD AND SILVER FAIRY CAKE CASES,2062.19,1836,4248,0.01
DOLLY GIRL CHILDRENS CUP,2059.03,1837,1634,0.01
SET/20 WOODLAND PAPER NAPKINS,2058.1,1838,2790,0.01
PARTY INVITES WOODLAND,2055.59,1839,2396,0.01
MAGNETS PACK OF 4 HOME SWEET HOME,2049.56,1840,2450,0.01
ASSORTED TUTTI FRUTTI  FOB NOTEBOOK,2049.4,1841,2225,0.01
PINK METAL CHICKEN HEART,2041.69,1842,1263,0.01
YELLOW GIANT GARDEN THERMOMETER,2041.35,1843,296,0.01
KEY RING BASEBALL BOOT ASSORTED,2038.33,1844,1626,0.01
SET OF 6 VINTAGE NOTELETS KIT,2033.33,1845,1679,0.01
T-LIGHT HOLDER HANGING LOVE BIRD,2032.77,1846,542,0.01
PINK SPOTS CHOCOLATE NESTING BOXES,2030.84,1847,842,0.01
SET 12 WILDFLOWER BOTANICAL T-LIGHT,2025.77,1848,698,0.01
FELT EGG COSY WHITE RABBIT,2024.35,1849,2105,0.01
WOOD STAMP SET FLOWERS,2022.35,1850,1531,0.01
BLUE FAIRY CAKE CHILD'S APRON,2021.47,1851,1051,0.01
SWEETHEART WIRE FRUIT BOWL,2020.84,1852,253,0.01
SET OF 2 CERAMIC CHRISTMAS REINDEER,2018.14,1853,1447,0.01
KEEP CALM WALL ART,2015.97,1854,269,0.01
TOAST ITS - FAIRY FLOWER,2014.16,1855,1592,0.01
DOLLY GIRL CHILDRENS BOWL,2013.7,1856,1622,0.01
FRYING PAN BLUE POLKADOT,2013.18,1857,505,0.01
CHILDS GARDEN TROWEL BLUE,2011.28,1858,2294,0.01
CONDIMENT TRAY 4 BOWLS AND 4 SPOONS,2010.6,1859,209,0.01
CAT BOWL VINTAGE CREAM,2008.77,1860,581,0.01
HOT STUFF HOT WATER BOTTLE,2008.38,1861,594,0.01
IVORY HANGING DECORATION  BIRD,2008.09,1862,2299,0.01
GOLD  CHERRY LIGHTS,2007.88,1863,314,0.01
FOLKART STAR CHRISTMAS DECORATIONS,2007.22,1864,3868,0.01
SMALL DECO JEWELLERY STAND,2005.81,1865,243,0.01
SKULLS GREETING CARD,2005.02,1866,4913,0.01
STAR T-LIGHT HOLDER WILLIE WINKIE,2005.0,1867,1180,0.01
STORAGE TIN VINTAGE LEAF,2003.1,1868,772,0.01
DOLLY MIXTURE CHILDREN'S UMBRELLA,2002.84,1869,590,0.01
SET OF 2 ROUND TINS DUTCH CHEESE,1996.09,1870,731,0.01
CALENDAR FAMILY FAVOURITES,1994.96,1871,725,0.01
BLUE PADDED SOFT MOBILE,1993.47,1872,471,0.01
CHILDS GARDEN TROWEL PINK,1987.93,1873,2288,0.01
BAKING MOULD TOFFEE CUP CHOCOLATE,1985.58,1874,878,0.01
HOT WATER BOTTLE SEX BOMB,1982.05,1875,450,0.01
ASSORTED ICE CREAM FRIDGE MAGNETS,1981.85,1876,2869,0.01
BLACK PIRATE TREASURE CHEST,1979.82,1877,1112,0.01
FAIRY TALE COTTAGE NIGHT LIGHT,1979.34,1878,976,0.01
RED RETROSPOT PURSE,1978.17,1879,599,0.01
OPULENT VELVET SET/3 CANDLES,1978.05,1880,1273,0.01
CHRISTMAS MUSICAL ZINC STAR,1976.88,1881,3119,0.01
JUNGLE POPSICLES ICE LOLLY HOLDERS,1976.31,1882,1543,0.01
SILK PURSE RUSSIAN DOLL RED,1975.27,1883,605,0.01
FLOOR CUSHION ELEPHANT CARNIVAL,1973.39,1884,162,0.01
HEART SHAPE WIRELESS DOORBELL,1973.07,1885,944,0.01
ASSORTED INCENSE PACK,1968.45,1886,10625,0.01
MILK BOTTLE WITH GLASS STOPPER,1967.38,1887,257,0.01
GREEN SPOTTY BOWL,1963.44,1888,1564,0.01
MONEY BOX POCKET MONEY DESIGN,1963.38,1889,1618,0.01
BAKING MOULD HEART WHITE CHOCOLATE,1963.3,1890,813,0.01
RED SPOT PAPER GIFT BAG,1962.83,1891,2456,0.01
GUMBALL MONOCHROME COAT RACK,1962.83,1892,1447,0.01
SET/20 FRUIT SALAD PAPER NAPKINS,1960.45,1893,7183,0.01
FILIGREE HEART BIRD WHITE,1960.0,1894,1492,0.01
ZINC HEART LATTICE T-LIGHT HOLDER,1956.81,1895,1453,0.01
ZINC T-LIGHT HOLDER STAR LARGE,1956.68,1896,2060,0.01
PACK OF 12 SPACEBOY TISSUES,1954.3,1897,5726,0.01
SMALL SILVER FLOWER CANDLE POT,1952.18,1898,630,0.01
BOUDOIR SQUARE TISSUE BOX,1952.04,1899,2865,0.01
FELT EGG COSY CHICKEN,1947.82,1900,2026,0.01
ROSE FOLKART HEART DECORATIONS,1947.74,1901,1963,0.01
12 PENCILS TALL TUBE POSY,1940.96,1902,5867,0.01
CHRISTMAS TREE STAR DECORATION,1938.96,1903,4463,0.01
SUNSET COLOUR CHUNKY KNITTED THROW,1938.19,1904,153,0.01
FAUX FUR CHOCOLATE THROW,1933.59,1905,110,0.01
PINK POLKADOT GARDEN PARASOL,1932.97,1906,234,0.01
BOHEMIAN COLLAGE STATIONERY SET,1927.54,1907,1103,0.01
WRAP DOILEY DESIGN,1927.26,1908,4703,0.01
PARTY FOOD SHOPPER BAG,1925.04,1909,1533,0.01
LE GRAND TRAY CHIC SET,1924.92,1910,152,0.01
DAIRY MAID  PUDDING BOWL,1924.51,1911,1308,0.01
APRON MODERN VINTAGE COTTON,1921.03,1912,677,0.01
BROCANTE SHELF WITH HOOKS,1920.5,1913,174,0.01
DOG TOY WITH PINK CROCHET SKIRT,1920.02,1914,506,0.01
CHRISTMAS TREE HEART DECORATION,1917.2,1915,4377,0.01
SMALL YELLOW BABUSHKA NOTEBOOK,1915.21,1916,2332,0.01
SWISS ROLL TOWEL PINK  SPOTS,1913.69,1917,706,0.01
HANGING CHICK CREAM DECORATION,1913.35,1918,1293,0.01
BALLOON ART MAKE YOUR OWN FLOWERS,1913.22,1919,1459,0.01
STRAWBERRY DREAM CHILDS UMBRELLA,1910.06,1920,580,0.01
SILVER LATTICE VANILLA CANDLE POT,1906.62,1921,502,0.01
MEASURING TAPE BABUSHKA BLUE,1906.11,1922,698,0.01
CHILDS GARDEN FORK BLUE,1905.81,1923,2239,0.01
BLACK RETRODISC LAMPSHADE,1905.15,1924,977,0.01
KNICKERBOCKERGLORY MAGNET ASSORTED,1904.77,1925,2221,0.01
ZINC FINISH 15CM PLANTER POTS,1903.0,1926,1517,0.01
DECORATIVE ROSE BATHROOM BOTTLE,1899.4,1927,1642,0.01
ASSORTED TUTTI FRUTTI LARGE PURSE,1899.28,1928,848,0.01
WOOD STAMP SET BEST WISHES,1898.42,1929,1586,0.01
VINTAGE JINGLE BELLS HEART,1897.76,1930,228,0.01
CARROT CHARLIE+LOLA COASTER SET,1895.37,1931,867,0.01
DOORSTOP FOOTBALL DESIGN,1894.7,1932,585,0.01
WRAP 50'S  CHRISTMAS,1892.46,1933,4563,0.01
ALUMINIUM STAMPED HEART,1892.23,1934,779,0.01
GLASS CAKE STAND,1891.7,1935,120,0.01
SKULLS  DESIGN  COTTON TOTE BAG,1890.74,1936,1172,0.01
12 PINK ROSE PEG PLACE SETTINGS,1887.23,1937,1519,0.01
RETROSPOT WOODEN HEART DECORATION,1886.28,1938,2076,0.01
DAIRY MAID BUTTER DISH,1885.33,1939,1209,0.01
FELTCRAFT BOY JEAN-PAUL KIT,1884.76,1940,366,0.01
CINAMMON SET OF 9 T-LIGHTS,1884.42,1941,2058,0.01
3 RAFFIA RIBBONS 50'S CHRISTMAS,1884.17,1942,2095,0.01
CHILDS GARDEN FORK PINK,1882.29,1943,2183,0.01
POSTE FRANCE CUSHION COVER,1877.65,1944,435,0.01
EASTER TIN KEEPSAKE,1877.34,1945,1135,0.01
SMALL TAHITI BEACH BAG,1877.21,1946,467,0.01
PACK OF 12 BLUE PAISLEY TISSUES,1875.02,1947,6118,0.01
SET/4 RED MINI ROSE CANDLE IN BOWL,1873.82,1948,1512,0.01
SET/6 WOODLAND PAPER CUPS,1872.68,1949,13731,0.01
SILVER PLATE CANDLE BOWL LARGE,1871.23,1950,477,0.01
LARGE CHINESE STYLE SCISSOR,1870.7,1951,2314,0.01
VINTAGE GLASS T-LIGHT HOLDER,1870.03,1952,2237,0.01
PARLOUR CERAMIC WALL HOOK,1869.0,1953,450,0.01
SET/6 WOODLAND PAPER PLATES,1868.7,1954,13700,0.01
S/12 VANILLA  BOTANICAL T-LIGHTS,1861.45,1955,632,0.01
SCENTED VELVET LOUNGE CANDLE,1860.0,1956,4107,0.01
HEARTS  STICKERS,1859.38,1957,2125,0.01
BABY MOUSE RED GINGHAM DRESS,1857.47,1958,437,0.01
BLACK BAROQUE CUCKOO CLOCK,1851.22,1959,141,0.01
GARDEN PATH JOURNAL,1848.73,1960,970,0.01
CERAMIC BIRDHOUSE CRESTED TIT SMALL,1848.47,1961,719,0.01
WHITE RETRODISC LAMPSHADE,1841.7,1962,904,0.01
FELTCRAFT HAIRBANDS PINK AND WHITE,1840.99,1963,2014,0.01
PACK OF 12 50'S CHRISTMAS TISSUES,1840.08,1964,3997,0.01
POTTING SHED SEED ENVELOPES,1836.14,1965,1320,0.01
TOAST ITS - DINOSAUR,1827.76,1966,1388,0.01
FIVE CATS HANGING DECORATION,1827.64,1967,587,0.01
LED TEA LIGHTS,1826.76,1968,634,0.01
SET/6 FROG PRINCE T-LIGHT CANDLES,1826.07,1969,1018,0.01
4 WILDFLOWER BOTANICAL CANDLES,1823.74,1970,698,0.01
PINK JUMPER LARRY THE LAMB,1820.27,1971,959,0.01
SET/6 FRUIT SALAD PAPER CUPS,1816.73,1972,16615,0.01
FELTCRAFT HAIRBAND PINK AND BLUE,1815.14,1973,2087,0.01
"LARGE CAKE TOWEL, CHOCOLATE SPOTS",1814.82,1974,248,0.01
WOOD AND GLASS MEDICINE CABINET,1814.75,1975,65,0.01
SET/10 IVORY POLKADOT PARTY CANDLES,1814.59,1976,1490,0.01
IVORY HANGING DECORATION  BUTTERFLY,1810.19,1977,1917,0.01
KEEP OUT BOYS DOOR HANGER,1806.05,1978,2360,0.01
GOLD MUG BONE CHINA TREE OF LIFE,1804.11,1979,1199,0.01
BEADED LOVE HEART JEWELLERY SET,1801.17,1980,2197,0.01
VINTAGE KITCHEN PRINT VEGETABLES,1800.44,1981,3333,0.01
MIRROR CORNICE,1799.62,1982,112,0.01
RED SPOTTY SHOPPING BAG,1798.04,1983,686,0.01
"ART LIGHTS,FUNK MONKEY",1797.95,1984,628,0.01
MEASURING TAPE RUSSIAN DOLL RED,1796.42,1985,654,0.01
REGENCY TEA SPOON,1794.48,1986,1450,0.01
MOODY GIRL DOOR HANGER,1792.66,1987,2587,0.01
FELT TOADSTOOL LARGE,1792.21,1988,1398,0.01
FRIDGE MAGNETS US DINER ASSORTED,1789.2,1989,2073,0.01
WALL MIRROR RECTANGLE DIAMANTE PINK,1781.97,1990,221,0.01
FOLK FELT HANGING MULTICOL GARLAND,1781.12,1991,1170,0.01
RED SPOTTY CANDY BAG,1778.12,1992,5262,0.01
BLUE REFECTORY CLOCK,1777.46,1993,173,0.01
CERAMIC BIRDHOUSE FINCH BLUE ROOF,1776.12,1994,682,0.01
MINIATURE ANTIQUE ROSE HOOK IVORY,1775.51,1995,2091,0.01
GREEN SPOTTY CUP,1774.72,1996,2102,0.01
STRIPES DESIGN MONKEY DOLL,1764.03,1997,1349,0.01
MAGIC DRAWING SLATE BAKE A CAKE,1763.2,1998,4471,0.01
TOOTHPASTE TUBE PEN,1760.94,1999,2743,0.01
MIRROR MOSAIC T-LIGHT HOLDER ROUND,1760.64,2000,1746,0.01
DO NOT TOUCH MY STUFF DOOR HANGER,1757.92,2001,2800,0.01
WOOD STAMP SET HAPPY BIRTHDAY,1753.94,2002,1415,0.01
SET 36 COLOUR PENCILS DOLLY GIRL,1750.29,2003,1389,0.01
GLASS ETCHED T-LIGHT HOLDER MEDIUM,1747.94,2004,896,0.01
FAIRY CAKES NOTEBOOK A6 SIZE,1747.76,2005,2686,0.01
SET OF 12 T-LIGHTS VINTAGE DOILY,1747.51,2006,929,0.01
MULTICOLOUR 3D BALLS GARLAND,1746.97,2007,669,0.01
"WALL MIRROR , RECT DIAMANTE, PINK/",1746.78,2008,219,0.01
MA CAMPAGNE 4 DRAWER WALL SHELF,1745.85,2009,203,0.01
WOOD FAN WITH FLOWER DESIGN,1745.62,2010,1448,0.01
HOME SWEET HOME HANGING HEART,1745.55,2011,1914,0.01
ROSE DU SUD COSMETICS BAG,1744.98,2012,690,0.01
ASSORTED SANSKRIT MINI NOTEBOOK,1741.72,2013,1358,0.01
BLUE PAISLEY JOURNAL,1741.61,2014,812,0.01
MAGIC DRAWING SLATE BUNNIES,1741.53,2015,4166,0.01
FRENCH STYLE WALL DRESSER,1740.0,2016,15,0.01
SILVER STARS TABLE DECORATION,1739.63,2017,2031,0.01
MAGIC TREE -PAPER FLOWERS,1738.07,2018,1856,0.01
PETIT TRAY CHIC,1736.69,2019,1033,0.01
VINTAGE GLASS COFFEE CADDY,1735.05,2020,269,0.01
BULL DOG BOTTLE TOP WALL CLOCK,1733.57,2021,201,0.01
VINTAGE CARAVAN GREETING CARD,1731.24,2022,4083,0.01
WHITE SOAP RACK WITH 2 BOTTLES,1731.06,2023,280,0.01
SET OF 4 ROSE BOTANICAL CANDLES,1729.61,2024,960,0.01
SET/6 COLLAGE PAPER PLATES,1729.09,2025,3107,0.01
BLUE/CREAM STRIPE CUSHION COVER,1728.24,2026,1260,0.01
PARTY CHARMS 50 PIECES,1726.09,2027,2251,0.01
FRENCH BLUE METAL DOOR SIGN 1,1722.31,2028,1253,0.01
PINK HORSE SOCK PUPPET,1719.56,2029,551,0.01
RETRO SPOT PADDED SEAT CUSHION,1718.93,2030,475,0.01
POTTING SHED SOW 'N' GROW SET,1718.63,2031,555,0.01
BANQUET BIRTHDAY  CARD,1717.47,2032,4029,0.01
VINTAGE KITCHEN PRINT SEAFOOD,1716.8,2033,3680,0.01
MINI FUNKY DESIGN TAPES,1715.78,2034,2103,0.01
ZINC TOP  2 DOOR WOODEN SHELF,1714.48,2035,249,0.01
SMALL SQUARE CUT GLASS CANDLESTICK,1710.67,2036,276,0.01
ENAMEL PINK TEA CONTAINER,1708.32,2037,1147,0.01
BAKING MOULD EASTER EGG WHITE CHOC,1707.47,2038,589,0.01
GEORGIAN TRINKET BOX,1706.5,2039,143,0.01
SPRING FLOWER CHOPSTICKS SET/5,1706.14,2040,895,0.01
WOVEN ROSE GARDEN CUSHION COVER,1704.64,2041,494,0.01
CHILDS GARDEN RAKE BLUE,1700.6,2042,839,0.01
PING MICROWAVE APRON,1700.14,2043,655,0.01
WHITE HONEYCOMB PAPER GARLAND,1698.88,2044,797,0.01
RED POLKADOT BEAKER,1698.88,2045,3920,0.01
HAIRCLIPS FORTIES FABRIC ASSORTED,1698.04,2046,2987,0.01
"DECORATION , WOBBLY RABBIT , METAL",1696.29,2047,1107,0.01
"POPCORN HOLDER , LARGE",1696.21,2048,1008,0.01
PASTEL STRIPE HAMMOCK,1696.02,2049,208,0.01
WRAP COWBOYS,1693.24,2050,4222,0.01
SQUARE FLOOR CUSHION VINTAGE RED,1690.9,2051,158,0.01
RAIN HAT WITH RED SPOTS,1688.2,2052,4457,0.01
JAZZ HEARTS ADDRESS BOOK,1686.79,2053,6311,0.01
FELTCRAFT HAIRBAND RED AND BLUE,1686.51,2054,1908,0.01
LETS GO SHOPPING COTTON TOTE BAG,1686.19,2055,732,0.01
ASSORTED COLOUR SILK COIN PURSE,1685.46,2056,3558,0.01
HI TEC ALPINE HAND WARMER,1684.58,2057,1306,0.01
DINOSAUR HEIGHT CHART STICKER SET,1683.93,2058,595,0.01
SET OF 36 DOILIES SPACEBOY DESIGN,1682.57,2059,1210,0.01
SPACEBOY CHILDRENS EGG CUP,1679.66,2060,1245,0.01
SET 12 COLOUR PENCILS DOLLY GIRL,1679.55,2061,2379,0.01
SET/3 CHRISTMAS DECOUPAGE CANDLES,1671.52,2062,1344,0.01
JINGLE BELL HEART ANTIQUE GOLD,1670.08,2063,777,0.01
12 RED ROSE PEG PLACE SETTINGS,1669.83,2064,1258,0.01
BLUE POLKADOT GARDEN PARASOL,1668.49,2065,200,0.01
FRENCH GARDEN SIGN BLUE METAL,1667.5,2066,1320,0.01
SET/4 SPRING FLOWER DECORATION,1665.66,2067,1238,0.01
PINK HANGING HEART T-LIGHT HOLDER,1664.16,2068,880,0.01
SUNFLOWER DECORATIVE PARASOL,1663.11,2069,175,0.01
TOXIC AREA  DOOR HANGER,1655.88,2070,2402,0.01
RETRO BLUE SPOTTY WASHING UP GLOVES,1655.74,2071,965,0.01
VINTAGE KITCHEN PRINT PUDDINGS,1654.45,2072,2758,0.01
ETCHED GLASS COASTER,1653.75,2073,2246,0.01
PLAYING CARDS I LOVE LONDON,1651.29,2074,1200,0.01
SILVER RECORD COVER FRAME,1649.64,2075,365,0.01
HEART T-LIGHT HOLDER WILLIE WINKIE,1649.05,2076,969,0.01
WOODLAND STORAGE BOX SMALL,1647.07,2077,1028,0.01
SET OF 2 CERAMIC PAINTED HEARTS,1646.32,2078,1174,0.01
MOROCCAN BEATEN METAL MIRROR,1644.17,2079,270,0.01
ASSORTED TUTTI FRUTTI ROUND BOX,1642.65,2080,969,0.01
RING OF ROSES BIRTHDAY CARD,1641.64,2081,3970,0.01
12 DAISY PEGS IN WOOD BOX,1640.17,2082,955,0.01
CERAMIC BIRDHOUSE BUTTERFLY SMALL,1640.12,2083,697,0.01
ASSORTED WHITE EMBOSSED CHINA MUGS,1639.8,2084,700,0.01
MONEY BOX HOUSEKEEPING DESIGN,1637.46,2085,1339,0.01
RED HEARTS LIGHT CHAIN,1636.42,2086,629,0.01
HANGING  BUTTERFLY T-LIGHT HOLDER,1636.36,2087,1328,0.01
DINOSAURS WATER TRANSFER TATTOOS,1636.24,2088,1907,0.01
SET 12 COLOURING PENCILS DOILY,1636.1,2089,2200,0.01
CHILDRENS TOY COOKING UTENSIL SET,1633.81,2090,746,0.01
ENAMEL BLUE RIM BISCUIT BIN,1631.42,2091,309,0.01
SWALLOW CIGAR BOX MATCHES,1629.31,2092,1391,0.01
NATURAL BARK CANDLE SMALL,1629.2,2093,512,0.01
ROSE 1 WICK MORRIS BOXED CANDLE,1629.02,2094,878,0.01
CLASSIC FRENCH STYLE BASKET BROWN,1627.36,2095,353,0.01
RED RETROSPOT SHOPPING BAG,1625.61,2096,627,0.01
I LOVE LONDON MINI BACKPACK,1624.02,2097,388,0.01
BLUE GINGHAM ROSE QUILT,1622.96,2098,72,0.01
WHITE BIRD GARDEN DESIGN MUG,1622.79,2099,8824,0.01
CROSS STITCH ALPHABET CUSHION COVER,1622.64,2100,244,0.01
VINTAGE KITCHEN PRINT FRUITS,1621.83,2101,3527,0.01
SET OF 2 CHRISTMAS DECOUPAGE CANDLE,1621.28,2102,1513,0.01
BEADED PEARL HEART WHITE ON STICK,1619.23,2103,2025,0.01
SEASIDE FLYING DISC,1616.33,2104,1275,0.01
RIDGED GLASS POSY VASE,1614.54,2105,985,0.01
LAUREL HEART ANTIQUE SILVER,1613.82,2106,1309,0.01
DOOR MAT GREEN PAISLEY,1613.56,2107,268,0.01
HANGING CHICK  YELLOW DECORATION,1608.86,2108,1139,0.01
FRENCH FLORAL CUSHION COVER,1607.16,2109,1050,0.01
ENAMEL PINK COFFEE CONTAINER,1604.74,2110,1205,0.01
PINK MARSHMALLOW SCARF KNITTING KIT,1603.97,2111,582,0.01
RED VINTAGE SPOT BEAKER,1603.39,2112,1879,0.01
WOODLAND WATER TRANSFER TATTOOS,1600.75,2113,1877,0.01
SMALL GLASS SUNDAE DISH CLEAR,1596.81,2114,1051,0.01
FILIGREE HEART DAISY WHITE,1596.67,2115,1247,0.01
FELT EGG COSY BLUE RABBIT,1594.77,2116,1557,0.01
ROUND STORAGE TIN VINTAGE LEAF,1593.58,2117,864,0.01
MINT GREEN ROSE TOWEL,1593.29,2118,420,0.01
SMALL REGAL  SILVER CANDLEPOT,1593.16,2119,556,0.01
PACK OF 12 PINK POLKADOT TISSUES,1591.94,2120,5159,0.01
SET OF 3 BIRD LIGHT PINK FEATHER,1591.86,2121,2241,0.01
BUDDHA INCENSE HOLDER ASSORTED,1590.64,2122,2180,0.01
PACK OF 12 STICKY BUNNIES,1590.43,2123,2204,0.01
MIRROR MOSAIC HURRICANE LAMP,1589.98,2124,509,0.01
CHILDS GARDEN RAKE PINK,1589.41,2125,806,0.01
CHRISTMAS MUSICAL ZINC HEART,1586.49,2126,1850,0.01
CARAVAN SQUARE TISSUE BOX,1585.46,2127,2123,0.01
SET/6 IVORY BIRD T-LIGHT CANDLES,1585.06,2128,848,0.01
SET 36 COLOUR PENCILS LOVE LONDON,1581.06,2129,1105,0.01
ASSORTED COLOUR SILK COSMETIC PURSE,1579.68,2130,1406,0.01
SET/10 IVORY SPOTTY PARTY CANDLES,1578.47,2131,1261,0.01
POLKADOT COFFEE CUP & SAUCER PINK,1577.62,2132,1589,0.01
BUTTERFLIES STICKERS,1576.84,2133,1782,0.01
PENS ASSORTED FUNKY JEWELED,1573.81,2134,5735,0.01
HIPPY CHIC DECORATIVE PARASOL,1571.75,2135,221,0.01
SET/6 STRAWBERRY PAPER PLATES,1571.5,2136,12846,0.01
FAIRY CAKES NOTEBOOK A7 SIZE,1567.97,2137,3512,0.01
WRAP GREEN PEARS,1567.86,2138,3733,0.01
ROCOCO WALL MIRROR WHITE,1567.14,2139,78,0.01
ENGLISH ROSE EDWARDIAN PARASOL,1567.0,2140,509,0.01
BLACK CHERRY LIGHTS,1565.7,2141,242,0.01
CERAMIC BIRDHOUSE CRESTED TIT LARGE,1565.51,2142,295,0.01
PINK UNION JACK  LUGGAGE TAG,1562.87,2143,1144,0.01
UNION STRIPE CUSHION COVER,1562.33,2144,1201,0.01
LOLITA  DESIGN  COTTON TOTE BAG,1560.85,2145,1029,0.01
SET OF 36 DINOSAUR PAPER DOILIES,1560.82,2146,1055,0.01
HANGING SPRING FLOWER EGG LARGE,1560.63,2147,1818,0.01
TWO EMBOSSED HEART MINI DRAWERS,1558.94,2148,677,0.01
ENCHANTED BIRD PLANT CAGE,1558.39,2149,445,0.01
ROSE SCENT CANDLE JEWELLED DRAWER,1553.5,2150,724,0.01
SILK PURSE BABUSHKA BLUE,1552.35,2151,459,0.01
FOLDING UMBRELLA  PINK/WHITE  SPOT,1549.34,2152,584,0.01
LARGE STRIPES CHOCOLATE GIFT BAG,1549.31,2153,1413,0.01
GARDEN PATH SKETCHBOOK,1548.47,2154,518,0.01
CHOCOLATE 1 WICK MORRIS BOX CANDLE,1547.1,2155,600,0.01
BLUE CUSHION COVER WITH FLOWER,1545.53,2156,283,0.01
MINI HIGHLIGHTER PENS,1544.52,2157,15121,0.01
PANTRY PASTRY BRUSH,1543.77,2158,1154,0.01
SET 12 PEAR BOTANICAL T-LIGHTS,1543.67,2159,542,0.01
METAL TUBE CHIME ON BAMBOO,1543.03,2160,1217,0.01
PARTY PIZZA DISH RED RETROSPOT,1541.47,2161,2797,0.01
BLACK MINI TAPE MEASURE,1540.29,2162,1515,0.01
SEASIDE STRIPE HAMMOCK,1538.79,2163,189,0.01
RED RETROSPOT BIG BOWL,1534.78,2164,326,0.01
GREEN FERN JOURNAL,1534.19,2165,767,0.01
SET OF 4 SANTA PLACE SETTINGS,1531.95,2166,1202,0.01
FROSTED BOX 9 WHITE T-LIGHT CANDLES,1531.4,2167,3819,0.01
BLUE CALCULATOR RULER,1530.95,2168,1217,0.01
SILK PURSE RUSSIAN DOLL PINK,1530.62,2169,460,0.01
VINTAGE KEEPSAKE BOX PARIS DAYS,1525.22,2170,206,0.01
ANGEL DECORATION PAINTED ZINC,1522.52,2171,2473,0.01
NATURAL BARK CANDLE LARGE,1522.28,2172,356,0.01
"SPRING DEC , HANGING CHICK  GREEN",1516.92,2173,1128,0.01
SET/6 STRAWBERRY PAPER CUPS,1516.64,2174,13290,0.01
"WHITE TEA,COFFEE,SUGAR JARS",1516.5,2175,660,0.01
BASKET OF FLOWERS SEWING KIT,1514.78,2176,1820,0.01
RAIN PONCHO,1514.63,2177,2005,0.01
ANTIQUE GLASS RIDGED HANGING BALL,1513.67,2178,789,0.01
VINTAGE GLASS TEA CADDY,1511.31,2179,239,0.01
NOEL GARLAND PAINTED ZINC,1511.05,2180,1799,0.01
BATHROOM SET LOVE HEART DESIGN,1508.28,2181,606,0.01
ASSORTED MINI MADRAS NOTEBOOK,1507.74,2182,1771,0.01
ROSE DU SUD DRAWSTRING BAG,1507.22,2183,417,0.01
GIANT BLACK SUNGLASSES,1503.64,2184,538,0.01
VINTAGE RED TRIM ENAMEL BOWL,1501.03,2185,1155,0.01
PINK JEWELLED PHOTO FRAME,1499.95,2186,240,0.01
PINK  HEART CONFETTI IN TUBE,1495.7,2187,1305,0.01
FOLDING BUTTERFLY MIRROR HOT PINK,1495.24,2188,1867,0.01
ETCHED GLASS STAR TREE DECORATION,1494.99,2189,1047,0.01
VINTAGE RED MUG,1494.67,2190,2284,0.01
LARGE TAHITI BEACH BAG,1492.28,2191,238,0.01
IVORY WICKER HEART SMALL,1491.75,2192,2271,0.01
FRENCH BLUE METAL DOOR SIGN 2,1486.62,2193,1074,0.01
RIBBONS PURSE,1486.16,2194,754,0.01
BLUE WHITE SPOTS GARDEN PARASOL,1485.24,2195,276,0.01
CHRISTMAS TABLE SILVER CANDLE SPIKE,1483.61,2196,1715,0.01
SILVER DIAMANTE PEN IN GIFT BOX,1483.51,2197,633,0.01
SET OF 4 FAIRY CAKES COASTERS,1483.2,2198,1172,0.01
WOODLAND BUNNIES LOLLY MAKERS,1482.41,2199,649,0.01
SMALL ROUND CUT GLASS CANDLESTICK,1479.51,2200,309,0.01
MINI JIGSAW PURDEY,1478.56,2201,3703,0.01
SPACEBOY ROCKET LOLLY MAKERS,1475.03,2202,662,0.01
ASSORTED BOTTLE TOP  MAGNETS,1474.52,2203,3281,0.01
LILAC DIAMANTE PEN IN GIFT BOX,1473.56,2204,628,0.01
SILVER ROCCOCO CHANDELIER,1472.62,2205,72,0.01
WHITE HEART CONFETTI IN TUBE,1472.3,2206,1282,0.01
YELLOW COAT RACK PARIS FASHION,1471.09,2207,313,0.01
SILVER MINI TAPE MEASURE,1470.62,2208,1592,0.01
POTTING SHED COFFEE MUG,1469.58,2209,1264,0.01
WHITE TRAVEL ALARM CLOCK,1469.51,2210,588,0.01
ASSORTED FARMYARD ANIMALS IN BUCKET,1469.5,2211,3859,0.01
CARD PSYCHEDELIC APPLES,1468.53,2212,3433,0.01
CHRISTMAS TREE DECORATION WITH BELL,1467.66,2213,3398,0.01
CIRCUS PARADE CHILDRENS EGG CUP,1465.26,2214,1127,0.01
PINK POLKADOT CHILDRENS UMBRELLA,1464.29,2215,405,0.01
SET 12 COLOUR PENCILS LOVE LONDON,1463.08,2216,1857,0.01
ASSORTED TUTTI FRUTTI HEART BOX,1461.47,2217,1087,0.01
GLITTER CHRISTMAS HEART,1460.86,2218,1727,0.01
VINTAGE CARAVAN GIFT WRAP,1460.5,2219,3525,0.01
CARD HOLDER LOVE BIRD LARGE,1460.5,2220,232,0.01
SCHOOL DESK AND CHAIR,1459.75,2221,23,0.01
PAPERWEIGHT VINTAGE COLLAGE,1459.37,2222,834,0.01
COUNTRY COTTAGE  DOORSTOP GREEN,1458.28,2223,312,0.01
BLUE FLYING SINGING CANARY,1456.94,2224,366,0.01
BUNNY WOODEN PAINTED WITH BIRD,1456.6,2225,1727,0.01
BOOM BOX SPEAKER GIRLS,1455.36,2226,608,0.01
KITCHEN FLOWER POTS WALL PLAQUE,1454.49,2227,585,0.01
GLASS SPHERE CANDLE STAND MEDIUM,1453.4,2228,357,0.01
SMALL CHOCOLATES PINK BOWL,1453.16,2229,2231,0.01
GOLD MINI TAPE MEASURE,1452.2,2230,1927,0.01
COSY SLIPPER SHOES SMALL GREEN,1451.85,2231,494,0.01
RED SHARK HELICOPTER,1451.69,2232,179,0.01
ANGEL DECORATION WITH LACE PADDED,1451.4,2233,1698,0.01
DRAWER KNOB CERAMIC BLACK,1448.67,2234,979,0.01
PAPERWEIGHT CHILDHOOD MEMORIES,1448.52,2235,813,0.01
GINGHAM ROSE WRAP,1445.98,2236,3519,0.01
SPOTS DESIGN MUG W PINK INSIDE,1445.78,2237,917,0.01
MOODY BOY  DOOR HANGER,1445.37,2238,2105,0.01
IVORY STRING CURTAIN WITH POLE,1445.05,2239,551,0.01
ROSE DU SUD CUSHION COVER,1444.49,2240,279,0.01
FRENCH ENAMEL UTENSIL HOLDER,1442.94,2241,359,0.01
ORANGE TV TRAY TABLE,1442.39,2242,548,0.01
ZINC  STAR T-LIGHT HOLDER,1441.43,2243,1217,0.01
CARD SUKI BIRTHDAY,1434.9,2244,3392,0.01
DECORATION WHITE CHICK MAGIC GARDEN,1434.66,2245,1636,0.01
200 BENDY SKULL STRAWS,1432.82,2246,1257,0.01
DINOSAUR LUNCHBOX WITH CUTLERY,1429.9,2247,570,0.01
MOTORING TISSUE BOX,1429.87,2248,2346,0.01
SMALL STRIPES CHOCOLATE GIFT BAG,1427.11,2249,2449,0.01
MAGNETS PACK OF 4 RETRO PHOTO,1427.08,2250,1895,0.01
BLACK GRAND BAROQUE PHOTO FRAME,1426.34,2251,692,0.01
SMALL RETRO SPOT MUG IN BOX  WHITE,1426.13,2252,383,0.01
RED RETROSPOT TISSUE BOX,1424.16,2253,2554,0.01
SKULLS WRAP,1424.0,2254,3400,0.01
FOLKART HEART NAPKIN RINGS,1423.63,2255,629,0.01
BLUE PAISLEY SKETCHBOOK,1422.46,2256,458,0.01
WHITE CHRISTMAS STAR DECORATION,1422.45,2257,3225,0.01
LARGE PINK GLASS SUNDAE DISH,1422.0,2258,1092,0.01
BEADED CHANDELIER T-LIGHT HOLDER,1420.97,2259,695,0.01
DAIRY MAID SUGAR JAM BOWL,1419.71,2260,1387,0.01
SET OF 3 GOLD FLYING DUCKS,1419.51,2261,359,0.01
HANGING HEN ON NEST DECORATION,1418.82,2262,828,0.01
"BIRTHDAY CARD, RETRO SPOT",1418.12,2263,3351,0.01
PAPER POCKET TRAVELING FAN,1416.26,2264,10153,0.01
BLUE CHARLIE+LOLA PERSONAL DOORSIGN,1415.69,2265,1907,0.01
RETRO SPOT PARTY BAG + STICKER SET,1412.25,2266,938,0.01
VINTAGE RED ENAMEL TRIM PLATE,1406.3,2267,830,0.01
ASS FLORAL PRINT MULTI SCREWDRIVER,1405.51,2268,2853,0.01
PACK OF 6 LARGE FRUIT STRAWS,1401.7,2269,2282,0.01
TOAST ITS - HAPPY BIRTHDAY,1398.71,2270,1129,0.01
WAY OUT METAL SIGN,1398.18,2271,1066,0.01
EIGHT PIECE SNAKE  SET,1396.62,2272,1105,0.01
IVORY CHANDELIER T-LIGHT HOLDER,1395.18,2273,657,0.01
PINK WHITE SPOTS GARDEN PARASOL,1394.7,2274,204,0.01
LARGE YELLOW BABUSHKA NOTEBOOK,1393.45,2275,1204,0.01
CANDY SPOT CUSHION COVER,1392.64,2276,420,0.01
ENVELOPE 50 BLOSSOM IMAGES,1390.39,2277,2231,0.01
ASSORTED FLORAL SECATEURS,1389.44,2278,3177,0.01
BLUE POLKADOT KIDS BAG,1389.06,2279,568,0.01
FRENCH BLUE METAL DOOR SIGN No,1388.45,2280,1050,0.01
HERB MARKER ROSEMARY,1386.65,2281,1996,0.01
IVORY LOVE BIRD CANDLE,1385.82,2282,1252,0.01
CHRISTMAS TREE PAINTED ZINC,1385.46,2283,3521,0.01
RED SPOTTY LUGGAGE TAG,1385.3,2284,1000,0.01
PACK OF 12 VINTAGE CHRISTMAS TISSUE,1384.91,2285,3039,0.01
DECORATION  BUTTERFLY  MAGIC GARDEN,1382.96,2286,1521,0.01
6 HOOK JEWELLERY STAND BLACK DRESS,1380.52,2287,552,0.01
IVORY CAFE HANGING LAMP,1380.42,2288,116,0.01
ZINC BOX SIGN HOME,1378.75,2289,141,0.01
PINK/WHITE RIBBED MELAMINE JUG,1378.26,2290,169,0.01
GLITTER SNOW PEAR TREE DECORATION,1373.8,2291,1840,0.01
WOVEN BERRIES CUSHION COVER,1373.36,2292,429,0.01
PINK SWEETHEART BRACELET,1372.26,2293,327,0.01
MR ROBOT SOFT TOY,1371.42,2294,361,0.01
WALL ART VILLAGE SHOW,1369.71,2295,240,0.01
BLUE ROSE FABRIC MIRROR,1368.91,2296,1280,0.01
TRAVEL CARD WALLET TRANSPORT,1368.28,2297,3169,0.01
DANISH ROSE ROUND SEWING BOX,1368.26,2298,908,0.01
MULTICOLOUR HONEYCOMB FAN,1368.04,2299,1476,0.01
RED  SPOTTY COFFEE  MUG,1367.79,2300,710,0.01
FUNKY FLOWER PICNIC BAG FOR 4,1367.51,2301,120,0.01
PINK AND WHITE CHRISTMAS TREE 120CM,1366.48,2302,406,0.01
BEACH HUT KEY CABINET,1366.17,2303,435,0.01
WRAP PAISLEY PARK,1365.0,2304,3250,0.01
HERB MARKER THYME,1363.38,2305,1962,0.01
REINDEER HEART DECORATION SILVER,1363.04,2306,1536,0.01
"WRAP,SUKI AND FRIENDS",1363.0,2307,3350,0.01
VINTAGE BEAD COSMETIC BAG,1362.9,2308,1826,0.01
POLKADOT RAIN HAT,1360.83,2309,3014,0.01
BLUE KASHMIRI COFFEE TABLE,1359.95,2310,27,0.01
EGG CUP NATURAL CHICKEN,1357.7,2311,1521,0.01
SMALL MEDINA STAMPED METAL BOWL,1357.61,2312,1696,0.01
CARD HOLDER LOVE BIRD SMALL,1355.24,2313,332,0.01
PINK PAISLEY ROSE GIFT WRAP,1354.0,2314,3300,0.01
CLEAR COLOUR GLASS GEMS IN BAG,1351.18,2315,1125,0.01
PARTY INVITES DINOSAURS,1348.56,2316,1596,0.01
TOP SECRET PEN SET,1348.36,2317,1256,0.01
RETRO SPOT CERAMIC TOASTRACK,1346.08,2318,383,0.01
GREEN FERN SKETCHBOOK,1343.79,2319,458,0.01
GLITTER CHRISTMAS TREE WITH BELLS,1343.7,2320,1010,0.01
HANGING CHICK GREEN DECORATION,1343.28,2321,906,0.01
JUNGLE POPSICLES ICE LOLLY MOULDS,1338.87,2322,960,0.01
BLUE  SPOTTY EGG CUP,1338.36,2323,994,0.01
PINK HEARTS PAPER GARLAND,1337.59,2324,806,0.01
JAZZ HEARTS MEMO PAD,1334.11,2325,10967,0.01
BLACK EAR MUFF HEADPHONES,1333.96,2326,231,0.01
RECYCLED PENCIL WITH RABBIT ERASER,1333.95,2327,5827,0.01
"GARLAND, MAGIC GARDEN 1.8M",1332.36,2328,656,0.01
SET/3 POLKA DOT STACKING TINS,1331.76,2329,264,0.01
RABBIT  DESIGN  COTTON TOTE BAG,1329.63,2330,542,0.01
WALL ART VINTAGE HEART,1329.54,2331,331,0.01
YELLOW POT PLANT CANDLE,1329.49,2332,505,0.01
PIN CUSHION BABUSHKA PINK,1329.48,2333,497,0.01
YULETIDE IMAGES GIFT WRAP SET,1327.68,2334,1148,0.01
WRAP VINTAGE PETALS  DESIGN,1327.5,2335,3275,0.01
DECORATIVE FLORE BATHROOM BOTTLE,1326.29,2336,874,0.01
RED/CREAM STRIPE CUSHION COVER,1325.27,2337,1009,0.01
MILK PAN PINK POLKADOT,1325.01,2338,331,0.01
ROMANTIC IMAGES GIFT WRAP SET,1323.51,2339,1441,0.01
FRIDGE MAGNETS LA VIE EN ROSE,1323.42,2340,1500,0.01
HERB MARKER PARSLEY,1322.86,2341,1925,0.01
COSY SLIPPER SHOES SMALL  RED,1322.63,2342,422,0.01
PINK DOG BOWL,1320.57,2343,675,0.01
RED SPOTTY WASHBAG,1319.96,2344,586,0.01
BUNNY EGG BOX,1319.09,2345,1045,0.01
RED DRAGONFLY HELICOPTER,1317.92,2346,162,0.01
BLUE SCANDINAVIAN PAISLEY WRAP,1317.5,2347,3175,0.01
RED CHARLIE+LOLA PERSONAL DOORSIGN,1316.48,2348,2340,0.01
FRIDGE MAGNETS LES ENFANTS ASSORTED,1314.89,2349,1583,0.01
DOLLY GIRL CHILDRENS EGG CUP,1313.86,2350,999,0.01
GARDEN PATH POCKET BOOK,1313.66,2351,5550,0.01
BEACH HUT DESIGN BLACKBOARD,1313.52,2352,422,0.01
VINTAGE CHRISTMAS PAPER GIFT BAG,1313.39,2353,1608,0.01
PINK/WHITE CHRISTMAS TREE 60CM,1312.2,2354,1727,0.01
HOME SWEET HOME 2 DRAWER CABINET,1311.48,2355,252,0.01
BLACK TEA TOWEL CLASSIC DESIGN,1309.81,2356,1272,0.01
FRENCH STYLE EMBOSSED HEART CABINET,1309.39,2357,54,0.01
PINK HEART CANDY BUTTON CALCULATOR,1308.74,2358,551,0.01
HANGING BAUBLE T-LIGHT HOLDER SMALL,1308.59,2359,559,0.01
CLEAR MILKSHAKE GLASS,1308.15,2360,551,0.01
STRAWBERRIES  DESIGN FLANNEL,1307.1,2361,1862,0.01
MINI CAKE STAND T-LIGHT HOLDER,1306.09,2362,2721,0.01
WOVEN BUBBLE GUM CUSHION COVER,1303.88,2363,411,0.01
SET/4 BADGES BALLOON GIRL,1303.27,2364,1013,0.01
GREEN MINI TAPE MEASURE,1301.72,2365,1610,0.01
DOOR HANGER  MUM + DADS ROOM,1299.55,2366,1043,0.01
SET/6 PINK BIRD T-LIGHT CANDLES,1296.36,2367,723,0.01
MIRROR MOSAIC GOBLET CANDLE HOLDER,1294.7,2368,692,0.01
RETRO PLASTIC ELEPHANT TRAY,1293.76,2369,1619,0.01
JIGSAW TOADSTOOLS 3 PIECE,1292.59,2370,1093,0.01
EASTER DECORATION EGG BUNNY,1291.47,2371,1472,0.01
SNOWSTORM PHOTO FRAME FRIDGE MAGNET,1291.38,2372,1538,0.01
ORANGE SCENTED SET/9 T-LIGHTS,1291.09,2373,1480,0.01
FELT FARM ANIMAL RABBIT,1291.05,2374,1342,0.01
SET 4 NURSERY DES ROUND BOXES,1289.31,2375,3049,0.01
TALL ROCOCO CANDLE HOLDER,1289.24,2376,143,0.01
PACK 6 HEART/ICE-CREAM PATCHES,1287.54,2377,1023,0.01
JARDIN ETCHED GLASS FRUITBOWL,1286.44,2378,182,0.01
PINK HEART SHAPE PHOTO FRAME,1285.91,2379,720,0.01
LAVENDER INCENSE IN TIN,1285.89,2380,2085,0.01
3D SHEET OF DOG STICKERS,1285.87,2381,1378,0.01
CHRISTMAS DECOUPAGE CANDLE,1283.13,2382,2394,0.01
CANDY POP CHUNKY KNITTED THROW,1282.9,2383,101,0.01
METAL SIGN CUPCAKE SINGLE HOOK,1281.86,2384,1186,0.01
SWALLOW SQUARE TISSUE BOX,1281.75,2385,2064,0.01
MINI JIGSAW BAKE A CAKE,1281.49,2386,3247,0.01
CANDLE PLATE LACE WHITE,1279.79,2387,549,0.01
DANISH ROSE BEDSIDE CABINET,1278.35,2388,33,0.01
PINK POLKADOT KIDS BAG,1275.31,2389,539,0.01
SKULLS STORAGE BOX LARGE,1274.93,2390,505,0.01
METAL WALL SHELF UNIT WITH HOOKS,1274.47,2391,30,0.01
MARIE ANTOINETTE TRINKET BOX SILVER,1273.76,2392,334,0.01
RETRO SPOTS PUDDING BOWL,1273.26,2393,294,0.01
RATTLE SNAKE EGGS,1271.66,2394,1520,0.01
VINTAGE BEAD PINK PURSE,1270.93,2395,1041,0.01
CERAMIC BIRDHOUSE RED ROOF SMALL,1270.39,2396,547,0.01
BLACK BAROQUE WALL CLOCK,1268.66,2397,115,0.01
SILVER VANILLA  FLOWER CANDLE POT,1268.12,2398,342,0.01
FRENCH PAISLEY CUSHION COVER,1268.11,2399,857,0.01
3D STICKERS VINTAGE CHRISTMAS,1268.0,2400,1060,0.01
CHRYSANTHEMUM SKETCHBOOK,1265.06,2401,442,0.01
CHRYSANTHEMUM NOTEBOOK,1262.7,2402,3660,0.01
FOLDING UMBRELLA  CREAM/MULTI  SPOT,1260.25,2403,379,0.01
VINTAGE EMBOSSED HEART,1257.68,2404,955,0.01
PARTY INVITES JAZZ HEARTS,1256.27,2405,1456,0.01
ANTIQUE GLASS PLACE SETTING,1256.21,2406,869,0.01
UNION FLAG WINDSOCK,1255.97,2407,1082,0.01
HERB MARKER MINT,1255.44,2408,1800,0.01
GOLD WINE GLASS,1255.08,2409,361,0.01
SMALLFOLKART BAUBLE CHRISTMAS DEC,1254.9,2410,3565,0.01
SET OF 4 KNICK KNACK TINS LEAVES,1253.78,2411,306,0.01
POSY CANDY BAG,1252.92,2412,4142,0.01
EMBROIDERED RIBBON REEL EMILY,1252.01,2413,571,0.01
BLUE KASHMIRI OCCASIONAL TABLE,1249.45,2414,24,0.01
"BLACK TEA,COFFEE,SUGAR JARS",1248.98,2415,492,0.01
POCKET BAG PINK PAISELY BROWN SPOT,1248.74,2416,877,0.01
CERAMIC BOWL WITH LOVE HEART DESIGN,1248.15,2417,761,0.01
SILK PURSE RUSSIAN DOLL BLUE,1245.93,2418,375,0.01
PAPERWEIGHT SAVE THE PLANET,1245.52,2419,647,0.01
GLASS CAKE STAND MIRRORED BASE,1244.81,2420,77,0.01
75 GREEN FAIRY CAKE CASES,1243.99,2421,2194,0.01
SET OF 6 T-LIGHTS EASTER CHICKS,1243.88,2422,420,0.01
CRAZY DAISY HEART DECORATION,1243.68,2423,1613,0.01
COLUMBIAN CANDLE ROUND,1243.64,2424,1907,0.01
RETRO MOD TRAY,1242.96,2425,1403,0.01
BLACK CHAMPAGNE GLASS,1240.83,2426,1833,0.01
GIANT SEVENTEEN DRAWER SIDEBOARD,1240.0,2427,8,0.01
MINI JIGSAW BUNNIES,1239.62,2428,3019,0.01
SMALL RETRO SPOT MUG IN BOX  RED,1238.54,2429,324,0.01
GIN AND TONIC DIET METAL SIGN,1237.5,2430,498,0.01
HANGING ENGRAVED METAL HEART,1236.66,2431,294,0.01
SILVER RETRODISC LAMPSHADE,1234.27,2432,607,0.01
ASSORTED COLOUR SET 6 TEASPOONS,1232.02,2433,268,0.01
SINGLE WIRE HOOK IVORY HEART,1231.51,2434,879,0.01
PIN CUSHION RUSSIAN DOLL RED,1230.67,2435,395,0.01
PINK PAISLEY CUSHION COVER,1230.39,2436,432,0.01
FRENCH BLUE METAL DOOR SIGN 3,1230.38,2437,899,0.01
TUB 24 HANGING EASTER EGGS SPOTTY,1229.82,2438,373,0.01
SCOTTIES CHILDRENS APRON,1228.82,2439,762,0.01
HERB MARKER CHIVES,1226.72,2440,1771,0.01
BLUE DRAGONFLY HELICOPTER,1226.51,2441,151,0.01
SET OF PICTURE FRAME  STICKERS,1225.17,2442,332,0.01
RED POLKA DOT TISSUE BOX,1224.89,2443,1003,0.01
TEATIME PEN CASE & PENS,1223.5,2444,10056,0.01
STANDING METAL RABBIT WITH EGG,1223.02,2445,670,0.01
PINK STITCHED WALL CLOCK,1221.96,2446,756,0.01
IVORY WIRE KITCHEN ORGANISER,1220.82,2447,121,0.01
T-LIGHT HOLDER WHITE LACE,1215.83,2448,1396,0.01
PAPER BUNTING VINTAGE PARTY,1215.53,2449,427,0.01
DOORMAT BIRD ON THE WIRE,1213.87,2450,231,0.01
BLUE POLKADOT WASHING UP GLOVES,1212.46,2451,535,0.01
SET OF THREE 50'S GIFT WRAPS,1210.6,2452,637,0.01
FRENCH BLUE METAL DOOR SIGN 5,1210.34,2453,879,0.01
JIGSAW RABBIT AND BIRDHOUSE,1210.11,2454,949,0.01
DANISH ROSE FOLDING CHAIR,1210.0,2455,120,0.01
BEACH HUT SHELF W 3 DRAWERS,1208.06,2456,314,0.01
EASTER DECORATION NATURAL CHICK,1207.8,2457,1843,0.01
SMALL LICORICE DES PINK BOWL,1205.61,2458,1154,0.01
RED SPOTTY EGG CUP,1205.25,2459,948,0.01
CHRYSANTHEMUM  JOURNAL,1201.68,2460,606,0.01
HOUSE WRECKING METAL SIGN,1201.52,2461,757,0.01
COLOURFUL STANDING GNOME,1200.93,2462,721,0.01
FELT FARM ANIMAL CHICKEN,1200.07,2463,933,0.01
Next Day Carriage,1200.0,2464,79,0.01
WHITE STITCHED CUSHION COVER,1199.66,2465,214,0.01
STARS GIFT TAPE,1199.48,2466,2348,0.01
DRAWER KNOB VINTAGE GLASS STAR,1198.96,2467,556,0.01
PIN CUSHION BABUSHKA RED,1196.06,2468,358,0.01
MAGNETS PACK OF 4 VINTAGE LABELS,1195.89,2469,1715,0.01
LARGE ENGLISH ARBORETUM,1195.15,2470,113,0.01
BEADED CRYSTAL HEART PINK SMALL,1193.56,2471,793,0.01
PINK NEW BAROQUECANDLESTICK CANDLE,1193.0,2472,838,0.01
MARIE ANTOINETTE TRINKET BOX GOLD,1192.6,2473,314,0.01
MILK PAN BLUE RETROSPOT,1192.13,2474,311,0.01
MIRROR MOSAIC T-LIGHT HOLDER,1191.69,2475,1842,0.01
FENG SHUI PILLAR CANDLE,1190.92,2476,6268,0.01
PINK SMALL GLASS CAKE STAND,1189.23,2477,544,0.01
3D STICKERS TRADITIONAL CHRISTMAS,1187.0,2478,980,0.01
ASS FLORAL PRINT SCISSORS,1186.9,2479,6842,0.01
SET/3 POT PLANT CANDLES,1185.07,2480,197,0.01
SET OF 3 DANISH ROSE PLANTERS,1183.82,2481,926,0.01
CHEST 7 DRAWER MA CAMPAGNE,1182.78,2482,48,0.01
WALL ART LOVES' SECRET,1180.35,2483,239,0.01
MUSICAL ZINC HEART DECORATION,1179.59,2484,2763,0.01
WHITE CHRISTMAS HEART DECORATION,1179.43,2485,2707,0.01
LARGE CHUNKY GLASS ROMAN BOWL,1179.17,2486,299,0.01
DAIRY MAID TOASTRACK,1178.5,2487,900,0.01
BEADED PEARL HEART WHITE LARGE,1176.29,2488,685,0.01
CHERUB HEART DECORATION SILVER,1176.17,2489,1355,0.01
FLYING PIG WATERING CAN,1175.93,2490,460,0.01
BLUE POLKADOT BEAKER,1174.16,2491,2856,0.01
CUPID DESIGN SCENTED CANDLES,1174.01,2492,694,0.01
NATURAL HANGING QUILTED HEARTS,1171.23,2493,1449,0.01
BIRD DECORATION RED RETROSPOT,1170.4,2494,1261,0.01
BIRD DECORATION RED SPOT,1169.55,2495,1267,0.01
BIRTHDAY BANQUET GIFT WRAP,1166.3,2496,2815,0.01
LAVENDER TOILETTE BOTTLE,1166.0,2497,557,0.01
EMBROIDERED RIBBON REEL DAISY,1164.98,2498,579,0.01
BLUE TV TRAY TABLE,1164.04,2499,227,0.01
ASSORTED TUTTI FRUTTI BRACELET,1163.8,2500,3204,0.01
MINI PLAYING CARDS DOLLY GIRL,1163.45,2501,2627,0.01
ASSORTED TUTTI FRUTTI PHOTO FRAME,1162.89,2502,421,0.01
SET/4 COLOURFUL MIXING BOWLS,1160.56,2503,116,0.01
SMALL POLKADOT CHOCOLATE GIFT BAG,1159.44,2504,1338,0.01
6 CROCHET STRAWBERRIES,1158.28,2505,964,0.01
VINTAGE WOODEN BAR STOOL,1157.9,2506,43,0.01
EGG CUP MILKMAID HEIDI,1156.93,2507,881,0.01
MINI PLAYING CARDS BUFFALO BILL,1155.67,2508,2882,0.01
SET OF 2 CERAMIC CHRISTMAS TREES,1152.98,2509,779,0.01
FELT FARM ANIMAL WHITE BUNNY,1152.22,2510,2014,0.01
FLORAL BATHROOM SET,1149.73,2511,2330,0.01
SET OF 6 T-LIGHTS WEDDING CAKE,1149.02,2512,430,0.01
12 ASS ZINC CHRISTMAS DECORATIONS,1148.05,2513,487,0.01
CARD PARTY GAMES,1147.77,2514,2728,0.01
GREEN GOOSE FEATHER CHRISTMAS TREE,1146.12,2515,283,0.01
SMALL CHUNKY GLASS ROMAN  BOWL,1146.11,2516,693,0.01
PACK OF 12 CIRCUS PARADE TISSUES,1145.88,2517,3718,0.01
SET/12 TAPER CANDLES,1145.76,2518,1244,0.01
CUBIC MUG BLUE POLKA DOT,1145.26,2519,1252,0.01
BOTANICAL ROSE GIFT WRAP,1144.3,2520,2815,0.01
PINK POT PLANT CANDLE,1143.97,2521,333,0.01
BLACK SMALL GLASS CAKE STAND,1142.02,2522,609,0.01
CARD CAT AND TREE,1141.36,2523,2605,0.01
CUSHION COVER PINK UNION JACK,1140.27,2524,181,0.01
MIRRORED WALL ART PHOTO FRAMES,1140.0,2525,238,0.01
GREEN JUICY FRUIT PHOTO FRAME,1139.07,2526,429,0.01
BLACK SILVER FLOWER T-LIGHT HOLDER,1138.04,2527,11520,0.01
3D STICKERS CHRISTMAS STAMPS,1137.0,2528,940,0.01
SKULLS DESIGN FLANNEL,1136.28,2529,1672,0.01
WHITE WITH BLACK CATS MUG,1134.68,2530,5249,0.01
JIGSAW TREE WITH WATERING CAN,1134.64,2531,1657,0.01
CARD WEDDING DAY,1133.93,2532,2717,0.01
CHRISTMAS MUSICAL ZINC TREE,1131.85,2533,1790,0.01
CERAMIC STRAWBERRY TRINKET TRAY,1131.37,2534,425,0.01
PERIWINKLE T-LIGHT HOLDER,1131.14,2535,3162,0.01
"RIBBON REEL, XMAS SOCK/BAUBLE",1131.0,2536,700,0.01
MINI PLAYING CARDS SPACEBOY,1129.12,2537,2723,0.01
FELT TOADSTOOL  SMALL,1127.11,2538,1185,0.01
"WRAP, BILLBOARD FONTS DESIGN",1126.22,2539,2891,0.01
MODERN VINTAGE COTTON SHOPPING BAG,1125.85,2540,894,0.01
GREEN CAT FLORAL CUSHION COVER,1125.05,2541,420,0.01
RED FLOCK LOVE HEART PHOTO FRAME,1122.65,2542,1681,0.01
BIRDCAGE DECORATION TEALIGHT HOLDER,1122.01,2543,935,0.01
CARD GINGHAM ROSE,1121.29,2544,2753,0.01
YELLOW SHARK HELICOPTER,1121.28,2545,138,0.01
ASSORTED COLOUR SILK GLASSES CASE,1120.96,2546,2004,0.01
3D SHEET OF CAT STICKERS,1119.09,2547,1231,0.01
MINI PLAYING CARDS GYMKHANA,1118.8,2548,2521,0.01
TRELLIS COAT RACK,1118.61,2549,227,0.01
ASSORTED LAQUERED INCENSE HOLDERS,1117.09,2550,6240,0.01
"DECORATION , WOBBLY CHICKEN, METAL",1116.61,2551,780,0.01
SMALL RED SPOT  WINDMILL,1116.44,2552,852,0.01
ETCHED GLASS BIRD TREE DECORATION,1114.76,2553,850,0.01
EMBROIDERED RIBBON REEL SUSIE,1114.26,2554,566,0.01
SCOTTIE DOGS BABY BIB,1113.91,2555,2153,0.01
ENGLISH ROSE SPIRIT LEVEL,1113.07,2556,1028,0.01
RED HEART LUGGAGE TAG,1111.89,2557,797,0.01
HANGING QUILTED PATCHWORK APPLES,1108.58,2558,1258,0.01
CLASSICAL ROSE SMALL VASE,1108.28,2559,565,0.01
FOLDING UMBRELLA BLACKBLUE POLKADOT,1107.94,2560,230,0.01
FRUIT TREE AND BIRDS WALL PLAQUE,1106.16,2561,288,0.01
KITTENS DESIGN FLANNEL,1106.01,2562,1789,0.01
RIDGED GLASS T-LIGHT HOLDER,1105.15,2563,1760,0.01
METAL SIGN HIS DINNER IS SERVED,1103.88,2564,823,0.01
DOLLY HONEYCOMB GARLAND,1103.48,2565,854,0.01
SMALL KITCHEN FLOWER POTS PLAQUE,1101.55,2566,400,0.01
50'S CHRISTMAS PAPER GIFT BAG,1100.69,2567,1342,0.01
PINK FAIRY CAKE COASTER,1099.88,2568,2706,0.01
WRAP WEDDING DAY,1099.58,2569,2799,0.01
FRENCH BLUE METAL DOOR SIGN 4,1099.34,2570,795,0.01
GOLD STANDING GNOME,1098.86,2571,276,0.01
MA CAMPAGNE MINI WOODEN CHEST,1097.8,2572,301,0.01
FLOOR LAMP SHADE WOOD BASE,1097.48,2573,121,0.01
MINI PAINTED GARDEN DECORATION,1096.56,2574,2831,0.01
CUBIC MUG FLOCK BLUE ON BROWN,1095.85,2575,1253,0.01
SET/3 TALL GLASS CANDLE HOLDER PINK,1095.35,2576,102,0.01
TRAVEL CARD WALLET UNION JACK,1094.93,2577,2545,0.01
PINK ROSE FABRIC MIRROR,1093.14,2578,1098,0.01
S/16 VINTAGE SKY BLUE CUTLERY,1092.42,2579,84,0.01
CANDY SPOT EGG WARMER HARE,1091.21,2580,1361,0.01
ZINC  HEART T-LIGHT HOLDER,1090.66,2581,868,0.01
BLUE PAISLEY POCKET BOOK,1089.73,2582,5145,0.01
GLITTER HEART DECORATION,1088.59,2583,2469,0.01
PRETTY HANGING QUILTED HEARTS,1088.36,2584,1276,0.01
PINK JUICY FRUIT PHOTO FRAME,1087.73,2585,387,0.01
MUMMY MOUSE RED GINGHAM RIBBON,1085.59,2586,201,0.01
3 WICK CHRISTMAS BRIAR CANDLE,1083.36,2587,282,0.01
I LOVE LONDON BEAKER,1077.3,2588,860,0.01
GLITTER CHRISTMAS TREE,1077.19,2589,1687,0.01
FOLDING UMBRELLA CREAM POLKADOT,1076.23,2590,232,0.01
VINTAGE PINK DECORATIVE PARASOL,1076.22,2591,132,0.01
SILVER HEARTS TABLE DECORATION,1075.03,2592,1274,0.01
BLUE  DIAMANTE PEN IN GIFT BOX,1072.98,2593,447,0.01
FRENCH LAVENDER SCENT HEART,1070.29,2594,1076,0.01
VINTAGE SHELLS PRINT,1069.76,2595,135,0.01
LARGE ROUND CUTGLASS CANDLESTICK,1069.16,2596,156,0.01
EIGHT PIECE CREEPY CRAWLIE SET,1068.89,2597,835,0.01
DECORATIVE WICKER HEART SMALL,1062.28,2598,1596,0.01
BEADED CRYSTAL HEART PINK ON STICK,1061.41,2599,1423,0.01
EASTER TIN CHICKS PINK DAISY,1060.85,2600,612,0.01
POLKA DOT PEN,1060.8,2601,1248,0.01
MAGIC DRAWING SLATE LEAP FROG,1060.78,2602,2766,0.01
STAR  T-LIGHT HOLDER,1060.24,2603,679,0.01
4 IVORY DINNER CANDLES GOLD FLOCK,1060.19,2604,822,0.01
ASSORTED EASTER DECORATIONS  BELLS,1059.85,2605,877,0.01
DRAWER KNOB CERAMIC RED,1058.9,2606,714,0.01
SET OF 3 CONEY ISLAND OVAL BOXES,1058.72,2607,269,0.01
TRAVEL CARD WALLET SUKI,1058.64,2608,2381,0.01
EMBROIDERED RIBBON REEL SOPHIE,1058.6,2609,296,0.01
WHITE BAROQUE WALL CLOCK,1058.17,2610,103,0.01
VINTAGE BEAD PINK SCARF,1057.62,2611,459,0.01
WHITE BITTY LIGHT CHAIN,1056.6,2612,246,0.01
DOLLY GIRL WALL ART,1055.94,2613,318,0.01
POP ART PEN CASE & PENS,1054.7,2614,10612,0.01
BLUE POLKADOT COFFEE MUG,1054.46,2615,2137,0.01
HOME SWEET HOME 3 PEG HANGER,1053.53,2616,271,0.01
PAINTED METAL TREE WITH HOLLY BELLS,1053.19,2617,733,0.01
BLUE 5 PATCH FLOWER CUSHION COVER,1052.29,2618,435,0.01
SCANDINAVIAN 3 HEARTS NAPKIN RING,1052.02,2619,2258,0.01
ASSTD MULTICOLOUR CIRCLES MUG,1051.69,2620,1739,0.01
HEART EAR MUFF HEADPHONES,1051.4,2621,165,0.01
HANGING CLEAR MINI BOTTLE,1051.14,2622,1734,0.01
PINK KASHMIRI COFFEE TABLE,1050.0,2623,20,0.01
BLACK BIRD GARDEN DESIGN MUG,1048.83,2624,6156,0.01
ASSORTED EASTER GIFT TAGS,1048.28,2625,1230,0.01
SET OF 72 GREEN PAPER DOILIES,1047.93,2626,654,0.01
GIFT BAG PSYCHEDELIC APPLES,1047.45,2627,1660,0.01
PARTY INVITES FOOTBALL,1046.56,2628,1396,0.01
SILVER JEWELLED MIRROR TRINKET TRAY,1045.88,2629,125,0.01
PINK 5 PATCH FLOWER CUSHION COVER,1045.16,2630,432,0.01
BUBBLE GUM CHUNKY KNITTED THROW,1044.23,2631,83,0.01
HOME SWEET HOME BOTTLE,1043.72,2632,473,0.01
VINTAGE BEAD PINK EVENING BAG,1043.44,2633,642,0.01
ESSENTIAL BALM 3.5g TIN IN ENVELOPE,1043.22,2634,11396,0.01
70'S ALPHABET WALL ART,1043.1,2635,150,0.01
S/3 PINK COL METAL BASKET W HANDLE,1042.16,2636,129,0.01
EASTER DECORATION HANGING BUNNY,1040.11,2637,2542,0.01
WRAP  VINTAGE DOILY,1039.08,2638,2474,0.01
BLUE TEATIME PRINT BOWL,1038.72,2639,786,0.01
ANTIQUE CREAM CUTLERY SHELF,1036.84,2640,114,0.01
SWEETIES  STICKERS,1036.43,2641,1135,0.01
VIPPASSPORT COVER,1033.55,2642,539,0.01
ZINC HEART FLOWER T-LIGHT HOLDER,1033.28,2643,795,0.01
RIDGED GLASS STORAGE JAR CREAM LID,1031.07,2644,258,0.01
BEACH HUT MIRROR,1027.79,2645,389,0.01
SILVER GLASS T-LIGHT SET,1024.49,2646,351,0.01
BLUE NEW BAROQUE CANDLESTICK CANDLE,1024.15,2647,770,0.01
MIDNIGHT GLAMOUR SCARF KNITTING KIT,1024.1,2648,632,0.01
COCKLE SHELL DISH,1023.9,2649,502,0.01
CANDY HEART HANGING DECORATION,1023.77,2650,1545,0.0
BUNNY DECORATION MAGIC GARDEN,1022.79,2651,1184,0.0
LUNCHBAG SPACEBOY DESIGN,1022.6,2652,644,0.0
PINK HEARTS LIGHT CHAIN,1022.16,2653,364,0.0
HEART MINI PORTRAIT FRAME,1021.76,2654,518,0.0
ZINC SWEETHEART WIRE LETTER RACK,1020.69,2655,263,0.0
CARD DOG AND BALL,1018.42,2656,2405,0.0
PINK BUTTERFLY HANDBAG W BOBBLES,1017.64,2657,234,0.0
CURIOUS IMAGES SCRAP BOOK SET,1017.48,2658,481,0.0
BISCUITS SMALL BOWL LIGHT BLUE,1016.42,2659,1537,0.0
WALL ART MID CENTURY MODERN,1015.78,2660,164,0.0
WRAP CHRISTMAS SCREEN PRINT,1015.75,2661,3500,0.0
LIPSTICK PEN BABY PINK,1014.75,2662,2111,0.0
PINK OVAL JEWELLED MIRROR,1014.48,2663,176,0.0
TROPICAL PASSPORT COVER,1014.42,2664,578,0.0
EAU DE NILE JEWELLED PHOTOFRAME,1013.25,2665,511,0.0
STRAWBERRY CANDY BAG,1011.7,2666,2218,0.0
WALL ART BUFFALO BILL,1011.1,2667,334,0.0
FRENCH BLUE METAL DOOR SIGN 6,1009.42,2668,737,0.0
SET/6 COLLAGE PAPER CUPS,1008.81,2669,2929,0.0
CONGRATULATIONS BUNTING,1008.73,2670,183,0.0
ASSTD FRUIT+FLOWERS FRIDGE MAGNETS,1007.52,2671,3096,0.0
SWEETHEART WALL TIDY,1007.08,2672,108,0.0
SET OF 4 NAPKIN CHARMS LEAVES,1006.24,2673,464,0.0
36 DOILIES SPACEBOY DESIGN,1005.37,2674,709,0.0
GINGHAM OVEN GLOVE RED HEART,1003.89,2675,249,0.0
RETRO PLASTIC POLKA TRAY,1000.45,2676,1964,0.0
PACK OF 6 COCKTAIL PARASOL STRAWS,1000.44,2677,2501,0.0
SKULLS STORAGE BOX SMALL,999.06,2678,507,0.0
WALL ART GARDEN HAVEN,998.64,2679,215,0.0
COLOURFUL FISHING GNOME,998.03,2680,297,0.0
SET OF SKULL WALL STICKERS,997.55,2681,402,0.0
EMBROIDERED RIBBON REEL REBECCA,996.38,2682,334,0.0
MRS ROBOT SOFT TOY,996.19,2683,273,0.0
MISELTOE HEART WREATH CREAM,996.0,2684,240,0.0
CAMOUFLAGE EAR MUFF HEADPHONES,995.48,2685,155,0.0
SET/6 EAU DE NIL BIRD T-LIGHTS,993.03,2686,543,0.0
FIRST CLASS PASSPORT COVER,992.99,2687,498,0.0
ROSES IN WHITE HEART CANDLE,991.38,2688,1818,0.0
SILVER  CANDLEPOT JARDIN,990.84,2689,258,0.0
CANDY SHOP  STICKER SHEET,990.5,2690,1090,0.0
BLUE PAINTED KASHMIRI TABLE,990.0,2691,17,0.0
LIBRARY LAMP,989.62,2692,42,0.0
FOLDING BUTTERFLY MIRROR RED,985.88,2693,1262,0.0
MADRAS NOTEBOOK MEDIUM,985.74,2694,1014,0.0
FILIGREE WALL MIRROR  ANTIQUE WHITE,985.54,2695,96,0.0
EAU DE NILE HEART SHAPE PHOTO FRAME,985.4,2696,570,0.0
FOLKART ZINC STAR CHRISTMAS DEC,984.63,2697,1131,0.0
NAMASTE SWAGAT INCENSE,984.24,2698,3720,0.0
VINTAGE BEAD NOTEBOOK,982.53,2699,311,0.0
BLOSSOM  IMAGES NOTEBOOK SET,982.47,2700,718,0.0
PINK BUTTERFLY CUSHION COVER,981.94,2701,282,0.0
EMBROIDERED RIBBON REEL RACHEL,980.41,2702,361,0.0
PING! MICROWAVE PLATE,978.74,2703,313,0.0
FRAPPUCINO SCARF KNITTING KIT,977.55,2704,606,0.0
EMBROIDERED RIBBON REEL SALLY,977.39,2705,478,0.0
PASTEL COLOUR HONEYCOMB FAN,976.91,2706,1078,0.0
EMBROIDERED RIBBON REEL ROSIE,975.24,2707,500,0.0
BLACK CHRISTMAS TREE 120CM,974.81,2708,268,0.0
KNITTED MUG COSY IVORY COLOUR,973.59,2709,597,0.0
PINK GLASS CANDLEHOLDER,972.11,2710,293,0.0
LARGE WHITE/PINK ROSE ART FLOWER,970.79,2711,650,0.0
HAWAIIAN GRASS SKIRT,970.28,2712,678,0.0
YULETIDE IMAGES S/6 PAPER BOXES,969.9,2713,787,0.0
MAGAZINE RACK GEBRA ASSORTED,969.61,2714,730,0.0
MIRROR MOSAIC CANDLE PLATE,968.08,2715,1187,0.0
HANGING BUTTERFLY  EGG,967.95,2716,1176,0.0
MOTHER'S KITCHEN SPOON REST,967.17,2717,226,0.0
EDWARDIAN TOILET ROLL UNIT,966.35,2718,166,0.0
SILVER PHOTO FRAME,964.61,2719,407,0.0
WHITE GLASS CHUNKY CHARM BRACELET,964.45,2720,107,0.0
BLUE PAISLEY NOTEBOOK,963.98,2721,3339,0.0
WHITE HEARTS WIRE PLANT POT HOLDER,963.27,2722,343,0.0
GREEN FERN NOTEBOOK,962.48,2723,3484,0.0
FRENCH BLUE METAL DOOR SIGN 7,961.81,2724,723,0.0
SILVER VANILLA FLOWER CANDLE POT,960.99,2725,249,0.0
SET OF 12 MINI BUNNIES IN A BUCKET,959.46,2726,1669,0.0
BEADED CRYSTAL HEART PINK LARGE,958.85,2727,788,0.0
S/3 FLWR FAIRY LAVENDER CANDLES,957.73,2728,445,0.0
WHITE CHRISTMAS TREE DECORATION,957.63,2729,2221,0.0
TRAVEL CARD WALLET RETROSPOT,956.94,2730,2194,0.0
TABLE LAMP WHITE SHADE WOOD BASE,956.89,2731,179,0.0
DOORSTOP RACING CAR DESIGN,956.17,2732,384,0.0
WALL ART DOLLY GIRL,956.05,2733,319,0.0
MAGIC GARDEN FELT GARLAND,955.59,2734,425,0.0
PACK OF 12 VINTAGE DOILY TISSUES,955.42,2735,2272,0.0
CHERRY BLOSSOM BATHROOM CABINET,955.35,2736,193,0.0
SILVER GLITTER FLOWER VOTIVE HOLDER,954.15,2737,2907,0.0
ABSTRACT CIRCLES POCKET BOOK,953.42,2738,5425,0.0
SET OF 4 POLKADOT PLACEMATS,953.37,2739,200,0.0
BLOSSOM IMAGES GIFT WRAP SET,953.34,2740,982,0.0
FOLDING UMBRELLA  WHITE/RED  SPOT,953.0,2741,262,0.0
BLACK STITCHED WALL CLOCK,952.66,2742,752,0.0
PARTY INVITES BALLOON GIRL,952.55,2743,1276,0.0
SET/9 CHRISTMAS T-LIGHTS SCENTED,952.51,2744,737,0.0
ORIGAMI LAVENDER INCENSE/CANDL SET,950.4,2745,856,0.0
SILVER FISHING GNOME,949.44,2746,124,0.0
BLUE JUICY FRUIT PHOTO FRAME,948.7,2747,355,0.0
BLUE YELLOW FLOWER PIGGY BANK,946.72,2748,489,0.0
MOROCCAN BEATEN METAL DISH LARGE,946.68,2749,110,0.0
CURIOUS IMAGES GIFT WRAP SET,946.59,2750,886,0.0
ASSORTED TUTTI FRUTTI KEYRING BALL,946.31,2751,1666,0.0
ADULT APRON APPLE DELIGHT,945.88,2752,184,0.0
GARDEN PATH NOTEBOOK,944.36,2753,3611,0.0
WRAP GINGHAM ROSE,943.92,2754,2276,0.0
MAGIC DRAWING SLATE GO TO THE FAIR,943.71,2755,2341,0.0
ROMANTIC IMAGES SCRAP BOOK SET,943.44,2756,477,0.0
CHRISTMAS CRAFT HEART DECORATIONS,942.88,2757,446,0.0
ROSE DU SUD OVEN GLOVE,942.26,2758,324,0.0
PINK PAISLEY SQUARE TISSUE BOX,938.86,2759,1667,0.0
CHUNKY SILVER NECKLACE PASTEL FLOWE,937.45,2760,93,0.0
DANISH ROSE DECORATIVE PLATE,937.44,2761,1059,0.0
JAM CLOCK MAGNET,936.89,2762,327,0.0
RETRO LAUNDRY TUB PINK,936.74,2763,86,0.0
WALL ART THE MAGIC FOREST,933.16,2764,148,0.0
WHITE/BLUE PULL BACK RACING CAR,933.07,2765,1714,0.0
ENGLISH ROSE SCISSORS,931.86,2766,4387,0.0
MULTI HEARTS  STICKERS,930.99,2767,1077,0.0
CLOCK MAGNET MUM'S KITCHEN,930.48,2768,324,0.0
CAKE SHOP  STICKER SHEET,929.81,2769,1068,0.0
RED RETROSPOT TAPE,928.9,2770,2000,0.0
SWISS CHALET TREE DECORATION,928.09,2771,1850,0.0
GOLD PHOTO FRAME,927.96,2772,474,0.0
DAISY NOTEBOOK,926.54,2773,3604,0.0
CREAM CUSHION COVER WITH FLOWERS,925.62,2774,198,0.0
FRENCH CARRIAGE LANTERN,925.35,2775,137,0.0
ANIMALS AND NATURE WALL ART,923.97,2776,267,0.0
RETROSPOT CANDLE  SMALL,923.97,2777,1139,0.0
GLASS BONBON JAR PARFUME AUX FLEURE,923.72,2778,663,0.0
WHITE ADVENT CANDLE,923.05,2779,465,0.0
SMALL PINK MAGIC CHRISTMAS TREE,922.18,2780,1757,0.0
PINK CAT BOWL,921.81,2781,513,0.0
EASTER DECORATION SITTING BUNNY,921.75,2782,1074,0.0
VINTAGE KEEPSAKE BOX TRAVELOGUE,919.8,2783,187,0.0
CERAMIC LOVE HEART MONEY BANK,919.63,2784,1058,0.0
RETRO LAUNDRY TUB PISTACHIO,918.91,2785,98,0.0
SET 5 MINI GATEAUX  FRIDGE MAGNETS,918.68,2786,2636,0.0
ROSES ON BLUE TEACUP CANDLE,918.65,2787,539,0.0
SMALL SPOTTY CHOCOLATE GIFT BAG,918.49,2788,1073,0.0
BEADED CRYSTAL HEART GREEN LARGE,918.33,2789,911,0.0
NEW BAROQUE JEWELLERY BOX,918.27,2790,108,0.0
WHITE GOOSE FEATHER TREE 60CM,917.85,2791,391,0.0
PINK YELLOW PATCH CUSHION COVER,916.83,2792,383,0.0
EGG FRYING PAN RED,915.4,2793,431,0.0
FRENCH BLUE METAL DOOR SIGN 8,915.3,2794,673,0.0
ROMANTIC IMAGES NOTEBOOK SET,915.04,2795,647,0.0
ETCHED GLASS DROPLET DECORATION,914.67,2796,1927,0.0
TRAVEL CARD WALLET SKULLS,914.37,2797,2119,0.0
GLASS CHALICE GREEN  LARGE,913.34,2798,398,0.0
"TUMBLER, NEW ENGLAND",911.76,2799,490,0.0
WHITE STITCHED WALL CLOCK,907.96,2800,867,0.0
WRAP MONSTER FUN,905.94,2801,2157,0.0
POLYESTER FILLER PAD 65CMx65CM,905.25,2802,213,0.0
WOVEN FROST CUSHION COVER,905.1,2803,258,0.0
"DECORATION , HANGING METAL RABBIT",904.02,2804,834,0.0
TRAVEL CARD WALLET PANTRY,903.16,2805,2002,0.0
BLUE CHALET BIRDFEEDER,902.03,2806,291,0.0
WALL ART WORK REST AND PLAY,901.58,2807,210,0.0
DECORATION  PINK CHICK MAGIC GARDEN,901.5,2808,1013,0.0
GLASS CHALICE BLUE SMALL,900.42,2809,972,0.0
PINK STRIPE HOT WATER BOTTLE,899.52,2810,285,0.0
DANISH ROSE TRINKET TRAYS,899.37,2811,323,0.0
SET/5 BLUE SPOTTY LID GLASS BOWLS,898.72,2812,314,0.0
FLOWER FAIRY INCENSE LAVENDER,896.34,2813,4542,0.0
FROG CANDLE,896.28,2814,998,0.0
BLOSSOM IMAGES SCRAP BOOK SET,896.09,2815,496,0.0
LARGE HANGING GLASS+ZINC LANTERN,896.0,2816,560,0.0
BAKING MOULD ROSE WHITE CHOCOLATE,895.97,2817,279,0.0
NINE DRAWER OFFICE TIDY,894.42,2818,58,0.0
FLOWERS  STICKERS,893.72,2819,1193,0.0
CHRYSANTHEMUM POCKET BOOK,891.13,2820,5777,0.0
RED DAISY POCKET BOOK,890.7,2821,5347,0.0
BLUE GLASS GEMS IN BAG,890.12,2822,911,0.0
HANGING SPRING FLOWER EGG SMALL,889.46,2823,1760,0.0
SET/4 BADGES DOGS,888.68,2824,659,0.0
BIRTHDAY PARTY CORDON BARRIER TAPE,888.55,2825,712,0.0
PANDA AND BUNNIES STICKER SHEET,888.34,2826,996,0.0
TUB 24 PINK FLOWER PEGS,886.23,2827,514,0.0
SPACEBOY WALL ART,885.9,2828,306,0.0
PINK/PURPLE RETRO RADIO,884.75,2829,297,0.0
JAZZ HEARTS MAGNETIC MEMO PAD,884.56,2830,7084,0.0
STRING OF STARS CARD HOLDER,883.22,2831,315,0.0
PLAYING CARDS VINTAGE DOILY,880.16,2832,701,0.0
S/2 ZINC HEART DESIGN PLANTERS,879.55,2833,89,0.0
BLACK PILLAR CANDLE SILVER FLOCK,877.8,2834,612,0.0
PANTRY 3 HOOK ROLLING PIN HANGER,876.9,2835,219,0.0
HOME SWEET HOME  BLACKBOARD,876.29,2836,132,0.0
PARTY INVITES SPACEMAN,875.87,2837,1053,0.0
BLACK CHRISTMAS TREE 60CM,874.65,2838,931,0.0
BLUE SWEETHEART BRACELET,874.63,2839,206,0.0
SMALL PINK GLASS SUNDAE DISH,874.46,2840,1149,0.0
ANTIQUE CREAM CUTLERY CUPBOARD,874.43,2841,76,0.0
PEG BAG APPLE DESIGN,874.35,2842,387,0.0
GREEN SWEETHEART BRACELET,873.97,2843,209,0.0
MARAKESH LANTERN SMALL,873.25,2844,199,0.0
PSYCHEDELIC WALL THERMOMETER,873.11,2845,714,0.0
CANDY PINK FRENCH BOUDOIR CLOCK,872.76,2846,90,0.0
WIRE EGG BASKET,872.38,2847,113,0.0
MIRRORED DOVE WALL DECORATION,872.34,2848,343,0.0
SCALLOP SHELL SOAP DISH,870.89,2849,1637,0.0
JINGLE BELLS TREE DECORATION,870.48,2850,477,0.0
RED SPOTTY PUDDING BOWL,869.23,2851,3828,0.0
REINDEER HEART DECORATION GOLD,869.15,2852,993,0.0
ASSTD DESIGN 3D PAPER STICKERS,869.08,2853,1734,0.0
"BROCADE PURSE,SMALL ARCH BUTTON",867.84,2854,3280,0.0
BIRD DECORATION GREEN POLKADOT,867.59,2855,939,0.0
ORIGAMI JASMINE INCENSE/CANDLE SET,867.45,2856,721,0.0
RED RETROSPOT LUGGAGE TAG,866.06,2857,584,0.0
WRAP RED VINTAGE DOILY,866.0,2858,2100,0.0
RED POLKADOT COFFEE  MUG,864.11,2859,1585,0.0
BLACK METAL BAROQUE PHOTO FRAME,864.1,2860,510,0.0
ACRYLIC GEOMETRIC LAMP,863.85,2861,51,0.0
"FRENCH BOTTLE , LAVENDER",860.08,2862,476,0.0
DECORATIVE HANGING SHELVING UNIT,859.25,2863,15,0.0
PLASMATRONIC LAMP,856.4,2864,104,0.0
MADRAS NOTEBOOK LARGE,855.24,2865,398,0.0
ELEPHANT TOY WITH BLUE T-SHIRT,854.91,2866,222,0.0
SILVER SKULL HOT WATER BOTTLE,854.23,2867,204,0.0
BUFFALO BILL WALL ART,852.72,2868,248,0.0
GREEN FERN POCKET BOOK,851.56,2869,5728,0.0
SMALL FOLKART STAR CHRISTMAS DEC,850.49,2870,2181,0.0
LARGE  TALL CAMPHOR WOOD TOADSTOOL,849.91,2871,183,0.0
2 PICTURE BOOK EGGS EASTER BUNNY,849.24,2872,768,0.0
VINTAGE NOTEBOOK PARIS DAYS,848.7,2873,351,0.0
MINI JIGSAW DINOSAUR,846.82,2874,1980,0.0
BUNNY WOODEN PAINTED WITH FLOWER,845.3,2875,1007,0.0
GIFT BAG BIRTHDAY,845.13,2876,1353,0.0
ANT COPPER LIME BOUDICCA BRACELET,843.91,2877,169,0.0
WHITE WITH BLACK CATS PLATE,843.88,2878,6168,0.0
FORKED CACTUS CANDLE,843.39,2879,333,0.0
ANTIQUE EDWARDIAN DRESSER,841.7,2880,53,0.0
GOLD FISHING GNOME,841.63,2881,126,0.0
EGG CUP MILKMAID INGRID,841.31,2882,644,0.0
PINK 3 TIER GLASS PLATE STAND,840.45,2883,119,0.0
PACK OF 12 PAISLEY PARK TISSUES,839.84,2884,1840,0.0
BROWN FLOWER LIGHTS,838.52,2885,120,0.0
LAVENDER SCENTED SET/9 T-LIGHTS,838.35,2886,1039,0.0
INLAID WOOD INCENSE HOLDER,837.88,2887,3707,0.0
PINK PICNIC BARBECUE BUCKET,837.77,2888,113,0.0
CERAMIC BIRDHOUSE BLACK ROSE  LARGE,837.6,2889,165,0.0
"CHARLIE+LOLA""EXTREMELY BUSY"" SIGN",837.23,2890,1285,0.0
TEA TIME PAPER LANTERNS,837.02,2891,384,0.0
SET/12 FUNKY FELT FLOWER PEG IN BAG,836.94,2892,420,0.0
RETRO LONGBOARD IRONING BOARD COVER,836.62,2893,343,0.0
PAIR PADDED HANGERS PINK CHECK,834.95,2894,242,0.0
SQUARECUSHION COVER PINK UNION FLAG,833.82,2895,119,0.0
RETROSPOT CANDLE  LARGE,833.75,2896,711,0.0
HELLO SAILOR BLUE SOAP HOLDER,833.57,2897,470,0.0
TREASURE AHOY WALL ART,833.46,2898,270,0.0
ABSTRACT CIRCLES NOTEBOOK,832.66,2899,3258,0.0
EASTER BUNNIES ON A STICK,831.04,2900,1564,0.0
MINI  ZINC GARDEN DECORATIONS,829.0,2901,1378,0.0
HANGING BAUBLE T-LIGHT HOLDER LARGE,827.3,2902,267,0.0
APOTHECARY MEASURING JAR,826.28,2903,67,0.0
GREEN METAL SWINGING BUNNY,824.97,2904,944,0.0
CERAMIC BIRDHOUSE BUTTERFLY LARGE,824.95,2905,169,0.0
RIDGED GLASS FINGER BOWL,820.21,2906,1183,0.0
FRENCH STYLE STORAGE JAR CAFE,819.46,2907,1982,0.0
FRENCH BLUE METAL DOOR SIGN 0,818.33,2908,621,0.0
LARGE CAMPHOR WOOD FIELD MUSHROOM,817.6,2909,134,0.0
FAIRY CAKE CERAMIC BUTTER DISH,817.6,2910,241,0.0
S/12 MINI RABBIT EASTER,816.48,2911,479,0.0
COLUMBIAN CANDLE RECTANGLE,814.91,2912,857,0.0
LOVELY BONBON STICKER SHEET,813.14,2913,906,0.0
SHAKER THROW  QUILTED,811.8,2914,52,0.0
MIRRORED WALL ART SKULLS,809.67,2915,470,0.0
JARDIN ETCHED GLASS LARGE BELL JAR,809.05,2916,91,0.0
DAISY JOURNAL,808.81,2917,438,0.0
SCOTTIES DESIGN WASHBAG,808.39,2918,408,0.0
PINK BUTTERFLY WASHBAG,808.22,2919,342,0.0
SMALL BONNE JAM JAR  T-LIGHT HOLDER,808.16,2920,422,0.0
PAINTED PINK RABBIT,807.6,2921,937,0.0
VINTAGE KEEPSAKE BOX PINK FLOWER,806.58,2922,91,0.0
ZINC POLICE BOX LANTERN,806.22,2923,195,0.0
ORIGAMI VANILLA INCENSE/CANDLE SET,806.16,2924,726,0.0
PINK FLOWER FABRIC PONY,805.38,2925,201,0.0
"RETRO ""TEA FOR ONE""",805.1,2926,145,0.0
SET/4 BADGES BEETLES,804.65,2927,621,0.0
PHOTO FRAME LINEN AND LACE LARGE,801.68,2928,215,0.0
RED REINDEER STRING OF 20 LIGHTS,801.4,2929,149,0.0
ANIMAL STICKERS,799.32,2930,3812,0.0
DECORATIVE PLANT POT WITH FRIEZE,799.02,2931,100,0.0
MOUSEY LONG LEGS SOFT TOY,797.96,2932,294,0.0
HORSE & PONY WALL ART,797.31,2933,256,0.0
PAINTED YELLOW WOODEN DAISY,797.27,2934,901,0.0
RETROSPOT CANDLE  MEDIUM,796.4,2935,744,0.0
SKULL LUNCHBOX WITH CUTLERY,796.12,2936,298,0.0
CERAMIC LOVE HEARTS DESIGN MUG,795.72,2937,520,0.0
SWEET HEART CAKE CARRIER,795.58,2938,80,0.0
DEEP BLUE GLASS GEMS IN BAG,794.46,2939,669,0.0
WHITE NEWBAROQUE CANDLESTICK CANDLE,793.34,2940,650,0.0
PEACH KNITTED HEN,793.32,2941,662,0.0
ENGLISH ROSE SCENTED HANGING FLOWER,792.73,2942,573,0.0
ZINC HEARTS PLANT POT HOLDER,792.47,2943,283,0.0
EMBROIDERED RIBBON REEL CLAIRE,792.31,2944,224,0.0
ENVELOPE 50 ROMANTIC IMAGES,792.15,2945,1157,0.0
DECORATIVE NET CANOPY CREAM,792.07,2946,83,0.0
CUSHION COVER PINK UNION FLAG,792.06,2947,120,0.0
EGG FRYING PAN IVORY,790.78,2948,377,0.0
SPOTS MUG,790.7,2949,437,0.0
RETRO SPOT CANDLE  LARGE,789.26,2950,295,0.0
EGG CUP HENRIETTA HEN CREAM,787.52,2951,630,0.0
DOOR MAT NEIGHBOURHOOD WITCH,783.87,2952,95,0.0
MONEY BOX CONFECTIONERY DESIGN,783.67,2953,638,0.0
PINK PILLAR CANDLE SILVER FLOCK,783.1,2954,471,0.0
FAIRY CAKE NOTEBOOK A5 SIZE,783.01,2955,823,0.0
URBAN CHIC CHOPSTICKS SET/5,782.18,2956,407,0.0
MILK PAN BLUE POLKADOT,782.16,2957,226,0.0
PACK/12 XMAS FUN CARD,780.26,2958,270,0.0
FUNKY MONKEY MUG,778.64,2959,742,0.0
2 PICTURE BOOK EGGS EASTER CHICKS,776.05,2960,738,0.0
BLACK SWEETHEART BRACELET,775.45,2961,183,0.0
BROWN FURRY HOT WATER BOTTLE,773.97,2962,205,0.0
DARK BIRD HOUSE TREE DECORATION,771.73,2963,1700,0.0
RED APPLES CHOPPING BOARD,770.32,2964,152,0.0
FRENCH BLUE METAL DOOR SIGN 9,769.86,2965,562,0.0
ALPHABET HEARTS STICKER SHEET,769.13,2966,866,0.0
VINTAGE PHOTO ALBUM PARIS DAYS,769.12,2967,106,0.0
WRAP BILLBOARD FONTS DESIGN,769.02,2968,1831,0.0
IVORY HANGING BIRD PLANTER,768.85,2969,276,0.0
CERAMIC BIRDHOUSE RED ROOF LARGE,767.75,2970,167,0.0
FLOWER FAIRY OIL BURNER SET ROSE,767.0,2971,592,0.0
RED VICTORIAN FABRIC OVAL BOX,766.64,2972,1952,0.0
TRIPLE WIRE HOOK IVORY HEART,766.1,2973,182,0.0
PIECE OF CAMO STATIONERY SET,766.09,2974,5473,0.0
SET OF 4 NAPKIN CHARMS 3 KEYS,765.39,2975,357,0.0
MAXWELL 2 TONE BLUE 60 PAGE PHOTO A,765.02,2976,345,0.0
PINK PAINTED KASHMIRI CHAIR,763.35,2977,23,0.0
WRAP ALPHABET POSTER,763.1,2978,1855,0.0
ENAMEL PINK SUGAR CONTAINER,762.97,2979,434,0.0
BLUE FLOCK GLASS CANDLEHOLDER,762.79,2980,1788,0.0
TRAVEL CARD WALLET FLOWER MEADOW,762.75,2981,1758,0.0
DOLLY CABINET 3 DRAWERS,762.45,2982,51,0.0
MINI PAINT SET VINTAGE  BOY+ GIRL,761.4,2983,1260,0.0
GREEN PICNIC BARBECUE BUCKET,761.25,2984,105,0.0
FOLDING UMBRELLA CHOCOLATE POLKADOT,760.95,2985,163,0.0
DRAWER KNOB VINTAGE GLASS BALL,760.8,2986,350,0.0
WALL ART HORSE & PONY,760.32,2987,225,0.0
COCKTAIL SWORDS 50 PIECES,759.57,2988,935,0.0
EDWARDIAN 2 DRAWER WALL CABINET,755.8,2989,52,0.0
YELLOW DRAGONFLY HELICOPTER,754.59,2990,94,0.0
PINK ENAMEL+GLASS HAIR COMB,754.46,2991,399,0.0
FAIRY CAKE WICKER PICNIC BASKET,753.77,2992,46,0.0
SET OF 2 TEA TOWELS PING MICROWAVE,751.93,2993,298,0.0
ASS COL LARGE SAND GECKO P'WEIGHT,751.68,2994,810,0.0
PINK  HONEYCOMB PAPER FAN,751.5,2995,578,0.0
18PC WOODEN CUTLERY SET DISPOSABLE,751.38,2996,567,0.0
GREEN ROSE QUILT,750.48,2997,14,0.0
CHRISTMAS TREE HANGING SILVER,750.19,2998,801,0.0
MOROCCAN BEATEN METAL DISH,749.82,2999,166,0.0
PURPLE SWEETHEART BRACELET,749.69,3000,177,0.0
PINK ROUND BUTTERFLY MIRROR,748.48,3001,240,0.0
VINTAGE BEAD PINK SHADE,748.24,3002,563,0.0
BLUE GINGHAM ROSE CUSHION COVER,746.61,3003,121,0.0
GRASS HOPPER WOODEN WALL CLOCK,746.39,3004,373,0.0
RETRO SPOT CANDLE  SMALL,744.75,3005,408,0.0
HELLO SAILOR BATHROOM SET,744.15,3006,1505,0.0
GLASS CHALICE GREEN  SMALL,743.61,3007,508,0.0
S/4 BLACK DINNER CANDLE SILVER FLOC,743.26,3008,674,0.0
FOLDING BUTTERFLY MIRROR IVORY,742.92,3009,794,0.0
S/2 BEACH HUT TREASURE CHESTS,742.9,3010,312,0.0
"FRENCH BLUE METAL DOOR SIGN, 1",742.67,3011,577,0.0
SMALL CAMPHOR WOOD FIELD  MUSHROOM,742.56,3012,518,0.0
DANISH ROSE DELUXE COASTER,742.5,3013,1318,0.0
FRENCH EMROIDR LAVENDER SCENT HEART,741.6,3014,341,0.0
TOYBOX  WRAP,740.42,3015,1801,0.0
VINTAGE LEAF CHOPPING BOARD,737.95,3016,149,0.0
BEADED CRYSTAL HEART BLUE  LARGE,737.89,3017,659,0.0
FLAG OF ST GEORGE,735.38,3018,392,0.0
SET OF 4 NAPKIN CHARMS CROWNS,735.23,3019,405,0.0
SET OF 6 ICE CREAM SKITTLES,734.89,3020,241,0.0
ANT COPPER TURQ BOUDICCA BRACELET,734.16,3021,147,0.0
3 RAFFIA RIBBONS VINTAGE CHRISTMAS,732.42,3022,824,0.0
Adjustment by Peter on Jun 25 2010,731.05,3023,3,0.0
BEADED CRYSTAL HEART GREEN ON STICK,730.74,3024,948,0.0
GREEN ENAMEL+GLASS HAIR COMB,730.66,3025,380,0.0
ASS FLORAL PRINT TORCH,729.95,3026,2567,0.0
SMALL TALL CAMPHOR WOOD TOADSTOOL,728.97,3027,560,0.0
S/4 PURPLE DINNER CANDLE BLK FLOCK,728.67,3028,650,0.0
LARGE HEART FLOWERS HOOK,728.43,3029,587,0.0
OLIVE CHALET BIRDFEEDER,727.93,3030,257,0.0
TROPICAL LUGGAGE TAG,726.47,3031,1877,0.0
CLAM SHELL SMALL,726.16,3032,348,0.0
JASMINE VOTIVE CANDLE,725.7,3033,2946,0.0
BLUE VICTORIAN FABRIC OVAL BOX,725.56,3034,1809,0.0
FAIRY CAKE PLACEMATS,725.49,3035,189,0.0
SET OF 6 RIBBONS PERFECTLY PRETTY,724.59,3036,251,0.0
CANDY SPOT HAND BAG,723.85,3037,347,0.0
LARGE TORTILLA DESIGN RED BOWL,723.57,3038,367,0.0
BLUE  SPOTTY PUDDING BOWL,723.55,3039,2679,0.0
RECTANGULAR SHAPED MIRROR,722.76,3040,674,0.0
PINK CAT FLORAL CUSHION COVER,721.49,3041,353,0.0
BEACH HUT PHOTO FRAME,720.7,3042,609,0.0
ENVELOPE 50 CURIOUS IMAGES,719.67,3043,1087,0.0
CHRISTMAS TREE HANGING GOLD,718.53,3044,799,0.0
FOLKART BAUBLE CHRISTMAS DECORATION,717.99,3045,1352,0.0
ROSE DU SUD WASHBAG,717.8,3046,141,0.0
SPACE OWL,716.73,3047,549,0.0
2 PICTURE BOOK EGGS EASTER DUCKS,716.0,3048,685,0.0
SET/20 COLLAGE PAPER NAPKIN,714.55,3049,843,0.0
ZINC HEART LATTICE PLANTER BOWL,713.8,3050,820,0.0
BLUE KNITTED HEN,713.73,3051,563,0.0
PAINTED BIRD ASSORTED CHRISTMAS,712.91,3052,410,0.0
PAPER LANTERN 7 POINT SNOW STAR,711.51,3053,103,0.0
MEDIUM CHINESE STYLE SCISSOR,711.38,3054,1572,0.0
BLUE PATCH PURSE PINK HEART,711.37,3055,441,0.0
SET/4 BADGES CUTE CREATURES,709.66,3056,535,0.0
EDWARDIAN HEART PHOTO FRAME,709.54,3057,160,0.0
SKULLS SQUARE TISSUE BOX,709.5,3058,1005,0.0
MIRRORED WALL ART STARS,707.92,3059,469,0.0
LOUVRE VANITY MIRROR,705.9,3060,132,0.0
PINK GOOSE FEATHER TREE 60CM,705.59,3061,321,0.0
CAMPHOR WOOD PORTOBELLO MUSHROOM,705.46,3062,641,0.0
MIRROR LOVE BIRD T-LIGHT HOLDER,705.01,3063,374,0.0
GREEN BIRDHOUSE DECORATION,704.97,3064,973,0.0
PANTRY APPLE CORER,704.13,3065,471,0.0
CANDY BUTTON PHOTO ALBUM,703.54,3066,302,0.0
DAISY SKETCHBOOK,702.86,3067,267,0.0
PACK 3 IRON ON DOG PATCHES,702.42,3068,562,0.0
COSY SLIPPER SHOES LARGE RED,698.01,3069,201,0.0
STRAWBERRY SCENTED SET/9 T-LIGHTS,696.89,3070,836,0.0
PINK GINGHAM CAT WITH SCARF,696.75,3071,282,0.0
DINOSAUR BIRTHDAY CARD,695.11,3072,1649,0.0
FRENCH STYLE STORAGE JAR BONBONS,695.06,3073,2338,0.0
VINTAGE NOTEBOOK TRAVELOGUE,693.92,3074,327,0.0
FLOWER FAIRY OIL BURNER SET SUMMER,693.25,3075,533,0.0
75 GREEN PETIT FOUR CASES,691.32,3076,1522,0.0
PINK PATCH PENCIL CASE BLUE HEART,691.14,3077,325,0.0
S/3 FLWR FAIRY LILLY CANDLES,690.24,3078,315,0.0
FOLKART CLIP ON STARS,689.76,3079,1187,0.0
BLUE SCOTTIE DOG W FLOWER PATTERN,688.73,3080,274,0.0
ANT COPPER PINK BOUDICCA BRACELET,687.52,3081,138,0.0
WHITE HAND TOWEL WITH BUTTERFLY,686.03,3082,229,0.0
EASTER BUNNY GARLAND OF FLOWERS,685.87,3083,1473,0.0
FOLDING UMBRELLA PINKWHITE POLKADOT,685.67,3084,142,0.0
PINK & WHITE BREAKFAST TRAY,685.15,3085,139,0.0
PURPLE GREEN FLOWER PIGGY BANK,682.99,3086,361,0.0
"BREAD BIN, DINER STYLE, IVORY",682.75,3087,45,0.0
SET OF 4 PISTACHIO LOVEBIRD COASTER,682.66,3088,516,0.0
CAROUSEL DESIGN WASHBAG,682.51,3089,345,0.0
PACK OF 6 SMALL FRUIT STRAWS,682.39,3090,1685,0.0
ASS COL LARGE SAND FROG P'WEIGHT,682.32,3091,716,0.0
BOTANICAL ROSE GREETING CARD,681.93,3092,1603,0.0
RUSTIC STRAWBERRY JAM POT SMALL,681.54,3093,426,0.0
HOLLY TOP CHRISTMAS STOCKING,681.4,3094,682,0.0
RIDGED GLASS PENDANT LAMPSHADE,680.85,3095,43,0.0
IVORY HANGING DECORATION  EGG,680.78,3096,1148,0.0
ORIGAMI SANDLEWOOD INCENSE/CAND SET,680.65,3097,586,0.0
BLUE POLKADOT EGG CUP,679.38,3098,1163,0.0
PAPER BUNTING PAISLEY PARK,679.07,3099,249,0.0
TURQ ICE CREAM BUM BAG,677.99,3100,305,0.0
LA PALMIERA WALL THERMOMETER,677.45,3101,452,0.0
TURQ+RED BOUDICCA LARGE BRACELET,677.0,3102,97,0.0
HILDA CANDY SPOT RABBIT,676.92,3103,164,0.0
DANISH ROSE UMBRELLA STAND,676.45,3104,38,0.0
IVORY RETRO KITCHEN WALL CLOCK,675.91,3105,77,0.0
RETROSPOT BABUSHKA DOORSTOP,675.56,3106,296,0.0
GREEN  DIAMANTE PEN IN GIFT BOX,675.37,3107,347,0.0
SET OF 4 NAPKIN CHARMS INSTRUMENT,674.3,3108,288,0.0
TRAVEL CARD WALLET RETRO PETALS,674.11,3109,1544,0.0
DENIM PATCH PURSE PINK BUTTERFLY,674.09,3110,408,0.0
PINK BREAKFAST CUP AND SAUCER,673.72,3111,1654,0.0
ROBIN CHRISTMAS CARD,673.49,3112,1617,0.0
3 TRADITIONAL COOKIE CUTTERS  SET,671.4,3113,354,0.0
RED ORGANIC CANDLE IN GLASS,669.62,3114,640,0.0
"STRING OF 8 BUTTERFLIES,PINK",669.62,3115,390,0.0
PINK FELT EASTER RABBIT GARLAND,669.38,3116,241,0.0
LARGE BONNE JAM JAR  T-LIGHT HOLDER,667.85,3117,255,0.0
FLOWER FAIRY SET 3 CANDLES LAVENDER,666.85,3118,303,0.0
WOVEN CANDY CUSHION COVER,666.23,3119,206,0.0
HANGING WOOD AND FELT BUTTERFLY,665.91,3120,1463,0.0
HEARTS GIFT TAPE,664.84,3121,1567,0.0
SET OF RED SALAD SERVERS,664.73,3122,422,0.0
DIAMANTE BOW BROOCH BLACK COLOUR,664.35,3123,103,0.0
LARGE SKULL WINDMILL,663.85,3124,309,0.0
CAKES AND BOWS GIFT  TAPE,663.61,3125,1448,0.0
MULTICOLOUR  CONFETTI IN TUBE,661.81,3126,453,0.0
LUNCHBAG SUKI  DESIGN,661.63,3127,410,0.0
WRAP FLOWER SHOP,661.5,3128,1575,0.0
FLOWER FAIRY INCENSE ROSE,661.23,3129,3124,0.0
BLACK CHUNKY BEAD BRACELET W STRAP,661.04,3130,73,0.0
PEARLISED IVORY HEART LARGE,661.02,3131,418,0.0
PINK METAL SWINGING BUNNY,660.88,3132,748,0.0
BIRD DECORATION GREEN  SPOT,660.62,3133,678,0.0
VINTAGE WOODEN PLATE RACK,659.15,3134,17,0.0
WRAP FOLK ART,658.75,3135,2075,0.0
ORIGAMI ROSE INCENSE/CANDLE SET,658.72,3136,520,0.0
GREEN GOOSE FEATHER TREE 60CM,658.29,3137,299,0.0
BUNNY EGG GARLAND,658.19,3138,1400,0.0
WOVEN SUNSET CUSHION COVER,658.07,3139,153,0.0
BLUE SPOTTY LUGGAGE TAG,657.9,3140,1236,0.0
SET OF 36 SILVER PAPER DOILIES,656.94,3141,438,0.0
CERAMIC PLATE LOVE HEART DESIGN,656.87,3142,607,0.0
FRENCH CHATEAU SMALL FRUITBOWL,656.82,3143,430,0.0
"FRENCH BLUE METAL DOOR SIGN, 2",656.41,3144,509,0.0
"PINK/WHITE ""KEEP CLEAN"" BULLET BIN",656.05,3145,176,0.0
BLUE BIRDHOUSE DECORATION,655.46,3146,928,0.0
MINI CAKE STAND HANGING HEARTS,655.01,3147,361,0.0
FRENCH CHATEAU LARGE FRUIT BOWL,654.01,3148,271,0.0
FRENCH LATTICE CUSHION COVER,652.82,3149,526,0.0
BLACK BAROQUE CARRIAGE CLOCK,652.17,3150,72,0.0
SET OF 3 PINK FLYING DUCKS,651.69,3151,121,0.0
CURIOUS  IMAGES NOTEBOOK SET,651.19,3152,423,0.0
SET/4 2 TONE EGG SHAPE MIXING BOWLS,651.05,3153,63,0.0
"SMALL POP BOX,FUNKY MONKEY",650.96,3154,488,0.0
SET/4 BUTTERFLY MIRROR MAGNETS,650.07,3155,749,0.0
POSY SHOPPER BAG,649.82,3156,1580,0.0
CHERUB HEART DECORATION GOLD,649.02,3157,738,0.0
QUEEN OF THE SKIES PASSPORT COVER,648.54,3158,297,0.0
GINGHAM HEART WREATH,647.75,3159,225,0.0
BLACK SILOUETTE CANDLE PLATE,647.68,3160,635,0.0
ASS COL SMALL SAND GECKO P'WEIGHT,646.56,3161,1620,0.0
VICTORIAN METAL POSTCARD CHRISTMAS,646.44,3162,377,0.0
HAND TOWEL PALE BLUE W FLOWERS,646.43,3163,261,0.0
"FRENCH BLUE METAL DOOR SIGN, 3",645.15,3164,501,0.0
NEW ENGLAND TEATOWELS,644.88,3165,322,0.0
PHOTO FRAME LINEN AND LACE SMALL,644.8,3166,310,0.0
ASSORTED CHEESE FRIDGE MAGNETS,643.89,3167,831,0.0
CIRCLE OF FRIENDS CANDLE HOLDER,642.66,3168,353,0.0
LADLE LOVE HEART RED,642.4,3169,1489,0.0
WRAP DAISY CARPET,640.95,3170,2060,0.0
FAIRY DREAMS INCENSE,640.26,3171,2768,0.0
PACK OF 20 FAIRY CAKE PAPER NAPKINS,639.47,3172,699,0.0
NEW BAROQUE BLACK PHOTO ALBUM,639.42,3173,77,0.0
TRIANGULAR RIDGED GLASS POSY HOLDER,638.8,3174,879,0.0
NEW BAROQUE IVORY CUSHION COVER,638.34,3175,260,0.0
SILVER ROCOCO CANDLE STICK,638.0,3176,200,0.0
"FLOWER FAIRY,5 SUMMER B'DRAW LINERS",637.5,3177,250,0.0
CHRISTMAS TREE T-LIGHT HOLDER,637.34,3178,422,0.0
SET OF 4 BLACK LOVEBIRD COASTERS,636.18,3179,478,0.0
FROG SOCK PUPPET,636.11,3180,195,0.0
VINTAGE JINGLE BELLS WREATH,635.38,3181,76,0.0
PAPERWEIGHT HOME SWEET HOME,635.19,3182,323,0.0
"BUNTING , SPOTTY",634.7,3183,146,0.0
BLUE CIRCLES DESIGN MONKEY DOLL,634.64,3184,433,0.0
GINGHAM BABUSHKA DOORSTOP,633.35,3185,272,0.0
SILVER TEDDY BEAR,631.49,3186,228,0.0
LAUREL HEART ANTIQUE GOLD,630.73,3187,525,0.0
PINK PAINTED KASHMIRI TABLE,630.0,3188,11,0.0
SMALL APOTHECARY MEASURING JAR,629.05,3189,81,0.0
STRAWBRY SCENTED VOTIVE CANDLE,628.41,3190,2445,0.0
DRAWER KNOB VINTAGE GLASS HEXAGON,627.95,3191,295,0.0
FELT EGG COSY LADYBIRD,627.38,3192,836,0.0
CHRISTMAS CARD SINGING ANGEL,627.19,3193,1738,0.0
MIXED NUTS LIGHT GREEN BOWL,626.76,3194,812,0.0
SET OF 3 CHRISTMAS BRIAR CANDLES,626.39,3195,176,0.0
WRAP BLUE RUSSIAN FOLKART,626.25,3196,2025,0.0
STANDING FAIRY POLE SUPPORT,626.13,3197,777,0.0
AMETHYST CHUNKY BEAD BRACELET W STR,625.48,3198,69,0.0
S/5 MINI ICE CREAM FRIDGE MAGNETS,625.2,3199,1992,0.0
BUBBLE GUM SCARF KNITTING KIT,624.21,3200,316,0.0
"DECORATION , HANGING METAL CHICKEN",623.96,3201,616,0.0
CANDY SPOT TEA COSY,622.57,3202,391,0.0
FLORAL PINK MONSTER,622.33,3203,166,0.0
HANGING METAL RABBIT DECORATION,621.97,3204,476,0.0
PARTY CONES CANDY DECORATION,621.96,3205,454,0.0
STORAGE TIN HOME SWEET HOME,621.44,3206,275,0.0
MUM'S KITCHEN CLOCK,621.09,3207,122,0.0
"WRAP, FRIENDSHIP ON GREEN",619.5,3208,1475,0.0
CHRISTMAS CARD SCREEN PRINT,619.25,3209,2197,0.0
WALL ART SPACEBOY,618.59,3210,173,0.0
PINK JEWELLED MIRROR TRINKET TRAY,618.52,3211,79,0.0
HOT WATER BOTTLE BABUSHKA LARGE,618.0,3212,136,0.0
FLORAL SOFT CAR TOY,617.94,3213,151,0.0
SIX DRAWER OFFICE TIDY,616.79,3214,65,0.0
OVAL  MINI PORTRAIT FRAME,615.98,3215,316,0.0
SET/4 SCENTED CANDLES IN RAMEKINS,615.84,3216,457,0.0
BLACK LOVE BIRD T-LIGHT HOLDER,615.49,3217,364,0.0
SMALL ORIENTAL BLUE FOLDING STOOL,615.4,3218,282,0.0
RETRO SISTERS EXPRESSO CUPS,614.1,3219,429,0.0
SILVER DISCO HANDBAG,613.53,3220,293,0.0
SET OF 3 WICKER BASKET ROSE,612.82,3221,71,0.0
ORANGE FLOWER MUG,612.51,3222,5404,0.0
LARGE APOTHECARY MEASURING JAR,612.16,3223,51,0.0
FLYING SAUCER TABLE LIGHT IN WHITE,611.51,3224,199,0.0
DAISY FOLKART HEART DECORATION,611.38,3225,440,0.0
PINK RIVIERA HANDBAG,611.07,3226,347,0.0
MINI JIGSAW GO TO THE FAIR,610.43,3227,1443,0.0
"FRENCH BLUE METAL DOOR SIGN, 5",610.11,3228,477,0.0
Dotcomgiftshop Gift Voucher £30.00,610.09,3229,24,0.0
THREE MINI HANGING FRAMES,610.0,3230,142,0.0
PASTEL BLUE PHOTO ALBUM,609.66,3231,1073,0.0
VINTAGE ROSE BEAD BRACELET RASPBERR,609.43,3232,144,0.0
RED POLKADOT PUDDING BOWL,608.9,3233,3717,0.0
QUEEN OF SKIES LUGGAGE TAG,608.48,3234,414,0.0
ASS COLOUR GLOWING TIARAS,607.98,3235,746,0.0
LOO ROLL  METAL SIGN,607.96,3236,340,0.0
FLORAL BLUE MONSTER,604.58,3237,142,0.0
PINK LOVE BIRD CANDLE,603.98,3238,521,0.0
CLAM SHELL LARGE,603.06,3239,751,0.0
"DECOUPAGE,GREETING CARD,",602.67,3240,1414,0.0
FOLDING UMBRELLA WHITE/RED POLKADOT,602.66,3241,120,0.0
SMALL GREEN PEONY FOLDING STOOL,602.6,3242,262,0.0
BLUE PATCH PENCIL CASE PINK HEART,601.53,3243,293,0.0
HEART BUTTONS JEWELLERY BOX,600.91,3244,100,0.0
EMBROIDERED RIBBON REEL RUBY,600.55,3245,167,0.0
BLUE HEART COMPACT MIRROR,600.52,3246,331,0.0
JARDIN ETCHED GLASS SMALL BELL JAR,599.38,3247,118,0.0
SILVER BRACELET W PASTEL FLOWER,599.13,3248,79,0.0
FLOWER FAIRY INCENSE BOUQUET,598.31,3249,1257,0.0
12 MINI TOADSTOOL PEGS,597.56,3250,472,0.0
CLASSICAL ROSE DISH,596.94,3251,295,0.0
"FRENCH BLUE METAL DOOR SIGN, 4",596.34,3252,468,0.0
BATHROOM SCALES FOOTPRINTS IN SAND,595.18,3253,131,0.0
NIGHTINGALE COATHOOK WHITE,594.32,3254,347,0.0
ASSORTED SHAPES PHOTO CLIP SILVER,594.28,3255,1220,0.0
COFFEE SCENT PILLAR CANDLE,593.33,3256,586,0.0
KITTY PENCIL ERASERS,593.29,3257,2652,0.0
ZINC HEART LATTICE DOUBLE PLANTER,593.03,3258,674,0.0
BLUE PAISLEY TISSUE BOX,592.91,3259,933,0.0
PINK/YELLOW FLOWERS HANDBAG,592.79,3260,383,0.0
PACK OF 12 DOLLY GIRL TISSUES,592.45,3261,1351,0.0
POLKA DOT PISTACHIO PAIL,591.66,3262,285,0.0
ARCHED GREY MIRROR,591.58,3263,86,0.0
BLUE PAINTED KASHMIRI CHAIR,591.5,3264,18,0.0
BLUE  TILE HOOK,591.02,3265,212,0.0
GLASS SPHERE CANDLE STAND LARGE,590.45,3266,301,0.0
BLUE & WHITE BREAKFAST TRAY,590.04,3267,128,0.0
BLUE SPOTTY PURSE,589.9,3268,483,0.0
"FRENCH BOTTLE, BRASSERIE DES ARTIST",588.64,3269,326,0.0
POTTING SHED SEED TIN,587.8,3270,172,0.0
WHITE SAGE INCENSE,587.52,3271,2440,0.0
SET/4 BADGES WOODLAND ANIMAL,587.08,3272,492,0.0
ASSTD DESIGN POP ART SLIM PEN,586.5,3273,687,0.0
"FRENCH BLUE METAL DOOR SIGN, 8",586.36,3274,458,0.0
EGG CUP MILKMAID HELGA,586.31,3275,410,0.0
SET 12 VINTAGE DOILY CHALK,586.23,3276,1312,0.0
5 STRAND GLASS NECKLACE CRYSTAL,585.29,3277,99,0.0
PURPLE GEMSTONE BRACELET,585.2,3278,70,0.0
PACK 4 FLOWER/BUTTERFLY PATCHES,584.93,3279,415,0.0
LIGHT BIRD HOUSE TREE DECORATION,582.85,3280,834,0.0
CERAMIC BIRDHOUSE FINCH BLUE  LARGE,581.27,3281,90,0.0
SQUARECUSHION COVER PINK UNION JACK,581.23,3282,173,0.0
GOLD EAR MUFF HEADPHONES,579.93,3283,103,0.0
GLASS CHICKEN BUTTER DISH,579.31,3284,325,0.0
TRAVEL CARD WALLET VINTAGE LEAF,578.48,3285,1350,0.0
SET/3 POLKADOT STACKING TINS,578.46,3286,113,0.0
BLACK/WHITE GLASS/SILVER BRACELET,578.02,3287,63,0.0
CONCH SHELL,577.69,3288,1259,0.0
"FRENCH BLUE METAL DOOR SIGN, 0",577.51,3289,461,0.0
RUSTIC STRAWBERRY JAM POT LARGE,577.48,3290,279,0.0
EASTER BUNNY WREATH,575.99,3291,97,0.0
JARDIN ETCHED GLASS CHEESE DISH,575.45,3292,219,0.0
GLASS TWIST BON BON JAR,575.25,3293,74,0.0
6PC WOOD PLATE SET DISPOSABLE,574.88,3294,459,0.0
SMALL ORIENTAL RED FOLDING STOOL,574.71,3295,239,0.0
ROUND CACTUS CANDLE,574.48,3296,300,0.0
ASSORTED COLOUR LIZARD SUCTION HOOK,572.7,3297,1463,0.0
"FRENCH BLUE METAL DOOR SIGN, 9",572.58,3298,450,0.0
ORIGAMI ROSE INCENSE IN TUBE,572.4,3299,1068,0.0
FROG KING WATERING CAN,571.71,3300,206,0.0
WAKE UP COCKEREL CALENDAR SIGN,571.0,3301,133,0.0
BLUE SPOTTY PASSPORT COVER,570.85,3302,316,0.0
THE KING GIFT BAG,570.43,3303,8101,0.0
HANGING WOOD AND FELT HEART,570.09,3304,1208,0.0
"WHITE PEARL BEADED HEART, SMALL",569.16,3305,444,0.0
CANDY SPOT HEART DECORATION,568.73,3306,587,0.0
LAUREL STAR ANTIQUE SILVER,568.6,3307,430,0.0
WHITE CANDYSTUFT ARTIFICIAL FLOWER,568.02,3308,450,0.0
SCENTED CANDLE IN DIGITALIS TIN,567.55,3309,251,0.0
WATERING CAN SINGLE HOOK PISTACHIO,567.48,3310,413,0.0
ENAMEL COLLANDER CREAM,567.12,3311,122,0.0
WRAP BLUE REINDEER,567.0,3312,1350,0.0
EAU DE NIL LOVE BIRD CANDLE,566.82,3313,505,0.0
TEACUP AND SAUCER REGENCY ROSES,566.7,3314,210,0.0
RETRO SPOT CANDLE  MEDIUM,566.22,3315,263,0.0
GARAGE KEY FOB,565.81,3316,777,0.0
YELLOW BREAKFAST CUP AND SAUCER,563.43,3317,2709,0.0
PACK OF 12 VINTAGE LEAF TISSUES,562.88,3318,1496,0.0
TREE T-LIGHT HOLDER WILLIE WINKIE,562.22,3319,364,0.0
VINTAGE COFFEE GRINDER BOX,561.23,3320,109,0.0
ASSTD HEARTS DESIGN MUGS,561.05,3321,321,0.0
CINNAMON SCENTED VOTIVE CANDLE,561.04,3322,2120,0.0
RED ROSE AND LACE C/COVER,560.5,3323,190,0.0
TEATIME GEL PENS ASST,560.48,3324,3169,0.0
"FRENCH BLUE METAL DOOR SIGN, 7",560.05,3325,443,0.0
PARTY TIME PENCIL ERASERS,559.54,3326,2447,0.0
CANDY SPOT APRON,559.28,3327,106,0.0
PIN CUSHION BABUSHKA BLUE,558.28,3328,180,0.0
KEEP OUT GIRLS DOOR HANGER,557.49,3329,794,0.0
S/3 PINK SQUARE PLANTERS ROSES,557.48,3330,48,0.0
SET OF 36 DOILIES VINTAGE CHRISTMAS,557.4,3331,444,0.0
SET 4 VALENTINE DECOUPAGE HEART BOX,557.33,3332,171,0.0
PACK 3 FIRE ENGINE/CAR PATCHES,557.18,3333,433,0.0
EDWARDIAN PHOTO FRAME,556.21,3334,88,0.0
SQUARE MINI PORTRAIT FRAME,556.17,3335,277,0.0
SET OF 6 HALLOWEEN GHOST T-LIGHTS,556.11,3336,1244,0.0
MIRRORED WALL ART POPPIES,556.01,3337,404,0.0
CUTE CATS TAPE,554.95,3338,1332,0.0
WHITE MURANO TWIST BRACELET,554.13,3339,134,0.0
PINK DISCO HANDBAG,552.72,3340,304,0.0
WOODLAND SMALL RED FELT HEART,552.02,3341,678,0.0
MEASURING TAPE RUSSIAN DOLL PINK,551.7,3342,182,0.0
BLUE CLIMBING HYDRANGA ART FLOWER,551.4,3343,340,0.0
TUMBLER NEW ENGLAND,551.19,3344,1261,0.0
CHRISTMAS CARD STACK OF PRESENTS,550.28,3345,1940,0.0
"FRENCH BLUE METAL DOOR SIGN, 6",550.1,3346,430,0.0
MEDIUM PARLOUR PICTURE FRAME,550.0,3347,136,0.0
MIRRORED WALL ART SNOWFLAKES,548.89,3348,636,0.0
CHARLIE+LOLA MY ROOM DOOR SIGN,548.86,3349,884,0.0
CANDY SPOT BREAD BASKETS,548.81,3350,343,0.0
PACK OF 6 PANETTONE GIFT BOXES,548.63,3351,233,0.0
4 PURPLE FLOCK DINNER CANDLES,548.11,3352,335,0.0
WRAP BIRD GARDEN,548.1,3353,1305,0.0
SET 3 JARDIN DE FEMME SCENT CANDLES,547.74,3354,367,0.0
EMBOSSED HEART TRINKET BOX,547.27,3355,246,0.0
MARAKESH LANTERN LARGE,544.5,3356,30,0.0
PAPERWEIGHT KINGS CHOICE,544.29,3357,346,0.0
JELLY BABIES YELLOW SMALL BOWL,543.41,3358,428,0.0
"CARD, BILLBOARD FONT",543.34,3359,1300,0.0
WHITE AND BLUE CERAMIC OIL BURNER,542.61,3360,400,0.0
FOLKART CROWN TABLE DECORATIONS,542.47,3361,523,0.0
SET/6 BEAD COASTERS GAUZE BAG GOLD,541.96,3362,713,0.0
SET/6 GINGERBREAD STAR T-LIGHTS,540.21,3363,381,0.0
SET/4 BIRD MIRROR MAGNETS,539.67,3364,701,0.0
FRENCH CHATEAU LARGE PLATTER,538.5,3365,190,0.0
TEATIME ROUND PENCIL SHARPENER,537.06,3366,3461,0.0
CROCHET ROSE PURSE WITH SUEDE BACK,536.4,3367,173,0.0
FUSCHIA/GREEN STRIPE WOOLLY BLANKET,536.24,3368,78,0.0
RED BIRD HOUSE TREE DECORATION,535.89,3369,659,0.0
HANGING HEART BONHEUR,535.35,3370,606,0.0
BLACK SQUARE TABLE CLOCK,535.18,3371,244,0.0
HENRIETTA HEN MUG,534.66,3372,306,0.0
S/4 BLUE DINNER CANDLE SILVER FLOCK,534.58,3373,418,0.0
SILVER CHARM NECKLACE 70CM,534.27,3374,71,0.0
STARFISH SOAP DISH,533.84,3375,194,0.0
WRAP GREEN RUSSIAN FOLKART,533.75,3376,1750,0.0
GOLD WINE GOBLET,533.71,3377,253,0.0
ECONOMY LUGGAGE TAG,533.51,3378,369,0.0
ROUND PINK HEART MIRROR,533.48,3379,240,0.0
FRENCH CHATEAU OVAL PLATTER,531.45,3380,211,0.0
PREMIUM CHURCH CANDLE,530.16,3381,265,0.0
SMALL MARAKESH LANTERN ON STICK,529.49,3382,97,0.0
PINK BOUDICCA LARGE BRACELET,529.22,3383,76,0.0
CAKES AND RABBITS DESIGN FLANNEL,529.16,3384,591,0.0
SPRIG LAVENDER ARTIFICIAL FLOWER,528.78,3385,678,0.0
CHERRY BLOSSOM LUGGAGE TAG,528.77,3386,2004,0.0
SINGLE WIRE HOOK PINK HEART,528.7,3387,414,0.0
HEART BEADED TRELLIS DECORATION,528.17,3388,249,0.0
TIGRIS EYE CHUNKY CHARM BRACELET,527.82,3389,58,0.0
GOLD WASHBAG,527.56,3390,1823,0.0
PARTY PIZZA DISH PINK POLKADOT,526.64,3391,1296,0.0
PHOTO CLIP LINE,525.4,3392,370,0.0
CHILDRENS APRON APPLE DESIGN,524.71,3393,291,0.0
ROSE SCENT CANDLES IN GLASS,523.15,3394,643,0.0
BLUE EGG  SPOON,523.07,3395,2319,0.0
75 BLACK FAIRY CAKE CASES,522.95,3396,1019,0.0
EASTER TIN CHICKS IN GARDEN,522.93,3397,305,0.0
GREEN BITTY LIGHT CHAIN,522.85,3398,219,0.0
BLUE PULL BACK RACING CAR,522.31,3399,989,0.0
WALL ART I LOVE LONDON,521.73,3400,99,0.0
YELLOW EASTER EGG HUNT START POST,520.55,3401,263,0.0
EGG FRYING PAN PINK,519.25,3402,225,0.0
Bank Charges,519.24,3403,34,0.0
BLUE TILED TRAY,518.5,3404,281,0.0
SET OF 3 SILVER FLYING DUCKS,518.4,3405,146,0.0
SILVER FABRIC MIRROR,518.07,3406,882,0.0
ENAMEL BLUE RIM COFFEE CONTAINER,517.71,3407,325,0.0
GREEN ROSE CUSHION COVER,517.48,3408,246,0.0
WHITE PICNIC BARBECUE BUCKET,517.43,3409,59,0.0
RETRO PLASTIC 70'S TRAY,516.89,3410,904,0.0
CLASSICAL ROSE CANDLESTAND,516.85,3411,537,0.0
S/4 BLACK MINI ROSE CANDLE IN BOWL,516.31,3412,536,0.0
SUMMER DAISIES BAG CHARM,514.18,3413,205,0.0
PINK SCOTTIE DOG W FLOWER PATTERN,513.69,3414,204,0.0
FUNKY MONKEY CUSHION COVER,513.58,3415,373,0.0
FUNKY MONKEY GIFT BAG MEDIUM,512.38,3416,1686,0.0
OLD DOC RUSSEL METAL SIGN,512.13,3417,227,0.0
IVORY WIRE SWEETHEART LETTER TRAY,511.89,3418,135,0.0
GREEN SQUARE COMPACT MIRROR,511.01,3419,373,0.0
BEADED CRYSTAL HEART BLUE SMALL,510.23,3420,390,0.0
GREEN 3 TIER GLASS PLATE STAND,509.9,3421,74,0.0
DAIRY MAID CERAMIC BUTTER DISH,509.62,3422,114,0.0
CRYSTAL STUD EARRINGS ASSORTED COL,509.08,3423,1082,0.0
RETRO PINK SPOT WASHING UP GLOVES,509.0,3424,218,0.0
LADLE LOVE HEART PINK,508.75,3425,1096,0.0
BLUE POLKADOT PASSPORT COVER,506.96,3426,321,0.0
PAPER LANTERN 9 POINT HOLLY STAR L,506.01,3427,75,0.0
FIRST CLASS LUGGAGE TAG,505.41,3428,398,0.0
WALL ART ANIMALS AND NATURE,504.59,3429,153,0.0
BIRD IN TREE MUG,504.55,3430,4643,0.0
DECORATION WOBBLY RABBIT METAL,504.46,3431,830,0.0
GREEN ROUND COMPACT MIRROR,504.43,3432,291,0.0
MINI JIGSAW LEAP FROG,503.92,3433,1245,0.0
PASTEL PINK PHOTO ALBUM,503.82,3434,763,0.0
BOX/12 CHICK & EGG IN BASKET,503.51,3435,261,0.0
BLACK LOVE BIRD CANDLE,502.91,3436,428,0.0
JARDIN ETCHED GLASS GINGER JAR,502.58,3437,57,0.0
ZINC HEART LATTICE 2 WALL PLANTER,502.27,3438,76,0.0
BLOND DOLL DOORSTOP,502.08,3439,328,0.0
BLUE DELPHINIUM ARTIFICIAL FLOWER,501.97,3440,355,0.0
AMBER GLASS/SILVER BRACELET,501.65,3441,56,0.0
POPPY FIELDS CHOPPING BOARD,501.23,3442,93,0.0
SCOTTIES DES CHILD'S APRON,500.83,3443,300,0.0
GLASS BONNE JAM JAR,500.82,3444,120,0.0
PATCHWORK PENCIL CASE BUTTERFLY,500.49,3445,251,0.0
SILVER BOOK MARK WITH BEADS,500.34,3446,332,0.0
CHERRY BLOSSOM TABLE CLOCK,500.19,3447,219,0.0
HOUSE SHAPE PENCIL SHARPENER,499.55,3448,3357,0.0
SKULLS TAPE,499.44,3449,1052,0.0
SET OF 3 BIRD L.BLUE FEATHER,499.31,3450,421,0.0
SET OF 6 RIBBONS COUNTRY STYLE,499.18,3451,172,0.0
FAWN AND MUSHROOM GREETING CARD,498.21,3452,1137,0.0
DENIM PATCH PENCIL CASE BUTTERFLY,498.14,3453,252,0.0
CAROUSEL DES CHILD'S OVERALL,497.81,3454,257,0.0
PINK AND WHITE CHRISTMAS TREE 180CM,497.7,3455,141,0.0
OPIUM SCENTED VOTIVE CANDLE,497.04,3456,1992,0.0
BLUE  SPOTTY  COFFEE MUG,495.98,3457,241,0.0
S/4 PINK DINNER CANDLE SILVER FLOCK,494.39,3458,394,0.0
BOTANICAL LAVENDER BIRTHDAY CARD,493.99,3459,1125,0.0
PURPLE FOXGLOVE ARTIIFCIAL FLOWER,492.9,3460,326,0.0
BALLERINA HEART DECORATION.,492.17,3461,347,0.0
RED BOUDICCA LARGE BRACELET,490.92,3462,71,0.0
ASS DES PHONE SPONGE CRAFT STICKER,489.79,3463,1027,0.0
CUBIC MUG PINK POLKADOT,489.6,3464,549,0.0
ROSE DU SUD CHILDS APRON,489.14,3465,106,0.0
FOLK ART METAL STAR T-LIGHT HOLDER,488.51,3466,936,0.0
GREEN HEART COMPACT MIRROR,488.31,3467,344,0.0
VINTAGE GLASS SUGAR CADDY,488.16,3468,76,0.0
STRIPY DESIGN SHOWER CAP,488.12,3469,1084,0.0
SALT AND PEPPER SHAKERS TOADSTOOLS,486.35,3470,397,0.0
4 BLUE DINNER CANDLES SILVER FLOCK,485.63,3471,213,0.0
OVEN MITT APPLE DESIGN,485.0,3472,343,0.0
MONEY BOX FIRST ADE DESIGN,484.34,3473,394,0.0
BLUE SQUARE COMPACT MIRROR,483.75,3474,371,0.0
LAUREL STAR ANTIQUE GOLD,483.03,3475,379,0.0
FELT FARM ANIMAL HEN,482.95,3476,590,0.0
BOTANICAL LAVENDER GIFT WRAP,481.0,3477,1150,0.0
S/4 BURGUNDY WINE DINNER CANDLES,480.94,3478,788,0.0
RED PEONY CUSHION COVER,480.85,3479,309,0.0
SET/6 3D KIT CARDS FOR KIDS,480.69,3480,592,0.0
PARTY PIZZA DISH GREEN POLKADOT,479.6,3481,1159,0.0
CLASSIC GLASS SWEET JAR,479.45,3482,119,0.0
MAXWELL 2 TONE PINK 60 PAGE PHOTO A,479.41,3483,186,0.0
PANTRY HOOK BALLOON WHISK,477.89,3484,213,0.0
GREEN BLUE FLOWER PIGGY BANK,477.3,3485,242,0.0
S/4 ROSE    BOTANICAL  CANDLE,477.12,3486,127,0.0
SILVER STANDING GNOME,476.61,3487,93,0.0
"F.FAIRY S/3 CANDLE/GLASS, ROSE",476.4,3488,232,0.0
SET OF 6 RIBBONS PARTY,476.0,3489,170,0.0
SET/6 BLACK BIRD T-LIGHT CANDLES,475.91,3490,283,0.0
PINK BOUDOIR T-LIGHT HOLDER,475.43,3491,4211,0.0
4 SKY BLUE DINNER CANDLES,475.26,3492,469,0.0
WHITE CHRYSANTHEMUMS ART FLOWER,474.84,3493,276,0.0
ELEPHANT BIRTHDAY CARD,474.78,3494,1110,0.0
DAIRY MAID  SMALL  MILK JUG,474.74,3495,221,0.0
BLUE SHARK HELICOPTER,473.77,3496,59,0.0
TEACUP AND SAUCER REGENCY GREEN,472.5,3497,174,0.0
RED DAISY PAPER LAMPSHADE,472.07,3498,355,0.0
72 CAKE CASES DOLLY GIRL DESIGN,471.85,3499,943,0.0
FLOWERS TILE COASTER,471.57,3500,1081,0.0
JARDIN ETCHED GLASS BUTTER DISH,471.4,3501,68,0.0
FIRST CLASS HOLIDAY PURSE,471.33,3502,728,0.0
BLACK FACE LAMB WITH PANTS,471.13,3503,123,0.0
Dotcomgiftshop Gift Voucher £20.00,471.06,3504,28,0.0
ENGLISH ROSE PLACEMATS,470.74,3505,119,0.0
WALL ART CAT AND BIRD,469.73,3506,143,0.0
BANK ACCOUNT  GREETING  CARD,469.28,3507,1107,0.0
JADE DROP EARRINGS W FILIGREE,469.18,3508,94,0.0
"FRENCH BLUE METAL DOOR SIGN, No",468.94,3509,356,0.0
PURPLE PILLAR CANDLE BLACK FLOCK,467.71,3510,322,0.0
S/4 GROOVY CAT MAGNETS,467.4,3511,306,0.0
MULTICOLOUR RABBIT EGG WARMER,466.69,3512,388,0.0
LAVENDER SCENT CAKE CANDLE,466.38,3513,1926,0.0
PACK OF 12 RED APPLE TISSUES,465.36,3514,1220,0.0
SUMMER FUN DESIGN SHOWER CAP,463.31,3515,1303,0.0
SMALL PARLOUR PICTURE FRAME,462.45,3516,165,0.0
GREEN MURANO TWIST BRACELET,462.32,3517,109,0.0
GIANT PINK HEART MEMO HOLDER,462.15,3518,117,0.0
COLUMBIAN CUBE CANDLE,462.15,3519,549,0.0
BASKET/8 SCENTED LOVE TOKEN CANDLES,461.53,3520,122,0.0
HANGING WOOD AND FELT FLOWER,460.9,3521,2353,0.0
BLACK GEMSTONE BRACELET,460.69,3522,52,0.0
WRAP KEEP CALM BIRTHDAY,460.5,3523,1125,0.0
HAND TOWEL PINK FLOWER AND DAISY,459.56,3524,234,0.0
SILVER HANGING T-LIGHT HOLDER DOME,459.21,3525,273,0.0
RED WALL CLOCK,459.0,3526,60,0.0
IVORY WALL CLOCK,459.0,3527,60,0.0
ASSORTED MONKEY SUCTION CUP HOOK,458.34,3528,1177,0.0
4 ROSE PINK DINNER CANDLES,457.92,3529,579,0.0
PINK HEART RED HANDBAG,457.65,3530,265,0.0
PARTY PIZZA DISH BLUE POLKADOT,457.58,3531,1183,0.0
PAPER LANTERN 5 POINT STAR MOON,456.48,3532,108,0.0
SILVER HOOP EARRINGS WITH FLOWER,455.86,3533,75,0.0
BLACK ENAMEL FLOWER RING,454.31,3534,154,0.0
LIGHTHOUSE PRINTED METAL SIGN,454.3,3535,80,0.0
"S/6 HALLOWEEN GHOST T LIGHTS, 5CM H",453.99,3536,1059,0.0
STRIPES DESIGN TEDDY,453.76,3537,169,0.0
PACK 3 BOXES BIRD PANETTONE,451.84,3538,204,0.0
ECONOMY PASSPORT COVER,451.67,3539,207,0.0
WRAP MAGIC FOREST,451.5,3540,1075,0.0
MINI PLAYING CARDS FUN FAIR,451.46,3541,1062,0.0
BLUE MURANO TWIST BRACELET,451.44,3542,107,0.0
CUBIC MUG PINK POLKA DOT,451.41,3543,120,0.0
PINK HEARTS PHOTO ALBUM,451.35,3544,174,0.0
RETRO PINK BALL ASHTRAY,450.98,3545,364,0.0
FOOD/DRINK SPONGE STICKERS,449.82,3546,2142,0.0
CHERRY BLOSSOM PASSPORT COVER,449.26,3547,283,0.0
BLUE POLKADOT PUDDING BOWL,449.26,3548,2565,0.0
CARTOON  PENCIL SHARPENERS,448.13,3549,4629,0.0
SILVER/MOP ORBIT NECKLACE,447.21,3550,44,0.0
ASS COL SMALL SAND FROG P'WEIGHT,447.0,3551,1150,0.0
"TUMBLER, BAROQUE",445.45,3552,484,0.0
PINK MONTE CARLO HANDBAG,445.03,3553,197,0.0
RED RETROSPOT TOASTRACK,444.36,3554,120,0.0
MIDNIGHT BLUE GLASS/SILVER BRACELET,443.85,3555,49,0.0
PURPLE/TURQ FLOWERS HANDBAG,441.99,3556,257,0.0
VINTAGE ROSE BEAD BRACELET BLACK,441.9,3557,104,0.0
BROWN COZY SQUARE PHOTO ALBUM,441.77,3558,212,0.0
RETRO PLASTIC DAISY TRAY,440.45,3559,779,0.0
LAZER CUT NECKLACE W PASTEL BEADS,439.65,3560,59,0.0
WRAP  PINK FLOCK,439.0,3561,1050,0.0
"TUMBLER, ENGLISH ROSE",438.25,3562,171,0.0
RIDGED BONNE JAM JAR T-LIGHT HOLDER,437.82,3563,274,0.0
MIDNIGHT BLUE VINTAGE EARRINGS,434.27,3564,115,0.0
PARTY PIZZA DISH RED WHITE SPOT,434.07,3565,488,0.0
ENGLISH ROSE METAL WASTE BIN,433.7,3566,142,0.0
NINJA RABBIT PINK,433.61,3567,355,0.0
BLUE DISCO HANDBAG,433.46,3568,282,0.0
SET OF 4 NEW ENGLAND COASTERS,432.75,3569,1099,0.0
PINK FOXGLOVE ARTIIFCIAL FLOWER,432.45,3570,195,0.0
ROBOT MUG IN DISPLAY BOX,431.18,3571,316,0.0
BLUE RIVIERA HANDBAG,431.0,3572,326,0.0
CHRISTMAS HANGING SNOWFLAKE,430.86,3573,490,0.0
4 PINK DINNER CANDLE SILVER FLOCK,430.45,3574,266,0.0
ZINC HEART LATTICE TRAY OVAL,429.57,3575,335,0.0
POPART WOODEN PENCILS ASST,429.44,3576,9312,0.0
BLACK VINTAGE EARRINGS,428.92,3577,104,0.0
BLUE KASHMIRI BOXED MIRROR,428.0,3578,33,0.0
PINK/BLUE DISC/MIRROR STRING,427.95,3579,782,0.0
PINK HYDRANGEA ART FLOWER,427.44,3580,272,0.0
LARGE PARLOUR PICTURE FRAME,427.03,3581,85,0.0
DOG AND BALL WALL ART,425.88,3582,252,0.0
ORANGE VOTIVE CANDLE,425.76,3583,1680,0.0
LITTLE FLOWER SHOPPER BAG,424.0,3584,400,0.0
NINJA RABBIT BLACK,423.9,3585,323,0.0
DECORATIVE NET CANOPY LEOPARD,423.73,3586,101,0.0
PINK STRAWBERRY HANDBAG,423.53,3587,143,0.0
PAISLEY PATTERN  STICKERS,423.0,3588,572,0.0
SMALL FOLDING SCISSOR(POINTED EDGE),422.96,3589,3141,0.0
SMALL MARAKESH METAL  LANTERN,422.9,3590,124,0.0
PIN CUSHION RUSSIAN DOLL PINK,422.45,3591,121,0.0
"CAKE TIN, ROUND, VINTAGE RED,CREAM",421.05,3592,59,0.0
TEA TIME BREAKFAST BASKET,420.87,3593,185,0.0
ELVIS WALLHANGING / CURTAIN,419.99,3594,317,0.0
GREEN KASHMIRI OCCASIONAL TABLE,419.85,3595,9,0.0
ROUND GEORGIAN SILVER MIRROR,419.25,3596,135,0.0
BOTANICAL LILY GREETING CARD,418.12,3597,980,0.0
FLOWER FAIRY SET OF 3 LILY CANDLES,417.7,3598,206,0.0
FAIRY CAKES RECTANGLUAR BOXES,417.58,3599,54,0.0
BLUE ROCKING SINGING CANARY,417.17,3600,106,0.0
OCEAN SCENT CANDLE JEWELLED DRAWER,416.35,3601,93,0.0
ENAMEL BLUE RIM OVAL TRAY SET/2,416.01,3602,49,0.0
YELLOW KNITTED KIDS RUCKSACK,414.74,3603,78,0.0
PAPERWEIGHT VINTAGE PAISLEY,413.76,3604,234,0.0
MAGIC GARDEN MOUNT FUJI,413.12,3605,157,0.0
S/3 TEAR DROP CUT GLASS DECORATION,412.77,3606,465,0.0
DOLLY CABINET 2 DRAWERS,412.5,3607,33,0.0
ECONOMY HOLIDAY PURSE,412.45,3608,911,0.0
HOME SWEET HOME HOOK,412.18,3609,328,0.0
SET OF 4 DOTTY PLACEMATS,411.78,3610,85,0.0
BOOZE & WOMEN GREETING CARD,411.63,3611,957,0.0
BLUE ROSE PATCH PURSE PINK BUTTERFL,410.85,3612,249,0.0
KASBAH LANTERN WITH GLASS,410.64,3613,72,0.0
SILVER FLOWR PINK SHELL NECKLACE,410.26,3614,62,0.0
BLUE BREAKFAST CUP AND SAUCER,409.6,3615,2010,0.0
WRAP BLIZZARD,409.5,3616,975,0.0
LARGE TRIFLE DESIGN L BLUE BOWL,408.9,3617,230,0.0
PILLOWCUSHION COVER PINK UNION JACK,408.83,3618,67,0.0
SET OF MEADOW  FLOWER STICKERS,408.66,3619,168,0.0
BAG FOR CHILDREN VINTAGE PINK,408.0,3620,96,0.0
BAG FOR CHILDREN VINTAGE BLUE,408.0,3621,96,0.0
"CAKESTAND, 3 TIER, LOVEHEART",405.5,3622,46,0.0
GREEN PEONY CUSHION COVER,403.75,3623,255,0.0
BEECH WOOD PHOTO FRAME,403.64,3624,290,0.0
CRYSTAL DIAMANTE STAR BROOCH,402.61,3625,80,0.0
SMALL PINK PEONY FOLDING STOOL,401.3,3626,189,0.0
MINI LADLE LOVE HEART RED,401.18,3627,865,0.0
EGG FRYING PAN BLUE,400.84,3628,173,0.0
SNACK TRAY RED VINTAGE DOILY,400.04,3629,198,0.0
RED RETRO KITCHEN WALL CLOCK,400.01,3630,47,0.0
T-LIGHT HOLDER SILVER HEART HANDLE,399.71,3631,199,0.0
SET OF 3 VINTAGE TEA TIME BOXES,399.62,3632,143,0.0
TUSCAN VILLA DOVECOTE BIRD FEEDER,399.03,3633,43,0.0
MOCK LOBSTER FRIDGE MAGNET,399.01,3634,530,0.0
JARDIN DE FEMME SCENTED CANDLE,398.04,3635,657,0.0
Discount,397.89,3636,196,0.0
WHITE GRAND BAROQUE PHOTO FRAME,396.8,3637,176,0.0
BLACK+WHITE NECKLACE W TASSEL,396.64,3638,44,0.0
CREAM DELPHINIUM ARTIFICIAL FLOWER,396.38,3639,218,0.0
SPACE FROG,396.12,3640,300,0.0
PINK MURANO TWIST BRACELET,395.68,3641,93,0.0
HEART TRELLIS TRIPLE T-LIGHT HOLDER,395.11,3642,129,0.0
LILLIES CANVAS PICTURE,394.85,3643,233,0.0
GOLD SCROLL GLASS T-LIGHT HOLDER,393.69,3644,193,0.0
MILK MAIDS MUG,393.59,3645,219,0.0
S/4 FESTIVE GREEN DINNER CANDLES,393.39,3646,723,0.0
CLEAR LOVE BIRD T-LIGHT HOLDER,392.53,3647,148,0.0
GREEN ENAMEL FLOWER RING,391.37,3648,133,0.0
BLUE FLY SWAT,391.31,3649,503,0.0
BLUE MURANO TWIST NECKLACE,391.18,3650,39,0.0
SILVER OVAL SHAPE TRINKET BOX,390.95,3651,42,0.0
IVORY SWEETHEART SOAP DISH,390.75,3652,148,0.0
BLUE POLKADOT PURSE,390.16,3653,415,0.0
ENGLISH ROSE IRONING BOARD COVER,390.0,3654,104,0.0
PURPLE ANEMONE ARTIFICIAL FLOWER,389.79,3655,411,0.0
WHITE CERAMIC PARTY SET (5PCS),389.3,3656,100,0.0
POP-ART FLUORESCENT PENS,389.22,3657,6193,0.0
EGG FRYING PAN MINT,388.75,3658,180,0.0
BUTTONS AND STRIPES NOTEBOOK,387.13,3659,97,0.0
BELL HEART DECORATION,387.0,3660,252,0.0
ST TROPEZ NECKLACE,386.32,3661,77,0.0
ROSE PINK METAL FOLDING CHAIR,385.98,3662,44,0.0
RUBY GLASS CLUSTER BRACELET,385.15,3663,63,0.0
TEACUP AND SAUCER REGENCY PINK,384.0,3664,144,0.0
"CAKE TIN, 3 TIER RED/IVORY",383.4,3665,28,0.0
PURPLE ENAMEL FLOWER RING,382.84,3666,130,0.0
VEGETABLE GARDEN CHOPPING BOARD,382.44,3667,76,0.0
WHITE MOROCCAN METAL LANTERN,381.55,3668,69,0.0
"PEARL & SHELL 42""NECKL. PINK",380.89,3669,43,0.0
AMBER CHUNKY BEAD BRACELET W STRAP,380.82,3670,42,0.0
"F.FAIRY S/3 CANDLE/GLASS,LAVENDER",380.35,3671,193,0.0
VIP HOLIDAY PURSE,378.85,3672,694,0.0
FAIRY CAKES ROUND NESTING BOXES,377.93,3673,59,0.0
PINK POLKADOT PLATE,377.56,3674,220,0.0
12 PENCILS SMALL TUBE POSY,376.34,3675,549,0.0
SET/6 GOLD REINDEER T-LIGHT CANDLES,376.05,3676,236,0.0
SWIRLY CIRCULAR RUBBERS IN BAG,375.93,3677,1063,0.0
LA JARDIN BOTANIQUE CUSHION COVER,375.53,3678,87,0.0
DOLLCRAFT BOY JEAN-PAUL,373.9,3679,82,0.0
CLASSICAL ROSE URN,372.3,3680,94,0.0
CITRUS GARLAND FELT FLOWERS,372.14,3681,185,0.0
BLUE ROUND COMPACT MIRROR,371.85,3682,160,0.0
MEDIUM PINK BUDDHA HEAD,371.78,3683,109,0.0
LETTER SHAPE PENCIL SHARPENER,371.64,3684,4158,0.0
DOORSTOP RUSSIAN DOLL RETROSPOT,371.1,3685,101,0.0
OLD ROSE COMBO BEAD NECKLACE,370.92,3686,126,0.0
FLAG OF ST GEORGE CHAIR,370.6,3687,76,0.0
SEASIDE FRISBEE,370.54,3688,308,0.0
LIGHT PINK FLOCK GLASS CANDLEHOLDER,369.78,3689,840,0.0
QUEEN OF THE SKIES HOLIDAY PURSE,369.41,3690,1074,0.0
BLUE POLKADOT LUGGAGE TAG,369.39,3691,280,0.0
DIAMANTE BOW BROOCH RED COLOUR,368.3,3692,58,0.0
VINTAGE NOTEBOOK BEAUTY GIRL,368.24,3693,101,0.0
EAU DE NILE JEWELLED T-LIGHT HOLDER,367.55,3694,300,0.0
ASS FLORAL PRINT TAPE MEASURE,367.36,3695,284,0.0
SNACK TRAY PAISLEY PARK,367.35,3696,179,0.0
ENGLISH ROSE TAPE MEASURE,366.81,3697,266,0.0
CREAM KNITTED HEN,365.76,3698,288,0.0
FLOWER BURST SILVER RING CRYSTAL,365.74,3699,104,0.0
LA PALMIERA TILE COASTER,365.35,3700,773,0.0
FOLK ART METAL HEART T-LIGHT HOLDER,363.34,3701,761,0.0
WHITE  ROSEBUD PEARL BRACELET,362.94,3702,67,0.0
PURPLE BOUDICCA LARGE BRACELET,362.51,3703,52,0.0
CANDY SPOT EGG WARMER RABBIT,360.99,3704,760,0.0
RED AND WHITE SPOT TAPE,360.93,3705,483,0.0
SMALL HANGING GLASS+ZINC LANTERN,360.21,3706,222,0.0
PARTY TIME DESIGN FLANNEL,358.97,3707,625,0.0
PINK DRESS JEWELLERY STAND,358.93,3708,373,0.0
"FLOWER GLASS GARLD NECKL36""AMETHYST",358.87,3709,45,0.0
SNACK TRAY I LOVE LONDON,358.75,3710,169,0.0
PINK OVAL SHAPE TRINKET BOX,357.71,3711,39,0.0
MEDIUM WHITE/PINK ROSE ART FLOWER,357.22,3712,250,0.0
PLASTERS IN TIN MR STRONG,357.0,3713,228,0.0
WHITE/PINK CHICK DECORATION,355.58,3714,288,0.0
SET/4 MODERN VINTAGE COTTON NAPKINS,355.48,3715,166,0.0
PINK MILKSHAKE GLASS,355.33,3716,200,0.0
ROSES WHITE ROUND CANDLE,355.05,3717,827,0.0
SILVER M.O.P ORBIT BRACELET,354.59,3718,68,0.0
SMALL POP BOX FUNKY MONKEY,353.98,3719,258,0.0
DIAMANTE BOW BROOCH GREEN COLOUR,353.71,3720,55,0.0
GREEN VINTAGE EARRINGS,353.55,3721,88,0.0
SET/6  ANGEL T-LIGHTS WHITE/GOLD,353.39,3722,687,0.0
BOTANICAL LILY GIFT WRAP,353.0,3723,850,0.0
YELLOW FLOWERS FELT HANDBAG KIT,352.75,3724,165,0.0
POLYESTER FILLER PAD 45x30cm,352.35,3725,243,0.0
PINK CHRYSANTHEMUMS ART FLOWER,351.6,3726,296,0.0
PANTRY HOOK TEA STRAINER,351.37,3727,164,0.0
SET OF 4 POLKADOT COASTERS,351.35,3728,198,0.0
RED ENAMEL FLOWER RING,350.94,3729,119,0.0
ANT COPPER RED BOUDICCA BRACELET,349.96,3730,70,0.0
DECORATION SITTING BUNNY,349.54,3731,1480,0.0
PANTRY HOOK SPATULA,349.2,3732,160,0.0
"F.FAIRY S/3 CANDLE/GLASS,LILY/VALLY",349.15,3733,177,0.0
SPACE BOY BIRTHDAY CARD,349.12,3734,823,0.0
BATHROOM SCALES RUBBER DUCKS,348.8,3735,93,0.0
PAPER LANTERN 9 POINT HOLLY STAR S,348.59,3736,83,0.0
GEMSTONE CHANDELIER T-LIGHT HOLDER,347.7,3737,78,0.0
FAIRY CAKE GREETINGS CARD,347.3,3738,823,0.0
ENGLISH ROSE NOTEBOOK A6 SIZE,346.93,3739,607,0.0
FELT FARM ANIMAL SHEEP,345.48,3740,419,0.0
WHITE HYDRANGEA ART FLOWER,345.0,3741,214,0.0
LONG SILVER NECKLACE PASTEL FLOWER,343.98,3742,27,0.0
BLUE WIRE SPIRAL CANDLE HOLDER,342.94,3743,52,0.0
SET/4 DAISY MIRROR MAGNETS,342.8,3744,681,0.0
SET/6 GARDEN GNOME T-LIGHT CANDLES,342.75,3745,118,0.0
SILVER LARIAT 40CM,342.6,3746,40,0.0
4 PINK FLOCK CHRISTMAS BALLS,342.17,3747,185,0.0
SET/3 CHRISTMAS BRIAR CANDLES,341.53,3748,90,0.0
SMALL ZINC/GLASS CANDLEHOLDER,340.45,3749,445,0.0
WALL ART TREASURE AHOY,340.35,3750,90,0.0
4 BURGUNDY WINE DINNER CANDLES,340.28,3751,545,0.0
STRING CRYSTALS NATURAL,340.0,3752,272,0.0
WHITE ROUND PORCELAIN TLIGHT HOLDER,339.84,3753,125,0.0
BLUE STAR BLOCK TABLE LAMP,339.57,3754,109,0.0
WAKE UP COCKEREL WALL THERMOMETER,339.29,3755,179,0.0
BLUE CAT BISCUIT BARREL PINK HEART,337.04,3756,96,0.0
DOLLCRAFT GIRL NICOLE,336.6,3757,68,0.0
PINK CHICK EGG WARMER + EGG CUP,336.58,3758,243,0.0
ORIGAMI SANDLEWOOD INCENSE+FLOWER,336.2,3759,385,0.0
ZINC HEART LATTICE CHARGER LARGE,334.35,3760,80,0.0
FLOWER FAIRY INCENSE LILY,333.61,3761,709,0.0
RED  EGG  SPOON,333.42,3762,1698,0.0
BLUE GLASS CHUNKY CHARM BRACELET,332.95,3763,37,0.0
BEAUTY SPEED EXPRESSO CUPS,332.9,3764,464,0.0
SET OF 3 WICKER BASKET TEA AND CAKE,332.6,3765,27,0.0
OYSTER TRINKET BOX,332.16,3766,120,0.0
PINK STRING CURTAIN WITH POLE,331.14,3767,100,0.0
KNITTED RAINBOW HOT WATER BOTTLE,330.78,3768,53,0.0
GREEN GEISHA GIRL,330.36,3769,93,0.0
EASTER BUNNY HANGING GARLAND,330.32,3770,183,0.0
TURQUOISE GLASS TASSLE BAG CHARM,329.95,3771,146,0.0
PIG MUG IN TWO COLOUR DESIGNS,328.51,3772,273,0.0
WHITE CHOCOLATE SCENT CANDLE,328.39,3773,394,0.0
GOLD M PEARL  ORBIT NECKLACE,327.81,3774,32,0.0
SWEET PUDDING STICKER SHEET,327.75,3775,347,0.0
DOILEY BISCUIT TIN,327.6,3776,120,0.0
PINK KNITTED COW STUFFED TOY,326.33,3777,84,0.0
ENGLISH ROSE TABLE CLOCK,325.88,3778,137,0.0
LOUVRE CHALKBOARD,325.6,3779,49,0.0
PURPLE ENAMEL+GLASS HAIR COMB,325.5,3780,173,0.0
SPACE BOY GIFT WRAP,325.5,3781,775,0.0
CANDLE HOLDER SILVER MADELINE,325.16,3782,196,0.0
WOODLAND LARGE PINK FELT HEART,324.4,3783,285,0.0
CAT AND BIRD WALL ART,323.64,3784,270,0.0
PINK GLASS CHUNKY CHARM BRACELET,322.85,3785,36,0.0
BLUE GEISHA GIRL,322.61,3786,90,0.0
BLACK GLASS BRACELET W HEART CHARMS,322.52,3787,64,0.0
AMBER CHUNKY GLASS+BEAD NECKLACE,322.41,3788,27,0.0
CHARLOTTE BAG ALPHABET  DESIGN,320.5,3789,400,0.0
BEADED CRYSTAL HEART BLUE ON STICK,320.15,3790,439,0.0
ANT WHITE SWEETHEART TABLE W 3 DRAW,320.0,3791,3,0.0
DECORATION WOBBLY CHICKEN,319.14,3792,560,0.0
WHITE SQUARE TABLE CLOCK,319.01,3793,224,0.0
CANDY SPOT BUNNY,317.54,3794,99,0.0
SET/6 SILVER REINDEER T-LIGHTS,317.35,3795,258,0.0
LARGE BLUE ORIENTAL FOLDING STOOL,317.0,3796,136,0.0
SILVER M.O.P ORBIT DROP EARRINGS,316.99,3797,75,0.0
JASMINE TEA INCENSE IN TIN,316.98,3798,276,0.0
BLUE PUDDING SPOON,315.7,3799,1437,0.0
SET OF 4 CAROUSEL PLACEMATS,315.54,3800,159,0.0
BEADED CRYSTAL HEART GREEN SMALL,315.11,3801,233,0.0
PINK FLY SWAT,314.84,3802,500,0.0
LARGE GREEN PEONY FOLDING STOOL,314.35,3803,131,0.0
COPPER/OLIVE GREEN FLOWER NECKLACE,313.75,3804,51,0.0
POLYESTER FILLER PAD 30CMx30CM,313.75,3805,251,0.0
PINK/BLUE STRING CURTAIN,313.29,3806,118,0.0
POLKADOT MUG PINK,313.26,3807,193,0.0
DOILY THANK YOU CARD,313.24,3808,741,0.0
MISELTOE HEART WREATH,312.8,3809,80,0.0
WHITE ANEMONE ARTIFICIAL FLOWER,312.65,3810,185,0.0
ANT WHITE HIGH RISE BIRD BOX,312.5,3811,50,0.0
GOLD/M.O.P PENDANT ORBIT NECKLACE,312.14,3812,37,0.0
PINK PARTY SUNGLASSES,311.86,3813,186,0.0
ORIENTAL BLUE CUSHION COVER,311.57,3814,219,0.0
SIX STRING SCANDINAVIAN HEART DECS,311.03,3815,94,0.0
TURQOISE ICE CREAM SUNHAT,310.83,3816,292,0.0
PINK GINGHAM ROSE FLOOR CUSHION,310.44,3817,56,0.0
LARGE PINK PEONY FOLDING STOOL,309.15,3818,136,0.0
LARGE BLUE PROVENCAL CERAMIC BALL,308.7,3819,135,0.0
VINTAGE DOG FOOD CONTAINER,308.64,3820,36,0.0
FLOWER WINDMILL,308.38,3821,242,0.0
ROUND WHITE CONFETTI IN TUBE,306.89,3822,178,0.0
MEASURING TAPE RUSSIAN DOLL BLUE,306.81,3823,103,0.0
CROCHET BEAR WITH BLUE STRIPES,306.77,3824,109,0.0
SET OF 3 PANTRY WOODEN SPOONS,306.66,3825,225,0.0
PAIR BUTTERFLY HAIR CLIPS,306.64,3826,81,0.0
TRANSPARENT ACRYLIC TAPE DISPENSER,305.66,3827,941,0.0
MISELTOE HEART WREATH WHITE,304.5,3828,78,0.0
LARGE GLASS SUNDAE DISH CLEAR,303.96,3829,1005,0.0
BOX/12 MOTHER & CHICK IN BASKET/BOW,303.86,3830,137,0.0
S/3 FLWR FAIRY SUMMER CANDLES,302.4,3831,144,0.0
"FLOWER GLASS GARLAND NECKL.36""BLACK",302.29,3832,38,0.0
JARDIN ETCHED GLASS CANDLEHLDR LONG,301.95,3833,61,0.0
BLUE RETRO KITCHEN WALL CLOCK,301.88,3834,36,0.0
VINTAGE BEAD PINK JEWEL BOX,301.81,3835,61,0.0
GLASS CHALICE BLUE  LARGE,301.8,3836,122,0.0
SMOKEY GREY COLOUR D.O.F. GLASS,301.62,3837,703,0.0
WALL ART DOG AND BALL,301.56,3838,102,0.0
NECKLACE+BRACELET PINK BUTTERFLY,301.28,3839,137,0.0
"PEARL & SHELL 42""NECKL. IVORY",301.0,3840,28,0.0
ENAMEL DOG BOWL CREAM,300.48,3841,76,0.0
PAINT YOUR OWN EGGS IN CRATE,299.36,3842,164,0.0
HEAVENS SCENT FRAGRANCE OILS ASSTD,299.35,3843,1211,0.0
PINK MURANO TWIST NECKLACE,299.28,3844,30,0.0
WHITE SNOW SCANDINAVIAN STOCKING,297.62,3845,589,0.0
CANDY STRIPE ROSE C/COVER,297.5,3846,50,0.0
PACK/12 BLUE FOLKART CARDS,297.48,3847,113,0.0
MINI LADLE LOVE HEART PINK,297.4,3848,528,0.0
RED RETROSPOT WASHBAG,296.99,3849,103,0.0
ORIGAMI OPIUM INCENSE/CANDLE SET,296.79,3850,263,0.0
FOUR RABBIT EASTER DECORATIONS,296.34,3851,1070,0.0
RAINBOW PEGS PHOTO CLIP STRING,295.72,3852,428,0.0
GIRLS PARTY BAG,295.63,3853,92,0.0
PINK GLASS TASSLE BAG CHARM,295.38,3854,151,0.0
GOLD FABRIC MIRROR,295.12,3855,529,0.0
SET 5 MINI DOUGHNUT FRIDGE MAGNET,295.08,3856,372,0.0
DOLLCRAFT GIRL AMELIE KIT,294.7,3857,66,0.0
CRYSTAL DIAMANTE EXPANDABLE RING,293.33,3858,69,0.0
WAKE UP COCKEREL TILE COASTER,293.08,3859,664,0.0
BUTTONS DESIGN JEWELLERY BOX,293.02,3860,75,0.0
S/4 FESTIVE RED DINNER CANDLES,292.5,3861,234,0.0
RED KUKUI COCONUT SEED NECKLACE,292.08,3862,139,0.0
WHITE WITH BLACK CATS BOWL,292.08,3863,434,0.0
SMALL WHITE/PINK ROSE ART FLOWER,292.04,3864,388,0.0
SET 72 CAKE CASES VINTAGE CHRISTMAS,291.6,3865,672,0.0
EGG CUP HENRIETTA HEN PINK,291.58,3866,211,0.0
SPACE CADET RED,290.9,3867,239,0.0
PINK KNITTED KIDS RUCKSACK,290.78,3868,50,0.0
SILVER APERITIF GLASS,290.72,3869,355,0.0
IVORY HANGING DECORATION  CHICKEN,290.17,3870,311,0.0
CURIO CABINET LINEN AND LACE,290.1,3871,36,0.0
GREEN WIRE STANDING CANDLE HOLDER,289.43,3872,66,0.0
CORDIAL GLASS JUG,288.88,3873,34,0.0
GEISHA GIRL CHOPSTICKS SET/5,288.35,3874,131,0.0
PAPER LANTERN 5 POINT SEQUIN STAR,287.5,3875,50,0.0
PINK POODLE HANGING DECORATION,287.47,3876,543,0.0
FUNKY GIRLZ ASST MAGNETIC MEMO PAD,287.01,3877,366,0.0
GOLDIE LOOKING MIRROR,286.42,3878,42,0.0
ICON MUG REVOLUTIONARY,284.49,3879,703,0.0
AMETHYST DIAMANTE EXPANDABLE RING,284.43,3880,67,0.0
PACK OF 12 CHRISTMAS FUN CARDS,283.79,3881,106,0.0
HEART SHAPE BUTTON FRAME,283.49,3882,139,0.0
36 PENCILS TUBE POSY,282.31,3883,233,0.0
MINI JIGSAW FIDO,282.24,3884,672,0.0
WIRE FLOWER T-LIGHT HOLDER,281.33,3885,223,0.0
TEATIME PUSH DOWN RUBBER,281.32,3886,848,0.0
PEARLISED IVORY HEART SMALL,281.17,3887,228,0.0
PINK ROSEBUD & PEARL NECKLACE,280.71,3888,37,0.0
ENGLISH ROSE SMALL SCENTED FLOWER,279.88,3889,307,0.0
BLUE CIRCLES DESIGN TEDDY,279.82,3890,103,0.0
DARK CHOCOLATE SCENTCANDLE,279.08,3891,326,0.0
VINTAGE GOLD TINSEL REEL,279.0,3892,275,0.0
BLCK NEW BAROQUE CANDLESTICK CANDLE,279.0,3893,180,0.0
SUMMER BUTTERFLIES BAG CHARM,278.96,3894,108,0.0
HEN PARTY CORDON BARRIER TAPE,278.89,3895,226,0.0
SET/3 RABBITS FLOWER SKIPPPING ROPE,278.73,3896,291,0.0
MIRRORED WALL ART GENTS,278.48,3897,211,0.0
PSYCHEDELIC TILE COASTER,277.9,3898,484,0.0
DECORATIVE VINTAGE COFFEE  BOX,277.0,3899,52,0.0
ASS COL CIRCLE MOBILE,276.96,3900,752,0.0
FINE SILVER NECKLACE W PASTEL FLOWE,276.49,3901,41,0.0
NUMBER TILE VINTAGE FONT No,276.42,3902,173,0.0
GREEN KASHMIRI BOXED MIRROR,276.0,3903,23,0.0
SUNJAR LED NIGHT NIGHT LIGHT,275.96,3904,17,0.0
ZINC WIRE SWEETHEART LETTER TRAY,275.62,3905,83,0.0
CRYSTAL STILETTO PHONE CHARM,275.53,3906,311,0.0
SET/6 POSIES PAPER PLATES,274.57,3907,295,0.0
PSYCHEDELIC METAL SIGN CALENDAR,274.55,3908,975,0.0
WHITE HONEYCOMB PAPER FAN,274.37,3909,111,0.0
ASSTD COL BUTTERFLY/CRYSTAL W/CHIME,273.93,3910,497,0.0
PINK CRYSTAL+GLASS BRACELET,273.89,3911,55,0.0
PSYCHEDELIC TILE HOOK,273.32,3912,335,0.0
TRIPLE WIRE HOOK PINK HEART,272.91,3913,79,0.0
LA PALMIERA METAL SIGN CALENDAR,272.61,3914,764,0.0
JUMBO BAG VINTAGE DOILEY,272.57,3915,144,0.0
BLUE VICTORIAN FABRIC HEART BOX,272.45,3916,765,0.0
LILAC FLOWER BLOCK TABLE LAMP,272.45,3917,78,0.0
BLACK FLOWER CANDLE PLATE,272.17,3918,326,0.0
BLACK DIAMANTE EXPANDABLE RING,271.96,3919,64,0.0
IVORY SHELL HEART NECKLACE,271.88,3920,48,0.0
SILVER/BLACK ORBIT NECKLACE,271.33,3921,27,0.0
ASSORTED COLOUR METAL CAT,271.1,3922,226,0.0
WOODLAND SMALL BLUE FELT HEART,270.96,3923,312,0.0
SQUARE FLOOR CUSHION VINTAGE PINK,270.47,3924,19,0.0
BLUE  VOILE LAMPSHADE,269.9,3925,98,0.0
HANGING HEART BASKET,269.44,3926,146,0.0
TURQUOISE CRYSTAL+GLASS BRACELET,269.1,3927,54,0.0
BLACK BOX MIRROR LANTERN,268.75,3928,55,0.0
GOLD TEDDY BEAR,268.5,3929,87,0.0
MIRRORED WALL ART TABLE LAMP,267.01,3930,156,0.0
TUMBLER BAROQUE,266.19,3931,525,0.0
"GARLAND, VINTAGE BELLS",265.88,3932,92,0.0
50CM METAL STRING WITH  7 CLIPS,265.4,3933,326,0.0
WOODLAND LARGE RED FELT HEART,264.72,3934,205,0.0
FROSTED WHITE BASE,264.64,3935,475,0.0
SET OF 6 DOTS CHOPSTICKS,263.63,3936,211,0.0
RIVIERA NECKLACE,263.28,3937,53,0.0
PURPLE GLASS TASSLE BAG CHARM,263.14,3938,129,0.0
PINK B'FLY C/COVER W BOBBLES,262.62,3939,43,0.0
PINK CANDYSTUFT ARTIFICIAL FLOWER,261.91,3940,319,0.0
GYMKHANNA TREASURE BOOK BOX,261.84,3941,120,0.0
VINTAGE BLUE TINSEL REEL,261.66,3942,397,0.0
BLUE PILLAR CANDLE SILVER FLOCK,260.67,3943,78,0.0
75 BLACK PETIT FOUR CASES,260.65,3944,571,0.0
ASSORTED CIRCULAR MOBILE,260.39,3945,1213,0.0
RETRO BROWN BALL ASHTRAY,259.37,3946,205,0.0
THREE CANVAS LUGGAGE TAGS,259.09,3947,174,0.0
DOORKNOB CRACKED GLAZE IVORY,258.3,3948,174,0.0
BLUE NEW BAROQUE FLOCK CANDLESTICK,258.06,3949,62,0.0
"PEARL & SHELL 42""NECKL. GREEN",257.55,3950,24,0.0
PINK BITTY LIGHT CHAIN,257.15,3951,116,0.0
BIG PINK POODLE,257.1,3952,30,0.0
MURANO STYLE GLASS BRACELET BLACK,255.97,3953,71,0.0
NUMBER TILE COTTAGE GARDEN 2,254.56,3954,98,0.0
PORCELAIN BUDAH INCENSE HOLDER,254.51,3955,2559,0.0
HEARTS WRAPPING TAPE,254.41,3956,650,0.0
NUMBER TILE COTTAGE GARDEN 1,253.94,3957,100,0.0
12 PINK HEN+CHICKS IN BASKET,253.79,3958,99,0.0
Dotcomgiftshop Gift Voucher £50.00,253.59,3959,6,0.0
VINTAGE DESIGN GIFT TAGS,252.45,3960,272,0.0
DARK PINK FLOCK GLASS CANDLEHOLDER,252.29,3961,553,0.0
SPACE CADET WHITE,252.16,3962,203,0.0
MIRRORED WALL ART FOXY,251.97,3963,54,0.0
PAIR OF ENAMEL FLOWER CLUSTER SLIDE,251.59,3964,105,0.0
ANTIQUE IVORY WIRE BOWL SMALL,251.45,3965,99,0.0
BOYS PARTY BAG,251.35,3966,77,0.0
LILY BROOCH OLIVE COLOUR,250.47,3967,50,0.0
VINTAGE ENAMEL & CRYSTAL EARRINGS,250.34,3968,50,0.0
GREEN EASTER EGG HUNT START POST,249.65,3969,113,0.0
DAISY HAIR BAND,249.58,3970,150,0.0
CRYSTAL SEA HORSE PHONE CHARM,249.56,3971,311,0.0
"CARD, GINGHAM ROSE",249.44,3972,596,0.0
PACK 3 BOXES CHRISTMAS PANETTONE,248.48,3973,76,0.0
"ROUND SNACK BOXES ,SET 4, FRUITS",247.8,3974,84,0.0
CLASSIC SUGAR DISPENSER,247.32,3975,216,0.0
BLUE GINGHAM ROSE FLOOR CUSHION,247.26,3976,29,0.0
"FLOWER GLASS GARLAND NECKL.36""BLUE",246.83,3977,31,0.0
"BATHROOM SCALES, TROPICAL BEACH",246.58,3978,59,0.0
ASS FLORAL PRINT SPIRIT LEVEL,246.12,3979,160,0.0
ROSES BLUE BASE CUSHION COVER,246.03,3980,51,0.0
PINK OWL DECORATION,244.8,3981,96,0.0
BLUE OWL DECORATION,244.8,3982,96,0.0
NEW BAROQUE LARGE NECKLACE BLK/WHIT,244.79,3983,29,0.0
NECKLACE+BRACELET SET BLUE BLOSSOM,243.61,3984,104,0.0
GREEN GLASS TASSLE BAG CHARM,243.38,3985,107,0.0
METALIC LEAVES BAG CHARMS,243.07,3986,97,0.0
LILY BROOCH AMETHYST COLOUR,242.8,3987,49,0.0
PURPLE GEMSTONE NECKLACE 45CM,242.25,3988,19,0.0
WOODLAND SMALL PINK FELT HEART,242.18,3989,286,0.0
"ACRYLIC JEWEL ICICLE, PINK",242.15,3990,559,0.0
BLACK GEMSTONE NECKLACE 45CM,241.98,3991,19,0.0
"WRAP, CAROUSEL",241.5,3992,575,0.0
ZINC WIRE KITCHEN ORGANISER,239.97,3993,30,0.0
ORIENTAL RED CUSHION COVER,239.8,3994,132,0.0
RUSTIC STRAWBERRY JAMPOT LARGE,238.56,3995,120,0.0
DOORKNOB CRACKED GLAZE BLUE,238.5,3996,162,0.0
PIN CUSHION RUSSIAN DOLL BLUE,238.06,3997,68,0.0
WHITE 3 FRAME BIRDS AND TREE,237.8,3998,24,0.0
POP'S GREASY SPOON METAL SIGN,237.73,3999,114,0.0
NUMBER TILE VINTAGE FONT 3,237.72,4000,118,0.0
TEAL/FUSCHIA COL BEAD NECKLACE,236.46,4001,47,0.0
MULTICOLOUR FEATHERS CURTAIN,236.4,4002,72,0.0
LARGE GLASS ROSE SCENTED CANDLE,236.33,4003,684,0.0
SWEET VALENCIA CANDLE+CUP,235.9,4004,164,0.0
PURPLE ACRYLIC FACETED BANGLE,235.73,4005,142,0.0
SNACK TRAY HAPPY FOREST,234.92,4006,116,0.0
PINK PATCH PURSE BLUE HEART,234.3,4007,142,0.0
PINK MINI TAPE MEASURE,233.5,4008,290,0.0
"FOLK ART GREETING CARD,pack/12",233.48,4009,75,0.0
AMBER DIAMANTE EXPANDABLE RING,233.29,4010,55,0.0
ENGLISH ROSE MUG IN GIFT BOX,232.89,4011,143,0.0
T-LIGHT HOLDER SILVER PETIT FOUR,232.42,4012,184,0.0
FLOWER PENCIL/RUBBER+5 MINI PENCILS,232.35,4013,524,0.0
SET/6 BLACK SNOWFLAKE T-LIGHTS,232.08,4014,402,0.0
CLEAR ACRYLIC FACETED BANGLE,232.04,4015,102,0.0
PINK BUNNY EASTER EGG BASKET,231.9,4016,158,0.0
NUMBER TILE COTTAGE GARDEN No,231.54,4017,83,0.0
AMETHYST GLASS/SHELL/PEARL NECKLACE,231.27,4018,25,0.0
BEIGE PHOTO ALBUM,230.59,4019,97,0.0
POCKET MIRROR WOODLAND,230.55,4020,213,0.0
"BISCUIT TIN, RED,IVORY, VINTAGE",230.55,4021,37,0.0
PINK ROSEBUD PEARL BRACELET,230.39,4022,40,0.0
BLUE BUNNY EASTER EGG BASKET,230.25,4023,157,0.0
NEW ENGLAND CERAMIC CAKE SERVER,229.57,4024,89,0.0
JADE CRYSTAL+GLASS BRACELET,228.99,4025,46,0.0
ASSORTED TUTTI FRUTTI KEYRING,228.65,4026,259,0.0
5 STRAND GLASS NECKLACE AMETHYST,228.61,4027,36,0.0
PINK CRYSTAL HEART PHONE CHARM,227.72,4028,263,0.0
ENAMEL BLUE RIM TEA CONTAINER,227.54,4029,104,0.0
SILVER BLUE EGG T-LIGHT HOLDER,227.48,4030,494,0.0
BLUE SPOTTY BEAKER,227.44,4031,112,0.0
PINK FLOCK PHOTO FRAME,227.33,4032,162,0.0
S/4 ROSE PINK DINNER CANDLES,227.11,4033,191,0.0
CHILDRENS APRON DOLLY GIRL,226.81,4034,107,0.0
F.FAIRY S/3 CANDLE/GLASS,226.5,4035,110,0.0
TRAVEL CARD WALLET VINTAGE ROSE,226.2,4036,542,0.0
CRYSTAL PAIR HEART HAIR SLIDES,226.17,4037,60,0.0
RESIN NECKLACE W PASTEL BEADS,226.16,4038,30,0.0
DOTTY PLACEMATS,226.07,4039,59,0.0
This is a test product.,226.0,4040,51,0.0
PINK KASHMIRI BOXED MIRROR,225.95,4041,13,0.0
S/4 SKY BLUE DINNER CANDLES,225.89,4042,187,0.0
FRUIT SALAD BAG CHARM,225.52,4043,106,0.0
MIRRORED WALL ART SPLODGES,225.36,4044,133,0.0
FLOWERS TILE HOOK,224.31,4045,494,0.0
BLACKCHRISTMAS TREE 30CM,224.1,4046,78,0.0
PURPLE BERTIE GLASS BEAD BAG CHARM,223.74,4047,136,0.0
LARGE ZINC GLASS CANDLEHOLDER,223.23,4048,78,0.0
DRAGONS BLOOD INCENSE,222.75,4049,990,0.0
CAROUSEL DES CHILD'S APRON,221.57,4050,134,0.0
ORIGAMI LAVENDER INCENSE+FLOWER,221.4,4051,335,0.0
"CANDLE IN JAR COLLAGE , VANILLA",221.08,4052,82,0.0
DAISY ERASERS IN BAG,221.06,4053,1016,0.0
ORIGAMI JASMINE INCENSE IN TUBE,221.03,4054,256,0.0
4 GOLD FLOCK CHRISTMAS BALLS,220.66,4055,134,0.0
PINK RETRO BIG FLOWER BAG,220.35,4056,113,0.0
GREEN MURANO TWIST NECKLACE,220.21,4057,22,0.0
VANILLA SCENT CAKE CANDLE,219.46,4058,962,0.0
WHITE BAROQUE CARRIAGE CLOCK,218.9,4059,22,0.0
CRYSTAL STUD EARRINGS CLEAR DISPLAY,218.88,4060,576,0.0
VINTAGE CAT FOOD CONTAINER,218.14,4061,34,0.0
S/4 BLACK LOVEBIRD COASTERS,217.81,4062,97,0.0
CARDHOLDER GINGHAM HEART,216.9,4063,102,0.0
JADE GREEN ENAMEL HAIR COMB,216.87,4064,106,0.0
FREESTYLE CANVAS ART PICTURE,216.5,4065,134,0.0
S/3 PUPPIES CHRISTMAS DECORATIONS,216.33,4066,108,0.0
SET 8 CANDLES VINTAGE DOILEY,216.3,4067,122,0.0
YELLOW RED FLOWER PIGGY BANK,216.07,4068,108,0.0
RED POPPY ARTIFICIAL FLOWER,215.93,4069,233,0.0
FLOWER GARLAND NECKLACE RED,215.76,4070,27,0.0
BUTTERFLY WATER TRANSFER TATTOOS,215.0,4071,284,0.0
MINI HAND WARMER BABUSHKA DESIGN,214.8,4072,108,0.0
S/2 BEACH HUT STOOLS,214.65,4073,27,0.0
DOOR MAT SWEET HOME,214.47,4074,34,0.0
PINK HEART OF GLASS BRACELET,214.07,4075,36,0.0
"FEATHER DUSTER, COAL BLACK",213.75,4076,171,0.0
"LETTER ""A"" BLING KEY RING",213.65,4077,213,0.0
SILVER BLACK ORBIT BRACELET,213.38,4078,40,0.0
RED PUDDING SPOON,213.07,4079,1078,0.0
NUMBER TILE VINTAGE FONT 1,212.91,4080,103,0.0
CREAM CLIMBING HYDRANGA ART FLOWER,212.85,4081,147,0.0
PINK TV TRAY TABLE,212.42,4082,38,0.0
PACK/12 BLUE REINDEER CARD,212.4,4083,72,0.0
NEW BAROQUE B'FLY NECKLACE RED,212.24,4084,25,0.0
"ACRYLIC JEWEL SNOWFLAKE,PINK",212.14,4085,408,0.0
SCOTTIES DESIGN BABY BIB,212.06,4086,194,0.0
MIRRORED WALL ART LADIES,212.04,4087,201,0.0
LA PALMIERA TILE HOOK,211.29,4088,953,0.0
GOLD APERITIF GLASS,209.36,4089,173,0.0
SILVER FINCH DECORATION,208.89,4090,189,0.0
RED PEONY TABLE CLOCK,208.3,4091,34,0.0
ENGLISH ROSE SCENTED HANGING HEART,208.25,4092,49,0.0
JET BLACK LAS VEGAS NECKLACE 45CM,208.21,4093,35,0.0
CHUNKY CRACKED GLAZE NECKLACE IVORY,207.94,4094,19,0.0
SILVER/M.O.P PENDANT ORBIT NECKLACE,207.86,4095,29,0.0
ENGLISH ROSE TEA SET IN GIFT BOX,207.69,4096,49,0.0
GREY ACRYLIC FACETED BANGLE,207.34,4097,88,0.0
MURANO STYLE GLASS BRACELET RED,207.05,4098,53,0.0
FUSCHIA FLOWER PURSE WITH BEADS,206.26,4099,200,0.0
ORIGAMI ROSE INCENSE CONES,204.36,4100,479,0.0
AMETHYST HOOP EARRING FLORAL LEAF,203.73,4101,69,0.0
SET/12 ZINC CHRISTMAS DECORATIONS,203.73,4102,94,0.0
"HANGING FLOWERS+MIRROR,BLUE",203.24,4103,528,0.0
SMALL GLASS ROSE SCENTED CANDLE,202.62,4104,605,0.0
NUMBER TILE COTTAGE GARDEN 4,202.1,4105,80,0.0
NUMBER TILE VINTAGE FONT 2,201.46,4106,104,0.0
CHERRY BLOSSOM CANVAS ART PICTURE,201.3,4107,54,0.0
FLOWER FAIRY POTPOURRI CUSHION LILY,201.24,4108,292,0.0
PINK TEATIME PRINT BOWL,201.0,4109,138,0.0
NUMBER TILE VINTAGE FONT 5,199.9,4110,102,0.0
SILVER DROP EARRINGS WITH FLOWER,199.45,4111,53,0.0
RASPBERRY ANT COPPER FLOWER NECKLAC,198.98,4112,33,0.0
SET OF 72 BLACK PAPER DOILIES,197.94,4113,129,0.0
72 ROUND PINK DOILIES,197.9,4114,128,0.0
BLOKEY SILVER TOOL SET,196.7,4115,36,0.0
ENGLISH ROSE TORCH,196.46,4116,527,0.0
"BREAD BIN, DINER STYLE, MINT",196.35,4117,13,0.0
NUMBER TILE VINTAGE FONT 4,195.69,4118,101,0.0
NEW BAROQUE SMALL NECKLACE BLACK,195.14,4119,23,0.0
"ROUND SNACK BOXES ,SET4, WOODLAND",194.7,4120,66,0.0
A PRETTY THANK YOU CARD,194.58,4121,456,0.0
HANGING METAL CHICKEN DECORATION,193.52,4122,148,0.0
KINGS CHOICE SMALL TUBE MATCHES,193.05,4123,117,0.0
NUMBER TILE VINTAGE FONT 6,192.9,4124,104,0.0
"ACRYLIC HANGING JEWEL,BLUE",192.3,4125,385,0.0
"FLOWER GLASS GARLD NECKL36""TURQUOIS",192.17,4126,24,0.0
YELLOW PURPLE DAISY FELT PURSE KIT,192.17,4127,121,0.0
MIDNIGHT BLUE PAIR HEART HAIR SLIDE,191.54,4128,51,0.0
PURPLE CHUNKY GLASS+BEAD NECKLACE,191.41,4129,16,0.0
ICON PLACEMAT POP ART ELVIS,190.89,4130,912,0.0
BAG OF SILVER STONES,190.89,4131,300,0.0
"CAKE TIN, ROUND, VINTAGE MINT,IVORY",190.65,4132,27,0.0
NEW ENGLAND MILK JUG W GIFT BOX,190.4,4133,32,0.0
ORANGE COCKTAIL GLASS LAMP,190.16,4134,65,0.0
PINK SQUARE TABLE CLOCK,189.87,4135,152,0.0
FAIRY CAKES TILE COASTER,189.6,4136,138,0.0
DONKEY TAIL GAME,189.54,4137,54,0.0
PINK ALLIUM  ARTIFICIAL FLOWER,189.28,4138,112,0.0
SET OF 4 POLKADOTS COASTERS,189.1,4139,132,0.0
PLANTPOT SINGLE HOOK PISTACHIO,188.95,4140,167,0.0
S/6 SEW ON CROCHET FLOWERS,188.77,4141,149,0.0
FAIRY CAKES TABLE CLOCK,188.73,4142,20,0.0
COTE D'AZURE NECKLACE,188.58,4143,38,0.0
DOORSTOP RUSSIAN DOLL GINGHAM,188.22,4144,44,0.0
TURQ STONE/CRYSTAL EARRINGS,188.09,4145,64,0.0
NECKLACE+BRACELET SET FRUIT SALAD,187.62,4146,74,0.0
RED   ACRYLIC FACETED BANGLE,186.56,4147,118,0.0
ANT WHITE IRON BASKET,186.35,4148,33,0.0
METAL RABBIT LADDER EASTER,186.16,4149,198,0.0
POPART COL BALLPOINT PEN ASST,185.73,4150,4313,0.0
PINK ROUND COMPACT MIRROR,185.66,4151,74,0.0
GREEN FLORAL FELTCRAFT SHOULDER BAG,185.11,4152,43,0.0
GIFT BAG LARGE VINTAGE CHRISTMAS,185.0,4153,148,0.0
PINK/FLOWER RABBIT EGG WARMER,184.76,4154,159,0.0
CHAMBRE HOOK,184.68,4155,132,0.0
PORCELAIN HANGING BELL SMALL,184.61,4156,126,0.0
S/6 MULTICOLOUR ORNAMENETAL CANDLE,184.4,4157,180,0.0
LEOPARD PRINT HOT WATER BOTTLE,183.98,4158,51,0.0
PINK BERTIE GLASS BEAD BAG CHARM,183.97,4159,149,0.0
RED GLASS TASSLE BAG CHARM,183.26,4160,81,0.0
DAIRY MAID CERAMIC TOASTRACK,183.06,4161,59,0.0
CRYSTAL FROG PHONE CHARM,182.79,4162,216,0.0
BIRD BOX CHRISTMAS TREE DECORATION,182.71,4163,213,0.0
LAVENDER INCENSE 40 CONES IN TIN,182.65,4164,173,0.0
SMALL BLUE PROVENCAL CERAMIC BALL,182.16,4165,99,0.0
PARTY PIZZA DISH PINK RETROSPOT,181.55,4166,185,0.0
BLUE CHERRY BLOSSOM CUP & SAUCER,181.5,4167,1122,0.0
MINI JIGSAW BUNNIES AT HOME,181.44,4168,432,0.0
"LETTER ""S"" BLING KEY RING",181.34,4169,184,0.0
PAINTED LIGHTBULB STAR+ MOON,181.03,4170,350,0.0
WHITE VINTAGE CRYSTAL BRACELET,180.46,4171,26,0.0
POP ART PUSH DOWN RUBBER,180.3,4172,2145,0.0
NUMBER TILE COTTAGE GARDEN 3,180.19,4173,71,0.0
PAINTED LIGHTBULB RAINBOW DESIGN,180.14,4174,306,0.0
"ACRYLIC JEWEL ICICLE, BLUE",180.05,4175,408,0.0
LUNCHBAG PINK RETROSPOT,179.91,4176,108,0.0
PURPLE AMETHYST NECKLACE W TASSEL,179.88,4177,18,0.0
BLUE FLOWER T-LIGHT HOLDER,179.88,4178,240,0.0
SET/3 COLOUR PAINTED KASHMIRI STOOL,179.85,4179,3,0.0
CAPIZ CHANDELIER,179.7,4180,6,0.0
ORIGAMI VANILLA INCENSE+FLOWER,179.56,4181,261,0.0
S/60 PINK FLUFFY CHICKS IN BOX,179.1,4182,82,0.0
CREAM HANGING HEART T-LIGHT HOLDER,178.51,4183,61,0.0
WHITE VINT ART DECO CRYSTAL NECKLAC,178.48,4184,21,0.0
PARTY PIZZA DISH BLUE RETROSPOT,178.34,4185,206,0.0
DOLLCRAFT GIRL AMELIE,178.2,4186,36,0.0
PURPLE VINTAGE EARRINGS,178.11,4187,46,0.0
MIDNIGHT BLUE COPPER FLOWER NECKLAC,177.29,4188,29,0.0
"CAKE TIN, 3 TIER MINT/IVORY",176.75,4189,13,0.0
SPACE CADET BLACK,176.7,4190,144,0.0
RUBY DROP CHANDELIER EARRINGS,176.31,4191,44,0.0
GLASS BONBON JAR. SUPERFINES,175.61,4192,115,0.0
6 SEGMENT COLOURED SNACK BOWL,175.48,4193,21,0.0
PINK KASHMIRI OCCASIONAL TABLE,174.9,4194,3,0.0
BLUE DAISY MOBILE,172.51,4195,181,0.0
WHITE HEART OF GLASS BRACELET,172.39,4196,29,0.0
CAROUSEL DESIGN BABY BIB,171.91,4197,165,0.0
COW  SOCK PUPPET,171.1,4198,58,0.0
BLUE EASTER EGG HUNT START POST,171.04,4199,82,0.0
PINK FLOCK TABLE CLOCK,170.8,4200,84,0.0
BLACK VINT ART DEC CRYSTAL NECKLACE,170.17,4201,20,0.0
ORIGAMI VANILLA INCENSE CONES,170.13,4202,276,0.0
PINK KNITTED EGG COSY,169.36,4203,191,0.0
PINK & WHITE ROSEBUD RING,168.94,4204,40,0.0
GOLD M.O.P ORBIT BRACELET,168.62,4205,32,0.0
PAIR OF ENAMEL BUTTERFLY HAIRCLIP,168.46,4206,50,0.0
IVORY FELT EASTER RABBIT GARLAND,168.3,4207,66,0.0
CRYSTAL HOOP EARRING FLORAL LEAF,168.26,4208,57,0.0
SET/6 POSIES PAPER CUPS,168.08,4209,260,0.0
PINK FELT HANGING HEART W FLOWER,167.55,4210,157,0.0
GREEN/BLUE CERAMIC CANDLE HOLDER,167.52,4211,58,0.0
TEXRIO TOMATOES CANDLE+CUP,166.78,4212,128,0.0
DIAMOND LAS VEGAS NECKLACE 45CM,166.57,4213,28,0.0
EASTER BUNNY WITH BASKET ON BACK,166.21,4214,230,0.0
FIRE POLISHED GLASS NECKL GREEN,166.14,4215,28,0.0
S/4 PISTACHIO LOVEBIRD COASTERS,166.1,4216,106,0.0
Dotcomgiftshop Gift Voucher £40.00,166.09,4217,5,0.0
"LETTER ""L"" BLING KEY RING",166.06,4218,176,0.0
ROSE COLOUR PAIR HEART HAIR SLIDES,165.81,4219,44,0.0
RED SPOTTY BEAKER,165.75,4220,85,0.0
ARMY CAMO WRAPPING TAPE,165.56,4221,2251,0.0
CLEAR CRYSTAL STAR PHONE CHARM,165.34,4222,209,0.0
ORIENTAL RED C/COVER,165.11,4223,27,0.0
PAISLEY PARK CARD,165.08,4224,376,0.0
GOLD M.O.P ORBIT DROP EARRINGS,164.62,4225,39,0.0
BLUE KNITTED EGG COSY,164.01,4226,194,0.0
PINK SMALL JEWELLED PHOTOFRAME,163.35,4227,99,0.0
NUMBER TILE COTTAGE GARDEN 6,162.82,4228,70,0.0
BLACK PHOTO ALBUM,162.73,4229,82,0.0
FIRE POLISHED GLASS BRACELET GREEN,162.66,4230,43,0.0
"LETTER ""C"" BLING KEY RING",162.53,4231,165,0.0
ANT SILVER LIME GREEN BOUDICCA RING,162.25,4232,55,0.0
FLORAL DINOSAUR GREEN,161.89,4233,33,0.0
SILVER/AMETHYST DROP EARRINGS LEAF,161.82,4234,55,0.0
AMBER GLASS TASSLE BAG CHARM,161.57,4235,67,0.0
"LETTER ""J"" BLING KEY RING",161.47,4236,157,0.0
FRESHWATER PEARL BRACELET GOLD,160.79,4237,63,0.0
GREEN HEART OF GLASS BRACELET,160.75,4238,27,0.0
SILVER SLEIGHBELL  WREATH,160.45,4239,19,0.0
CANDY STRIPE ROSE FLOOR CUSHION,160.15,4240,15,0.0
CUBIC MUG FLOCK PINK ON BROWN,160.08,4241,170,0.0
SET 4 PICNIC CUTLERY BLUEBERRY,159.9,4242,82,0.0
CERAMIC HEART CAKE MONEY BANK,159.6,4243,120,0.0
WRAP RED DOILEY,159.6,4244,380,0.0
PINK CHERRY BLOSSOM CUP & SAUCER,159.2,4245,41,0.0
POPART RECT PENCIL SHARPENER ASST,159.0,4246,1210,0.0
WHITE METAL BAROQUE PHOTO FRAME,158.9,4247,77,0.0
GREEN WITH METAL BAG CHARM,158.89,4248,31,0.0
MUG AND COASTER SET RED CIRCLES,158.76,4249,378,0.0
"LETTER ""K"" BLING KEY RING",158.4,4250,154,0.0
FOOD/DRINK SPUNGE STICKERS,158.19,4251,759,0.0
DOOR MAT CAMOUFLAGE,158.04,4252,39,0.0
ENAMEL CAT BOWL CREAM,157.8,4253,52,0.0
WAKE UP COCKEREL TILE HOOK,157.61,4254,226,0.0
BLUE WHITE SCARF HOT WATER BOTTLE,157.6,4255,28,0.0
WRAP CAROUSEL,157.5,4256,375,0.0
BATHROOM HOOK,157.5,4257,146,0.0
DIAMANTE HAIR GRIP PACK/2 CRYSTAL,156.98,4258,94,0.0
NUMBER TILE COTTAGE GARDEN 0,156.97,4259,67,0.0
NUMBER TILE VINTAGE FONT 7,156.8,4260,90,0.0
TUSCAN VILLA BIRD TABLE,156.75,4261,19,0.0
BEST DAD CANDLE LETTERS,156.72,4262,218,0.0
FLAT PALM T-LIGHT HOLDER,156.65,4263,133,0.0
BLUE CHENILLE SHAGGY CUSHION COVER,156.29,4264,71,0.0
PINK ROSE PICNIC RUG,155.7,4265,6,0.0
AMBER DROP EARRINGS W LONG BEADS,155.65,4266,53,0.0
TROPICAL HOLIDAY PURSE,155.41,4267,57,0.0
NUMBER TILE COTTAGE GARDEN 7,154.94,4268,66,0.0
BLACK VINT ART DEC CRYSTAL BRACELET,154.87,4269,22,0.0
TURQUOISE HEART OF GLASS BRACELET,154.69,4270,26,0.0
"FELTCRAFT HAIRBAND, S/2, RED/BLUE",154.68,4271,204,0.0
PANTRY KITCHEN THERMOMETER,154.52,4272,112,0.0
NUMBER TILE COTTAGE GARDEN 9,154.33,4273,69,0.0
RETRO LEAVES MAGNETIC NOTEPAD,154.09,4274,105,0.0
SPOTTY COFFEE CUP & SAUCER,153.78,4275,40,0.0
BLUE GREEN EMBROIDERY COSMETIC BAG,153.18,4276,54,0.0
SET OF 4 GREEN CAROUSEL COASTERS,152.86,4277,162,0.0
PINK GINGHAM ROSE CUSHION COVER,152.6,4278,23,0.0
HEART TRELLISTRIPLE T-LIGHT HOLDER,152.24,4279,56,0.0
NUMBER TILE COTTAGE GARDEN 5,151.35,4280,63,0.0
BROWN KUKUI COCONUT SEED NECKLACE,151.3,4281,87,0.0
MAGIC DRAWING SLATE FIDO,151.2,4282,360,0.0
PORCELAIN CHERUB BELL SMALL,150.72,4283,329,0.0
ST GEORGE SET OF 10 PARTY LIGHTS,150.45,4284,51,0.0
FLOWER FAIRY 5 DRAWER LINERS,150.45,4285,59,0.0
FRESHWATER PEARL BRACELET IVORY,150.21,4286,59,0.0
HEN HOUSE W CHICK STANDING,150.19,4287,340,0.0
KIDS CUTLERY DOLLY GIRL,149.4,4288,36,0.0
KIDS CUTLERY SPACEBOY,149.4,4289,36,0.0
FLOWER FAIRY SUMMER BOUQUET SACHET,149.1,4290,355,0.0
MURANO STYLE GLASS BRACELET PINK,148.87,4291,41,0.0
TUSCAN VILLA BIRD FEEDER,148.63,4292,17,0.0
A4 WALL TIDY BLUE OFFICE,148.01,4293,244,0.0
REDWHITE STRIPE SCANDINAVIAN HEART,147.64,4294,377,0.0
DOT MATRIX CANVAS ART PICTURE,147.05,4295,35,0.0
MURANO STYLE GLASS BRACELET GOLD,146.75,4296,41,0.0
FLAMES SUNGLASSES PINK LENSES,146.11,4297,77,0.0
SPACE BOY CHILDRENS CUP,145.76,4298,131,0.0
SILVER/BLACK PENDANT ORBIT NECKLACE,144.07,4299,17,0.0
BLACK CHRISTMAS FLOCK DROPLET,144.07,4300,179,0.0
"FLOWER GLASS GARLAND NECKL.36""GREEN",143.1,4301,18,0.0
NUMBER TILE COTTAGE GARDEN 8,143.02,4302,62,0.0
NUMBER TILE VINTAGE FONT 8,143.0,4303,84,0.0
DOGGY RUBBER,142.74,4304,664,0.0
BLUE TRAVEL FIRST AID KIT,141.76,4305,86,0.0
PINK ENAMEL FLOWER HAIR TIE,141.49,4306,48,0.0
LARGE STRAWBERRY CHOCOLATE CANDLE,141.23,4307,65,0.0
PINK GREEN EMBROIDERY COSMETIC BAG,140.4,4308,48,0.0
NEW BAROQUE BLACK BOXES,140.25,4309,11,0.0
SILVER ROCOCO CANDELABRA,140.23,4310,9,0.0
JET BLACK LAS VEGAS BRACELET ROUND,140.07,4311,37,0.0
SEAGRASS S/3 SQU LAUNDRY BOX,139.95,4312,12,0.0
"LETTER ""M"" BLING KEY RING",139.82,4313,138,0.0
SET OF 36 PANTRY PAPER DOILIES,139.78,4314,67,0.0
"NUMBER TILE COTTAGE GARDEN, 1",139.69,4315,67,0.0
METAL HERB GERDEN CONTAINER,139.68,4316,24,0.0
EDWARDIAN DROP EARRINGS JET BLACK,139.67,4317,37,0.0
CAROUSEL CHILDRENS OVERALL,139.56,4318,74,0.0
PINK FLOCK GLASS CANDLEHOLDER,139.54,4319,160,0.0
5 STRAND GLASS NECKLACE BLACK,139.5,4320,22,0.0
VINTAGE ZINC WATERING CAN,139.4,4321,13,0.0
"LETTER ""E"" BLING KEY RING",139.28,4322,142,0.0
5 STRAND GLASS NECKLACE AMBER,139.28,4323,22,0.0
HEART MEASURING SPOONS LARGE,138.6,4324,84,0.0
SET 4 PICNIC CUTLERY CHERRY,138.45,4325,71,0.0
F FAIRY POTPOURRI CUSHIONS LAVENDER,137.54,4326,170,0.0
"ACRYLIC JEWEL ANGEL,PINK",137.43,4327,297,0.0
RESIN BRACELET W PASTEL BEADS,137.37,4328,25,0.0
CROCHET WHITE RABBIT KEYRING,137.27,4329,75,0.0
CAROUSEL PONIES BABY BIB,137.27,4330,139,0.0
SAMPLES,136.85,4331,3,0.0
SILVER OVAL JEWELLED MIRROR,136.85,4332,23,0.0
BIG POLKADOT MUG,136.76,4333,80,0.0
"HANGING FLOWERS+MIRROR,PINK",136.44,4334,324,0.0
SILVER/NATURAL SHELL NECKLACE,136.17,4335,16,0.0
NEW BAROQUE B'FLY NECKLACE MONTANA,135.98,4336,16,0.0
ROSE DU SUD CHILDRENS APRON,135.93,4337,31,0.0
SILVER LARIAT BLACK STONE EARRINGS,135.84,4338,32,0.0
GLASS AND PAINTED BEADS BRACELET TO,135.8,4339,36,0.0
DROP DIAMANTE EARRINGS PURPLE,135.76,4340,46,0.0
ORIGAMI ROSE INCENSE+FLOWER,135.7,4341,209,0.0
DOLPHIN WINDMILL,135.68,4342,64,0.0
PAIR OF PINK FLOWER CLUSTER SLIDE,135.24,4343,54,0.0
FLOWER BURST SILVER RING OPAL,135.0,4344,36,0.0
COLUMBIAN  CUBE CANDLE,134.85,4345,339,0.0
CLEAR STATIONERY BOX SET,134.5,4346,160,0.0
JACOBS LADDER SMALL,134.08,4347,2072,0.0
"GARLAND , WOODEN  "" HAPPY EASTER""",133.89,4348,105,0.0
YELLOW VW BEETLE CERAMIC MONEY BOX,133.85,4349,47,0.0
PINK FEATHER CHRISTMAS DECORATION,133.23,4350,447,0.0
GREEN CHENILLE SHAGGY RUG,132.75,4351,45,0.0
GOLD/AMBER DROP EARRINGS W LEAF,132.58,4352,45,0.0
PINK COMBO MINI CRYSTALS NECKLACE,132.52,4353,26,0.0
FOLDING SHOE TIDY,132.0,4354,48,0.0
GREEN METAL BOX TOP SECRET,132.0,4355,16,0.0
SMALL JEWELLERY STAND,132.0,4356,16,0.0
FILIGREE DIAMANTE EARRINGS,131.74,4357,31,0.0
WHITE ROSEBUD  PEARL EARRINGS,131.65,4358,52,0.0
PINK STOCKING CHRISTMAS DECORATION,131.38,4359,319,0.0
WHITE FRANGIPANI NECKLACE,131.16,4360,52,0.0
WHITE ROSE C/COVER,130.9,4361,22,0.0
NUMBER TILE VINTAGE FONT 9,130.83,4362,79,0.0
FUNKY GIRL ADDRESS BOOK,130.71,4363,273,0.0
3D SHEET OF SEA WORLD STICKERS,130.09,4364,149,0.0
FLOWERS WALL THERMOMETER,130.05,4365,75,0.0
VINTAGE NOTEBOOK RED ROSE,129.8,4366,44,0.0
NECKLACE+BRACELET SET BLUE HIBISCUS,129.69,4367,42,0.0
SILVER/CRYSTAL DROP EARRINGS W LEAF,129.59,4368,44,0.0
GROOVY CACTUS INFLATABLE,129.29,4369,315,0.0
NATURAL RIVIERA HANDBAG,128.83,4370,53,0.0
AMBER GLASS/SHELL/PEARL NECKLACE,128.64,4371,14,0.0
"BREAD BIN, DINER STYLE, PINK",127.6,4372,8,0.0
"GREETING CARD, OVERCROWDED POOL.",127.56,4373,472,0.0
BLACK 3 TIER GLASS PLATE STAND,127.5,4374,10,0.0
NEW BAROQUE B'FLY NECKLACE PINK,127.5,4375,15,0.0
S/6 PAPER BOXES CURIOUS IMAGES,127.2,4376,36,0.0
FUNKY MONKEY GIFT BAG SMALL,126.83,4377,1283,0.0
SET 4 PICNIC CUTLERY FONDANT,126.75,4378,65,0.0
GLASS SONGBIRD STORAGE JAR,126.7,4379,11,0.0
LA STREGA CANVAS PICTURE,126.3,4380,74,0.0
GLASS BONBON JAR. D'AMANDES,126.25,4381,101,0.0
Dotcomgiftshop Gift Voucher £10.00,126.21,4382,15,0.0
BUTTERFLY HAIR BAND,126.12,4383,50,0.0
BLUE BLOSSOM HAIR CLIP,125.83,4384,109,0.0
SNACK TRAY RED GINGHAM,125.72,4385,60,0.0
WHITE/PINK MINI CRYSTALS NECKLACE,125.64,4386,24,0.0
SCOTTIES DESIGN CHILD'S OVERALL,125.6,4387,64,0.0
LARGE JEWELLERY STAND,125.0,4388,10,0.0
PINK BAROQUE FLOCK CANDLE HOLDER,124.83,4389,17,0.0
FLOWER BURST SILVER RING MIDN'T BLU,124.38,4390,33,0.0
ANT SILVER FUSCHIA BOUDICCA RING,123.9,4391,42,0.0
"GLASS JAR, KINGS CHOICE SOAP",123.9,4392,42,0.0
PINK HORSE SOCK PUPPET KIT,123.9,4393,42,0.0
2 DAISIES HAIR COMB,123.76,4394,42,0.0
ROSE FLOWER CANDLE+INCENSE 16X16CM,123.75,4395,33,0.0
BREAD BIN DINER STYLE BLACK,123.6,4396,8,0.0
GOLD FLOWER CUSHION COVER,123.6,4397,24,0.0
WOODLAND LARGE BLUE FELT HEART,123.47,4398,92,0.0
SET OF 3 MINI HANGING PORTRAITS,123.2,4399,32,0.0
LARGE PARLOUR FRAME,122.85,4400,27,0.0
"POCKET MIRROR ""GLAMOROUS""",122.57,4401,97,0.0
PINK FLOWER HANGING HEART,122.46,4402,138,0.0
MOSAIC CANDLE DISH BLUE PURPLE,122.4,4403,144,0.0
LARGE CRYSTAL DIAMANTE HAIRSLIDE,122.31,4404,78,0.0
PINK FEATHERS CURTAIN,121.53,4405,109,0.0
MOSAIC GLASS BALL CANDLEHOLDER,121.25,4406,97,0.0
GLOW IN DARK DOLPHINS,121.08,4407,554,0.0
MAGIC SLATE SPACEBOY,120.96,4408,288,0.0
MAGIC SLATE FIDO,120.96,4409,288,0.0
MAGIC SLATE BUNNIES AT HOME,120.96,4410,288,0.0
GREEN PAIR HEART HAIR SLIDES,120.31,4411,32,0.0
FAIRY CAKES PHOTO FRAME,120.13,4412,86,0.0
VINTAGE ZINC PLANTER,120.08,4413,32,0.0
GIFT BAG LARGE SPOT,120.0,4414,96,0.0
NEW ENGLAND PLACEMATS,120.0,4415,32,0.0
LUNCH BAG VINTAGE DOILEY,119.63,4416,71,0.0
BLUE METAL WALL SHELF,119.4,4417,12,0.0
PINK BABY GIRLS PHOTO ALBUM,119.39,4418,17,0.0
SET/2 BLUE  NOODLE BASKETS,118.95,4419,61,0.0
SET OF 12 T-LIGHTS VINTAGE DOILEY,118.95,4420,61,0.0
FOLDING MIRROR HOT PINK,118.92,4421,156,0.0
CHILDRENS SPACEBOY MUG,118.8,4422,72,0.0
SILVER BLACK ORBIT DROP EARRINGS,118.51,4423,28,0.0
PINK FLUFFY CHRISTMAS DECORATION,118.43,4424,554,0.0
BOX OF 6 PEBBLE CANDLES,118.39,4425,18,0.0
FLOWER BROOCH 4 ASSORTED COLOURS,118.24,4426,23,0.0
"NUMBER TILE COTTAGE GARDEN, 9",117.31,4427,59,0.0
"HANGING FLOWERS+MIRROR,CLEAR",117.05,4428,235,0.0
NUMBER TILE VINTAGE FONT 0,117.04,4429,74,0.0
PRICE'S CANDLE PEACH,116.5,4430,1050,0.0
RED PURSE WITH PINK HEART,116.4,4431,96,0.0
BLACK MEDIUM GLASS CAKE STAND,115.86,4432,38,0.0
ZINC HEART LATTICE CHARGER SMALL,115.05,4433,39,0.0
VINTAGE NOTEBOOK PINK FLOWER,115.05,4434,39,0.0
3 PINK HEN+CHICKS IN BASKET,114.86,4435,100,0.0
FRENCH STYLE STORAGE JAR JAM,114.85,4436,317,0.0
LITTLE PINK MONSTER SOFT TOY,114.45,4437,47,0.0
ZINC SWEETHEART SOAP DISH,114.33,4438,61,0.0
IVORY GOLD METAL BAG CHARM,114.24,4439,20,0.0
WALL ART BICYCLE SAFTEY,114.15,4440,21,0.0
SPOTTED WHITE NATURAL SEED NECKLACE,113.76,4441,79,0.0
"NUMBER TILE COTTAGE GARDEN, 7",113.41,4442,57,0.0
"NUMBER TILE COTTAGE GARDEN, 0",113.41,4443,57,0.0
"NUMBER TILE COTTAGE GARDEN, 2",113.41,4444,57,0.0
"GREETING CARD,SQUARE, DOUGHNUTS",113.22,4445,252,0.0
BLACK FINE BEAD NECKLACE W TASSEL,112.78,4446,19,0.0
SET/6 GREEN SPRING PAPER CUPS,112.54,4447,323,0.0
PINK/PURPLE CIRCLE CURTAIN,112.32,4448,64,0.0
SQUARE METAL CANDLEHOLDER BASE,112.05,4449,177,0.0
YELLOW FELT HANGING HEART W FLOWER,112.04,4450,129,0.0
CD WALL TIDY RED FLOWERS,111.57,4451,294,0.0
FOLKART CHRISTMAS TREE T-LIGHT HOLD,111.34,4452,255,0.0
ASSORTED COLOUR JUMBO PEN,111.22,4453,261,0.0
"NUMBER TILE COTTAGE GARDEN, 5",111.15,4454,57,0.0
BLUE/PINK NEST STRIPE BOX,111.12,4455,1142,0.0
PURPLE FRANGIPANI NECKLACE,110.85,4456,44,0.0
BEECH WOOD P/FRAME,109.85,4457,17,0.0
"NUMBER TILE COTTAGE GARDEN, 6",109.2,4458,56,0.0
"NUMBER TILE COTTAGE GARDEN, 8",109.2,4459,56,0.0
"NUMBER TILE COTTAGE GARDEN, 3",109.2,4460,56,0.0
"NUMBER TILE COTTAGE GARDEN, 4",109.2,4461,56,0.0
LION SOCK PUPPET,109.15,4462,37,0.0
PACK/12 DECOUPAGE CARD,109.13,4463,42,0.0
DROP DIAMANTE EARRINGS CRYSTAL,109.03,4464,37,0.0
RUBY GLASS CLUSTER EARRINGS,108.99,4465,87,0.0
CHERRY BLOSSOM PURSE,108.69,4466,40,0.0
PINK FLOWERS RABBIT EASTER,108.27,4467,45,0.0
PURPLE FRANGIPANI HAIRCLIP,108.11,4468,129,0.0
PAPER LANTERN 6 POINT SNOW STAR,107.9,4469,26,0.0
S/3 FLWR FAIRY ROSE CANDLES,107.68,4470,43,0.0
PINK DAISY BAG CHARM,107.39,4471,42,0.0
FLAT GLASS  BAUBLE WHITE FLOCK,107.13,4472,45,0.0
SET 10 CARDS DINKY TREE 17076,107.07,4473,43,0.0
SMALL PARLOUR FRAME,106.98,4474,42,0.0
DIAMANTE HAIR GRIP PACK/2 PERIDOT,106.74,4475,64,0.0
BLUE/WHITE RIBBED MELAMINE JUG,106.59,4476,10,0.0
DOORMAT KISS MY.......,106.58,4477,22,0.0
RED VICTORIAN FABRIC HEART BOX,106.49,4478,293,0.0
PINK ROSEBUD PEARL EARRINGS,106.49,4479,42,0.0
PENCIL CASE GINGHAM FOREST,106.2,4480,36,0.0
CRACKED GLAZE NECKLACE RED,105.72,4481,15,0.0
PINK CHRISTMAS FLOCK DROPLET,105.43,4482,143,0.0
S/3 RABBIT FLOWER/EGG/CARROT ROPE,105.4,4483,124,0.0
"ACRYLIC JEWEL SNOWFLAKE,BLUE",105.24,4484,238,0.0
VANILLA INCENSE 40 CONES IN TIN,105.2,4485,88,0.0
PACKING CHARGE,105.0,4486,14,0.0
WRAP WINTER FOREST,105.0,4487,250,0.0
GREEN PENDANT TRIPLE SHELL NECKLACE,104.95,4488,20,0.0
VINTAGE ENAMEL & CRYSTAL NECKLACE,104.77,4489,21,0.0
SHOPPING BAG DOORSTOP,104.25,4490,69,0.0
SILVER WASHBAG,103.53,4491,33,0.0
MULTICOLOUR EASTER RABBIT,103.35,4492,53,0.0
CLASSICAL ROSE TABLE LAMP,103.3,4493,14,0.0
WOODEN CHRISTMAS TREE 3 HANGING,103.06,4494,165,0.0
PINK NEW BAROQUE FLOCK CANDLESTICK,102.3,4495,22,0.0
TURQUOISE BERTIE GLASS BEAD CHARM,101.35,4496,92,0.0
PINK CLEAR GLASS CANDLE PLATE,101.29,4497,67,0.0
CREAM AND PINK FLOWERS PONY,101.25,4498,27,0.0
BLUE HOLE PUNCH,101.25,4499,81,0.0
FRENCH ENAMEL SOAP DISH WITH LID,100.8,4500,48,0.0
CUPID SCENTED CANDLE IN GLASS,100.65,4501,61,0.0
PAINTED SEA SHELL METAL WINDCHIME,100.31,4502,97,0.0
SEAGRASS S/2 CORNER LAUNDRY,100.15,4503,6,0.0
SET 10 CARDS RED RIDING HOOD 17214,99.6,4504,40,0.0
VINTAGE ZINC WATERING CAN SMALL,99.2,4505,18,0.0
MULTICOLOUR DOTS PLATE,99.02,4506,692,0.0
TUSCAN VILLA FEEDING STATION,99.0,4507,12,0.0
"RIBBON REEL, MAKING SNOWMEN",99.0,4508,60,0.0
TUSCAN VILLA DOVECOTE,99.0,4509,12,0.0
BUNDLE OF 3 RETRO EXERCISE BOOKS,99.0,4510,60,0.0
VINTAGE SILVER TINSEL REEL,98.9,4511,23,0.0
DAISY HAIR COMB,98.87,4512,39,0.0
MULTICOLOUR POLKADOT PLATE,98.83,4513,713,0.0
PINK DOG CANNISTER,98.8,4514,24,0.0
"NUMBER TILE COTTAGE GARDEN, No",98.72,4515,45,0.0
WHITE ROSEBUD & PEARL NECKLACE,98.45,4516,13,0.0
CHERRY BLOSSOM PHOTO FRAME,97.9,4517,22,0.0
BLUE SHELL+SILVER NECKLACE,97.5,4518,13,0.0
WRAP BAD HAIR DAY,97.5,4519,975,0.0
PINK VINTAGE VICTORIAN EARRINGS,97.24,4520,33,0.0
GOLD COSMETIC BAG PINK STAR,96.6,4521,46,0.0
LITTLE GREEN MONSTER SOFT TOY,96.6,4522,40,0.0
15 PINK FLUFFY CHICKS IN BOX,96.51,4523,32,0.0
LOVE POTION MASALA INCENSE,95.76,4524,456,0.0
DOOR MAT KISS MY.......,95.15,4525,13,0.0
BROWN ANTIQUE CUBE CANDLE,94.92,4526,226,0.0
GREEN POLKADOT CUP,94.35,4527,111,0.0
VIP PASSPORT COVER,94.04,4528,43,0.0
HOME SWEEET HOME 3 PEG HANGER,93.75,4529,25,0.0
"LETTER ""R"" BLING KEY RING",93.73,4530,91,0.0
NEW BAROQUE B'FLY NECKLACE GREEN,93.48,4531,11,0.0
GLASS BEAD HOOP NECKLACE BLACK,93.47,4532,11,0.0
"LETTER ""G"" BLING KEY RING",93.18,4533,100,0.0
FLOWER BLUE CLOCK W/SUCKER,93.1,4534,100,0.0
TRANQUILITY MASALA INCENSE,92.82,4535,442,0.0
WHITE/PINK CHICK EASTER DECORATION,92.39,4536,100,0.0
MONTANA DIAMOND CLUSTER NECKLACE,92.18,4537,10,0.0
PINK EAU DE COLOGNE BOTTLE,92.17,4538,97,0.0
GOLD JEWELERY BOX,92.0,4539,20,0.0
PINK CRYSTAL SKULL PHONE CHARM,91.9,4540,104,0.0
GREEN ENAMEL FLOWER HAIR TIE,91.46,4541,31,0.0
DROP DIAMANTE EARRINGS BLACK DIAMON,91.38,4542,31,0.0
DOUBLE CERAMIC PARLOUR HOOK,91.3,4543,22,0.0
PINK DOLLY HAIR CLIPS,91.25,4544,84,0.0
S/6 PINK EASTER DECS IN BOX,90.95,4545,106,0.0
PURPLE ENAMEL FLOWER HAIR TIE,90.9,4546,31,0.0
"LETTER ""D"" BLING KEY RING",90.82,4547,100,0.0
KNITTED RABBIT DOLL,90.75,4548,55,0.0
ROUND PURPLE CLOCK W/SUCKER,90.52,4549,99,0.0
BLACK SIL'T SQU CANDLE PLATE,90.3,4550,43,0.0
BLACK ORANGE SQUEEZER,89.92,4551,210,0.0
ORIENTAL BLUE C/COVER,89.59,4552,13,0.0
ORIGAMI LAVENDER INCENSE IN TUBE,89.46,4553,213,0.0
"S/4 ICON COASTER,ELVIS LIVES",89.25,4554,69,0.0
SET OF 16 VINTAGE IVORY CUTLERY,89.24,4555,6,0.0
NEW ENGLAND EGG WARMER,89.12,4556,138,0.0
WISE MAN STAR SHAPE EGG PAN,89.04,4557,70,0.0
VIP LUGGAGE TAG,88.75,4558,71,0.0
ANT SILVER TURQUOISE BOUDICCA RING,88.5,4559,30,0.0
DIAMANTE HAIR GRIP PACK/2 RUBY,88.31,4560,53,0.0
PINK AND BLACK STRING CURTAIN,88.05,4561,39,0.0
CD WALL TIDY BLUE OFFICE,87.96,4562,225,0.0
MANHATTAN CANVAS ART PICTURE,87.8,4563,20,0.0
BLUE CRYSTAL BOOT PHONE CHARM,87.51,4564,102,0.0
GREEN WIRE GOBLET CANDLEHOLDER,87.45,4565,11,0.0
"PET MUG, BUDGIE",87.28,4566,170,0.0
"ACRYLIC BEAD CHAIN, BLUE",87.02,4567,229,0.0
CRYSTAL KEY+LOCK PHONE CHARM,86.7,4568,101,0.0
FIRE POLISHED GLASS BRACELET BLACK,86.65,4569,23,0.0
SET 10 CARDS 12 DAYS WRAP  17058,86.58,4570,26,0.0
FOUR PICTURE WHITE GLASS FRAME,86.25,4571,23,0.0
GOLD PRINT PAPER BAG,85.97,4572,420,0.0
BLACK DROP CRYSTAL NECKLACE,85.9,4573,17,0.0
ANT SILVER PURPLE BOUDICCA RING,85.55,4574,29,0.0
WOBBLING METAL CHICKEN EASTER,85.53,4575,93,0.0
S/6 SILVER ORNAMENETAL CANDLE,85.0,4576,100,0.0
GLASS BEAD HOOP NECKLACE AMETHYST,85.0,4577,10,0.0
"DOG FOOD CONTAINER , VINTAGE",85.0,4578,10,0.0
ANTIQUE OLIVE GREEN FLOWER EARRINGS,84.96,4579,20,0.0
INCENSE BAZAAR CANNABIS,84.84,4580,228,0.0
"GREETING CARD, STICKY GORDON",84.84,4581,319,0.0
SMOKEY GREY COLOUR GLASS,84.76,4582,236,0.0
BERRIES CHUNKY KNITTED THROW,84.75,4583,5,0.0
TEATIME PENCIL W STAMP ASST,84.69,4584,941,0.0
MEDIUM PARLOUR FRAME,84.1,4585,22,0.0
"GREETING CARD, RITA",83.97,4586,341,0.0
TURQ PENDANT TRIPLE SHELL NECKLACE,83.69,4587,16,0.0
Dotcomgiftshop Gift Voucher £100.00,83.33,4588,1,0.0
12 HANGING EGGS HAND PAINTED,83.2,4589,40,0.0
OLD DOC.RUSSEL METAL SIGN,82.94,4590,41,0.0
DIAMANTE NECKLACE PURPLE,82.81,4591,11,0.0
FLOWER BURST SILVER RING ROSE,82.74,4592,22,0.0
DROP DIAMANTE EARRINGS GREEN,82.71,4593,28,0.0
SILVER 2 STRAND NECKLACE-LEAF CHARM,82.64,4594,11,0.0
WHITE STONE/CRYSTAL EARRINGS,82.51,4595,28,0.0
RUBY GLASS CLUSTER NECKLACE,82.5,4596,11,0.0
SET 5 MINI CHOCOLATE FRIDGE MAGNETS,82.44,4597,108,0.0
PINK/YELLOW PATCH CUSHION COVER,82.34,4598,8,0.0
AMETHYST DROP EARRINGS W LONG BEADS,81.93,4599,28,0.0
WOODEN TREE CHRISTMAS SCANDISPOT,81.6,4600,96,0.0
"FELTCRAFT HAIRBAND S/2, PINK/PURPLE",81.6,4601,96,0.0
WHITE CHRISTMAS FLOCK DROPLET,81.56,4602,94,0.0
SET/6 BLACK ROSE T-LIGHT CANDLES,81.12,4603,48,0.0
VINTAGE ROSE BEAD BRACELET BLUE,80.75,4604,19,0.0
MAGIC SLATE CIRCUS PARADE,80.64,4605,192,0.0
MAGIC SLATE DOLLY GIRL,80.64,4606,192,0.0
WRAP SWEETS LIGHT PINK SMALL BOWL,80.62,4607,72,0.0
ORIGAMI OPIUM SCENT INCENSE+FLOWER,80.6,4608,124,0.0
PARTY PIZZA DISH GREEN RETROSPOT,80.51,4609,89,0.0
OOH LA LA DOGS COLLAR,80.31,4610,5,0.0
SET 36 COLOUR PENCILS DOILEY,80.0,4611,64,0.0
BLUE FLOCK CUSHION COVER,80.0,4612,24,0.0
COLOURFUL FLOWER FRUIT BOWL,80.0,4613,21,0.0
DIAMANTE HAIR GRIP PACK/2 LT ROSE,79.87,4614,48,0.0
GOLD DIAMANTE STAR BROOCH,79.6,4615,16,0.0
AQUA BERTIE GLASS BEAD BAG CHARM,79.57,4616,44,0.0
RIO PINK STRIPE HAMMOCK,79.5,4617,10,0.0
CROCHET BEAR RED/BLUE  KEYRING,79.2,4618,48,0.0
STRAWBERRY CAKE TEAPOT,79.2,4619,16,0.0
GLASS AND PAINTED BEADS BRACELET OL,79.19,4620,21,0.0
WHITE VINTAGE CRYSTAL EARRINGS,79.14,4621,20,0.0
FIRE POLISHED GLASS BRACELET MONTAN,78.99,4622,21,0.0
BLACK VINTAGE  CRYSTAL EARRINGS,78.75,4623,21,0.0
PARTY PIZZA DISH PINK WHITE SPOT,78.73,4624,75,0.0
PINK STAR CHRISTMAS DECORATION,78.12,4625,156,0.0
SET OF 3 RABBIT CARROTS EASTER,77.96,4626,85,0.0
"LETTER ""H"" BLING KEY RING",77.71,4627,83,0.0
CLASSIC CROME BICYCLE BELL,77.4,4628,60,0.0
DISTRESSED CANDLE STICK WHITE,77.35,4629,13,0.0
DIAMANTE NECKLACE,77.0,4630,10,0.0
Dad's Cab Electronic Meter,76.95,4631,9,0.0
"GREETING CARD, TWO SISTERS.",76.68,4632,247,0.0
WHITE GLASS TV TRIPLE FRAME,76.6,4633,18,0.0
NECKLACE+BRACELET SET PINK DAISY,76.5,4634,30,0.0
"LETTER ""N"" BLING KEY RING",76.4,4635,78,0.0
FILIGREE DIAMANTE CHAIN,76.23,4636,6,0.0
"ACRYLIC JEWEL SNOWFLAKE, PINK",75.88,4637,168,0.0
CLASSIC DIAMANTE NECKLACE JET,75.88,4638,10,0.0
SET OF 36 SPACEBOY PAPER DOILIES,75.42,4639,51,0.0
BLUE CHECK BAG W HANDLE 34X20CM,75.16,4640,54,0.0
WRAP BOUDOIR,75.0,4641,750,0.0
VINTAGE ENGRAVED HEART,75.0,4642,60,0.0
"ASS RETROSPOOF MUGS,SPORTS",75.0,4643,143,0.0
ENCHANTED GARDEN WROUGHT IRON TABLE,74.75,4644,5,0.0
PAPER LANTERN 9 POINT HOLLY STAR 23,74.7,4645,18,0.0
ALUMINIUM HEART,74.7,4646,30,0.0
VINTAGE PINK TINSEL REEL,74.6,4647,24,0.0
MIDNIGHT BLUE DROP CRYSTAL NECKLACE,74.38,4648,13,0.0
L BLUE C/COVER W PINK/YELLOW FLOWER,74.31,4649,8,0.0
CROCHET ROSE DES CLOTHES HANGER,73.75,4650,25,0.0
FAN BLACK FRAME,73.66,4651,254,0.0
GREEN STONE/CRYSTAL EARRINGS,73.62,4652,25,0.0
6 RABBIT CHAIN EASTER,72.42,4653,69,0.0
"LETTER ""B"" BLING KEY RING",72.33,4654,75,0.0
BLACK GLASS TV DOUBLE P/FRAME 15X10,72.25,4655,17,0.0
GLASS BEAD HOOP EARRINGS AMETHYST,72.18,4656,23,0.0
PINK EASTER HENS+FLOWER,72.06,4657,23,0.0
BILI NUT AND WOOD NECKLACE,71.9,4658,52,0.0
GLASS AND BEADS BRACELET IVORY,71.46,4659,19,0.0
CERISE+GOLD CHRISTMAS STOCKING DEC,71.44,4660,188,0.0
FIRE POLISHED GLASS NECKL BRONZE,71.4,4661,12,0.0
S/3 POT POURI CUSHIONS BLUE COLOURS,71.4,4662,34,0.0
FAIRY CAKES  WALL THERMOMETER,71.4,4663,28,0.0
NEW ENGLAND MUG W GIFT BOX,71.4,4664,28,0.0
SET OF 36 VINTAGE CHRISTMAS DOILIES,71.27,4665,38,0.0
PINK FLOCK SUEDE CUSHION COVER,71.25,4666,27,0.0
TINY CRYSTAL BRACELET GREEN,71.17,4667,28,0.0
DECROTIVEVINTAGE COFFEE GRINDER BOX,71.08,4668,12,0.0
AMBER FINE BEAD NECKLACE W TASSEL,71.0,4669,12,0.0
HEARTS PENCIL/RUBBER+5 MINI PENCILS,70.98,4670,169,0.0
WHITE ALLIUM  ARTIFICIAL FLOWER,70.98,4671,42,0.0
PINK BUTTERFLY C/COVER,70.82,4672,10,0.0
YELLOW/BLUE RETRO RADIO,70.8,4673,24,0.0
GREEN DROP EARRINGS W BEAD CLUSTER,70.6,4674,21,0.0
PORCELAIN HANGING BELL LARGE,70.5,4675,38,0.0
WHITE ENAMEL FLOWER HAIR TIE,70.49,4676,24,0.0
CRACKED GLAZE NECKLACE IVORY,70.16,4677,10,0.0
SET OF 36 DOLLY GIRL PAPER DOILIES,69.66,4678,45,0.0
PINK/AMETHYST/GOLD NECKLACE,69.62,4679,10,0.0
Dotcomgiftshop Gift Voucher £80.00,69.56,4680,1,0.0
CREAM C/COVER W YELLOW/GREEN FLOWER,69.5,4681,10,0.0
ROUND PURPLE CLOCK WITH SUCKER,69.35,4682,365,0.0
HAPPY ANNIVERSARY CANDLE LETTERS,69.18,4683,175,0.0
BLUE FELT HANGING HEART W FLOWER,69.1,4684,57,0.0
DIAMANTE HAIR GRIP PACK/2 MONTANA,68.18,4685,41,0.0
METAL BASE FOR CANDLES,68.1,4686,177,0.0
ASSORTED COLOUR SUCTION CUP HOOK,68.02,4687,358,0.0
SILVER MONTE CARLO HANDBAG,68.0,4688,8,0.0
HAYNES CAMPER SHOULDER BAG,67.94,4689,4,0.0
PINK SWEETIE NECKLACE,67.9,4690,9,0.0
GLASS BEAD HOOP NECKLACE MONTANA,67.82,4691,8,0.0
GLASS BEAD HOOP NECKLACE GREEN,67.82,4692,8,0.0
TREE OF NOAH FESTIVE SCENTED CANDLE,67.8,4693,57,0.0
FLOWER BURST SILVER RING GREEN,67.77,4694,18,0.0
PINK PAISLEY PHOTO ALBUM,67.71,4695,7,0.0
PINK/WHITE GLASS DEMI CHOKER,67.64,4696,9,0.0
NEW BAROQUE B'FLY NECKLACE CRYSTAL,67.61,4697,8,0.0
SCOTTS ROSES TILE COASTER,67.5,4698,54,0.0
BLUE TABLE RUN FLOWER,67.5,4699,48,0.0
ENGLISH ROSE SET/3 GARDEN TOOLS,67.25,4700,5,0.0
"LETTER ""P"" BLING KEY RING",66.59,4701,77,0.0
"ACRYLIC HANGING JEWEL,PINK",66.55,4702,95,0.0
TINY CRYSTAL BRACELET RED,66.31,4703,26,0.0
TINY CRYSTAL BRACELET BLUE,66.08,4704,26,0.0
OCCASIONS GIFT CARD ASSORTMENT,66.0,4705,120,0.0
LARGE FIBRE OPTIC CHRISTMAS TREE,65.76,4706,21,0.0
PURPLE FINE BEAD NECKLACE W TASSEL,65.31,4707,11,0.0
LARGE ZINC/GLASS CANDLEHOLDER,65.23,4708,27,0.0
LIGHT DECORATION BATTERY OPERATED,65.1,4709,31,0.0
ENGLISH ROSE PHOTO FRAME,65.1,4710,14,0.0
IVORY PENDANT TRIPLE SHELL NECKLACE,64.94,4711,13,0.0
BISCUIT TIN VINTAGE LEAF,64.56,4712,24,0.0
CROCHET DOG KEYRING,64.35,4713,39,0.0
WHITE WITH METAL BAG CHARM,64.35,4714,13,0.0
BLACK DIAMOND CLUSTER NECKLACE,64.09,4715,7,0.0
MULTICOLOUR GLASS PLATE,63.8,4716,116,0.0
16 PC CUTLERY SET PANTRY DESIGN,63.8,4717,4,0.0
S/6 PAPER BOXES BLOSSOM IMAGES,63.75,4718,15,0.0
S/6 PAPER BOXES ROMANTIC IMAGES,63.75,4719,15,0.0
BLUE TILED SET OF 3 DRAWERS,63.75,4720,5,0.0
VINTAGE KEEPSAKE BOX BEAUTY GIRL,63.5,4721,10,0.0
"CAT FOOD CONTAINER , VINTAGE",63.5,4722,10,0.0
LARGE MINT DIAMANTE HAIRSLIDE,63.46,4723,38,0.0
PURPLE/BLUE CERAMIC CANDLE HOLDER,63.28,4724,26,0.0
"WRAP , SUMMER ROSE DESIGN",63.0,4725,150,0.0
IVORY SCULPTED RND CANDLE,62.9,4726,74,0.0
BLUE KNITTED KID'S RUCKSACK,62.35,4727,13,0.0
BLACK FEATHER CHRISTMAS DECORATION,62.3,4728,312,0.0
FUSCHIA VOILE POINTY SHOE DEC,62.01,4729,103,0.0
PINK/YELLOW RABBIT SAT EASTER,61.92,4730,88,0.0
BLUE STONES ON WIRE FOR CANDLE,61.78,4731,743,0.0
RED SPOTTY PASSPORT COVER,61.76,4732,15,0.0
GERANIUM FOLKART HEART DECORATION,61.25,4733,49,0.0
FLOWERS HANDBAG blue and orange,61.25,4734,49,0.0
WOODEN STAR CHRISTMAS SCANDISPOT,61.2,4735,72,0.0
"WALL ART ,PUDDINGS",61.2,4736,8,0.0
FELTCRAFT HAIRBANDS PINK + WHITE,61.2,4737,72,0.0
"LETTER ""I"" BLING KEY RING",61.0,4738,62,0.0
MAGIC SLATE DINOSAUR,60.48,4739,144,0.0
RED PEONY DES C/COVER,60.45,4740,13,0.0
TIN CAN BISCUITS DESIGN,60.0,4741,48,0.0
BIRTHDAY BANNER TAPE,60.0,4742,48,0.0
SET Of 6 SOLDIER SKITTLES,60.0,4743,16,0.0
PINK SQUARE COMPACT MIRROR,60.0,4744,16,0.0
SET 10 CARDS DRESSING UP 17077,59.76,4745,24,0.0
LASER CUT MULTI STRAND NECKLACE,59.75,4746,5,0.0
DAISY RING,59.65,4747,47,0.0
Dotcomgiftshop Gift Voucher £70.00,59.57,4748,1,0.0
PINK CROCHET CAT WITH SCARF,59.5,4749,14,0.0
BLUE BUTTERFLY ON SPRING,59.5,4750,70,0.0
VINTAGE BEAD FILLED PINK CUSHION,59.4,4751,12,0.0
ROUND FOOD CONTAINER S/5 RETROSPOT,59.4,4752,36,0.0
RUSTIC STRAWBERRY JAMPOT SMALL,59.4,4753,36,0.0
CHILDRENS CIRCUS PARADE MUG,59.4,4754,36,0.0
I LOVE LONDON WALL ART,59.4,4755,12,0.0
HAND OPEN SHAPE BLACK,59.33,4756,17,0.0
BLACK CRYSTAL DROP EARRINGS,59.06,4757,20,0.0
RABBIT EASTER DECORATION,59.0,4758,20,0.0
CALENDAR FAMILY FAVORITES,59.0,4759,20,0.0
"ICON ALARM CLOCK,FUSCHIA  PIN UP",58.65,4760,23,0.0
PINK LARGE JEWELED PHOTOFRAME,58.65,4761,23,0.0
DROP EARRINGS W FLOWER & LEAF,58.5,4762,23,0.0
GREEN PEONY DES C/COVER,58.37,4763,11,0.0
HEN HOUSE W FAMILY IN BARN & NEST,58.31,4764,77,0.0
"ACRYLIC JEWEL ANGEL,BLUE",58.07,4765,139,0.0
WHITE/BLUE RECT CERAMIC OIL BURNER,58.05,4766,33,0.0
SKY BLUE COLOUR GLASS GEMS IN BAG,57.98,4767,86,0.0
"JEWELLED DECORATION,BLUE",57.0,4768,150,0.0
BURG FLOCK GOLD CUP/CANDLE,56.9,4769,117,0.0
PURPLE LAS VEGAS BRACELET ROUND,56.25,4770,15,0.0
BLUE FLOWER DES PURSE,56.16,4771,54,0.0
CRYSTAL LARGE JEWELLED PHOTO FRAME,56.1,4772,22,0.0
IVORY SHELL HEART EARRINGS,55.88,4773,22,0.0
PADDED RED HEART DECORATION,55.76,4774,113,0.0
BLACK 3 BEAD DROP EARRINGS,55.74,4775,19,0.0
CLASSIC DIAMANTE EARRINGS JET,55.69,4776,19,0.0
"LETTER ""T"" BLING KEY RING",55.57,4777,57,0.0
ANTIQUE MID BLUE FLOWER EARRINGS,55.12,4778,13,0.0
WELCOME METAL SIGN,55.0,4779,44,0.0
SILVER M.O.P. ORBIT NECKLACE,54.8,4780,11,0.0
ORANGE/FUSCHIA STONES NECKLACE,54.62,4781,11,0.0
MOP PENDANT SHELL NECKLACE,54.59,4782,11,0.0
COPPER AND BRASS BAG CHARM,54.51,4783,10,0.0
SILVER LOOKING MIRROR,54.45,4784,11,0.0
PORCELAIN CHERUB BELL LARGE,54.45,4785,33,0.0
PINK CRYSTAL GUITAR PHONE CHARM,54.4,4786,64,0.0
GREEN POP ART MAO CUSHION COVER,54.34,4787,286,0.0
PARTY PIZZA DISH BLUE WHITE SPOT,54.28,4788,53,0.0
SPACEBOY MINI RUCKSACK,53.95,4789,13,0.0
BIRDCAGE DECORATION MAGIC GARDEN,53.55,4790,21,0.0
SET/4 GARDEN ROSE DINNER CANDLE,53.11,4791,28,0.0
YELLOW + BROWN BEAR FELT PURSE KIT,52.65,4792,39,0.0
CARNATION SQUARE HANDY TIN,52.5,4793,42,0.0
OPULENT VELVET CANDLE IN BOX,52.2,4794,29,0.0
DOORKNOB CERAMIC IVORY,52.2,4795,36,0.0
RETO LEAVES MAGNETIC SHOPPING LIST,52.2,4796,36,0.0
BLUE COL METAL FOLDING CHAIR,51.8,4797,8,0.0
GERANIUM SQUARE HANDY TIN,51.25,4798,41,0.0
PURPLE DRESS JEWELLERY STAND,51.14,4799,62,0.0
ASSORTED SANTA CHRISTMAS DECORATION,51.14,4800,50,0.0
POLYESTER FILLER PAD 60x40cm,51.0,4801,20,0.0
SET/4 BLACK  BAROQUE FLOCK COASTER,51.0,4802,20,0.0
CREAM SWEETHEART DOUBLE SHELF,50.85,4803,3,0.0
"BREAD BIN, DINER STYLE, RED",50.85,4804,3,0.0
"NUMBER TILE VINTAGE FONT, No",50.7,4805,23,0.0
BLUE FELT HANGING HEART WITH FLOWER,50.57,4806,75,0.0
WHITE SILVER NECKLACE SHELL GLASS,50.48,4807,5,0.0
STRAWBERY SWIRL FLARE CANDLE,50.4,4808,24,0.0
HEN & 2 CHICKS IN BASKET,50.15,4809,59,0.0
ORANGE PENDANT TRIPLE SHELL NECKLAC,50.06,4810,10,0.0
SET/2 CHRISTMAS DECOUPAGE CANDLES,50.0,4811,40,0.0
SET 10 CARD KRAFT REINDEER 17084,49.8,4812,20,0.0
VEGETABLE MAGNETIC  SHOPPING LIST,49.8,4813,36,0.0
CRACKED GLAZE NECKLACE BROWN,49.58,4814,7,0.0
CORDIAL JUG,49.5,4815,6,0.0
FAIRY CAKES GIFT BAG,49.14,4816,117,0.0
SET/16 WHITE SHINY & MATT BAUBLES,48.3,4817,83,0.0
YELLOW/PINK CERAMIC CANDLE HOLDER,48.3,4818,18,0.0
CRYSTAL CZECH CROSS PHONE CHARM,48.08,4819,52,0.0
CAROUSEL CHILDRENS APRON,47.97,4820,29,0.0
ORNATE EDWARDIAN CANDLE HOLDER,47.7,4821,6,0.0
GOTHIC CARRIAGE LANTERN,47.6,4822,8,0.0
"WALL ART , LOVES' SECRET",47.6,4823,8,0.0
VINTAGE NOTEBOOK FRENCH LETTER,47.2,4824,16,0.0
BROWN VINTAGE VICTORIAN EARRINGS,47.12,4825,16,0.0
"PET MUG, GOLDFISH",47.12,4826,107,0.0
HEN HOUSE W CHICK IN NEST,47.04,4827,112,0.0
BLACK GLASS/SHELL/PEARL NECKLACE,46.93,4828,5,0.0
TRELLIS FLOWER CHOPSTICKS SET/5,46.8,4829,24,0.0
BLUE MONTE CARLO HANDBAG,46.8,4830,24,0.0
ANTIQUE OPAL WHITE FLOWER EARRINGS,46.7,4831,11,0.0
ANTIQUE RASPBERRY FLOWER EARRINGS,46.6,4832,11,0.0
ROUND BLUE CLOCK W/SUCKER,46.56,4833,54,0.0
YELLOW/PINK FLOWER DESIGN BIG MUG,46.56,4834,46,0.0
TEATIME PENCIL WITH RUBBER,46.45,4835,151,0.0
FUSCHIA TABLE RUN FLOWER,46.25,4836,29,0.0
WHITE WIRE PLANT POT HOLDER,46.24,4837,16,0.0
PINK LEAVES AND BEADS PHONE CHARM,46.21,4838,31,0.0
LILAC VOTIVE CANDLE,46.2,4839,220,0.0
PADDED HOLLY CHRISTMAS DECORATION,46.17,4840,104,0.0
PAPER LANTERN 5 POINT STUDDED STAR,46.0,4841,8,0.0
CANDY STRIPE ROSE QUILT,45.95,4842,1,0.0
SET OF 4 NAPKIN CHARM CUTLERY,45.9,4843,18,0.0
BLACK ASSORTED DROPLET DECORATION,45.76,4844,62,0.0
WRAP SPEED DEMONS,45.0,4845,450,0.0
TIN CAN KINGS CHOICE DESIGN,45.0,4846,36,0.0
SET/6 CHRISTMAS ICICLE T-LIGHTS,45.0,4847,36,0.0
PIZZA DISH SLICE,45.0,4848,36,0.0
SET 6 CARDS SPARKLY REINDEER 17262,44.91,4849,9,0.0
DIAMANTE HAIR GRIP PACK/2 BLACK DIA,44.87,4850,27,0.0
MEDINA STAMPED METAL TRAY,44.85,4851,3,0.0
ORANGE/WHT/FUSCHIA STONES NECKLACE,44.75,4852,9,0.0
AMBER GLASS BRACELET HEART CHARMS,44.55,4853,9,0.0
S/3 FRENCH VANILLA SQU CANDLE,44.55,4854,27,0.0
MIDNIGHT BLUE CRYSTAL DROP EARRINGS,44.28,4855,15,0.0
"PINK ROSES/GINGHAM PATCH RABBIT 8""",44.25,4856,15,0.0
IVORY ROSE LAMPSHADE,44.25,4857,39,0.0
AMBER BERTIE GLASS BEAD BAG CHARM,44.19,4858,18,0.0
ORIGAMI LAVENDER INCENSE CONES,43.75,4859,97,0.0
"RETRO PILL BOX KEY CHAIN,THE KING",43.65,4860,235,0.0
PINK TALL PORCELAIN T-LIGHT HOLDER,43.35,4861,17,0.0
FRESHWATER PEARL BRACELET PINK,43.35,4862,17,0.0
"ACRYLIC BEAD CHAIN, PINK",43.32,4863,114,0.0
CRACKED GLAZE EARRINGS RED,43.02,4864,17,0.0
T-LIGHT HOLDER SILVER SAUCER,42.92,4865,44,0.0
WRAP SUMMER ROSE DESIGN,42.84,4866,102,0.0
Hypochondriac Pill Stress Ball,42.64,4867,10,0.0
NEW BAROQUE B'FLY NECKLACE BLACK,42.5,4868,5,0.0
PARTY PIZZA DISH GREEN WHITE SPOT,42.3,4869,40,0.0
AMBER BERTIE MOBILE PHONE CHARM,42.1,4870,21,0.0
BLACK FLOCK GOLD CANDLE,42.08,4871,54,0.0
WRAP  VINTAGE DOILEY,42.0,4872,100,0.0
GOLD COSMETICS BAG WITH BUTTERFLY,42.0,4873,20,0.0
BLUE/NAT SHELL NECKLACE W PENDANT,41.65,4874,7,0.0
FIRE POLISHED GLASS NECKL SILVER,41.65,4875,7,0.0
BLACK NEW BAROQUE FLOCK BOX,41.65,4876,7,0.0
PAPER LANTERN 5 POINT STAR MOON 30,41.5,4877,10,0.0
SET 4 EASTER DECOUPAGE OVAL BOXES,41.3,4878,14,0.0
CREAM BUNNY EASTER EGG BASKET,41.25,4879,25,0.0
"FLOWER FAIRY MUG+COASTER,LAVENDER",41.25,4880,11,0.0
GLASS BEAD HOOP EARRINGS GREEN,41.17,4881,14,0.0
BLACK DROP EARRINGS W LONG BEADS,41.02,4882,14,0.0
Glow In The Dark Shot Glasses,41.01,4883,3,0.0
PAIR PINK/BLACK COATHANGERS,40.95,4884,21,0.0
POLKADOT PENS,40.8,4885,48,0.0
CANNABIS LEAF BEAD CURTAIN,40.8,4886,48,0.0
WHITE FOXGLOVE ARTIIFCIAL FLOWER,40.8,4887,16,0.0
MINITURE ANTIQUE ROSE HOOK IVORY,40.8,4888,48,0.0
WINE BOTTLE DRESSING DARK BLUE,40.52,4889,147,0.0
PALE PINK/AMETHYST STONE NECKLACE,40.47,4890,4,0.0
SILVER/NAT SHELL NECKLACE W PENDANT,40.34,4891,7,0.0
MAGIC SLATE GO TO THE FAIR,40.32,4892,96,0.0
MAGIC SLATE LEAP FROG,40.32,4893,96,0.0
ROUND BLUE CLOCK WITH SUCKER,40.09,4894,211,0.0
JAZZ HEARTS SPIRAL NOTEPAD,39.95,4895,47,0.0
ROCOCO WALL MIROR,39.9,4896,2,0.0
WINE BOTTLE DRESSING LT.BLUE,39.87,4897,141,0.0
HARDMAN MUG 3 ASSORTED,39.81,4898,65,0.0
TEATIME ROUND CAKE TINS,39.8,4899,4,0.0
"CAT BOWL, ENAMEL , CREAM COLOUR",39.0,4900,12,0.0
COGNAC AUX OEUFS METAL 1 HOOK,38.75,4901,31,0.0
FOLKART ZINC CLIP ON ANGEL WINGS,38.38,4902,101,0.0
RED STONE/CRYSTAL EARRINGS,38.31,4903,13,0.0
GLASS BEAD HOOP EARRINGS MONTANA,38.28,4904,13,0.0
DIAMANTE NECKLACE BLACK,37.62,4905,5,0.0
S/4 BLACK DISCO PARTITION PANEL,37.62,4906,6,0.0
FIRE POLISHED GLASS BRACELET RED,37.61,4907,10,0.0
PASTA ENAMEL/BRASS CONTAINER,37.5,4908,10,0.0
YELLOW BIRDS FELT DES FOODCOVER,37.5,4909,10,0.0
PAPER LANTERN 9 POINT HOLLY STAR 40,37.5,4910,6,0.0
GLASS WINE GLASS DECORATIONS,37.5,4911,30,0.0
RED PEONY PHOTO FRAME,37.2,4912,8,0.0
PINK BERTIE MOBILE PHONE CHARM,37.14,4913,20,0.0
"GREETING CARD, THE BLACK CAT",37.04,4914,74,0.0
SPHERICAL IVORY CANDLE,36.96,4915,88,0.0
THE KING GIFT BAG 25x24x12cm,36.96,4916,88,0.0
MONEY BOX FIRST AID DESIGN,36.78,4917,44,0.0
ORIGAMI OPIUM INCENSE CONES,36.6,4918,95,0.0
ROSE PENDANT TRIPLE SHELL NECKLACE,36.33,4919,7,0.0
"LETTER ""F"" BLING KEY RING",36.28,4920,44,0.0
TINY CRYSTALS BRACELET BLACK,35.87,4921,14,0.0
SET OF 4 PASTEL STACKING MUGS,35.7,4922,14,0.0
FIRE POLISHED GLASS NECKL GOLD,35.7,4923,6,0.0
LIGHT TOPAZ TEAL/AQUA COL NECKLACE,35.63,4924,7,0.0
GREEN CRYSTAL DROP EARRINGS,35.33,4925,12,0.0
BLUE/GREEN SHELL NECKLACE W PENDANT,35.26,4926,6,0.0
"RETRO PILL BOX , REVOLUTIONARY",35.14,4927,189,0.0
BLUE HANGING GINGHAM EASTER HEN,34.86,4928,83,0.0
MISO PRETTY  GUM,34.82,4929,42,0.0
LEAVES MAGNETIC  SHOPPING LIST,34.8,4930,24,0.0
BLUE BABY BOY'S MEMORY BOX,34.75,4931,5,0.0
CROCHET POODLE KEYRING,34.65,4932,21,0.0
LILY BROOCH WHITE/SILVER COLOUR,34.65,4933,7,0.0
SMALL FOLKART CHRISTMAS TREE DEC,34.62,4934,135,0.0
"DOG BOWL, ENAMEL , CREAM COLOUR",34.0,4935,8,0.0
M/COLOUR POM-POM CURTAIN,34.0,4936,8,0.0
FRYING PAN PINK RETROSPOT,33.97,4937,7,0.0
PINK VINTAGE VICTORIAN CHOKER,33.75,4938,5,0.0
FLOWER BLUE CLOCK WITH SUCKER,33.64,4939,116,0.0
DOLLY GIRL MINI RUCKSACK,33.2,4940,8,0.0
SET OF 3 RABBIT EGG EASTER,33.15,4941,37,0.0
MONTANA DIAMOND CLUSTER EARRINGS,33.0,4942,12,0.0
BOXED GLASS ASHTRAY,32.59,4943,13,0.0
EMBROIDERED REINDEER DECORATION,32.25,4944,23,0.0
"LETTER ""O"" BLING KEY RING",31.42,4945,36,0.0
BEADED CRYSTAL HEART PINK\ON STICK,31.3,4946,20,0.0
SET 10 CARDS CHEERFUL ROBIN 17065,31.2,4947,15,0.0
SET 12 COLOUR PENCILS DOILEY,31.2,4948,48,0.0
MULTICOLOUR CRUSOE CHECK LAMPSHADE,30.66,4949,61,0.0
SET OF 4 NAPKIN CHARMS INSTUMENT,30.6,4950,12,0.0
BAKING MOULD CHOCOLATE CUP CAKES,30.6,4951,12,0.0
BAKING MOULD CUPCAKE CHOCOLATE,30.6,4952,12,0.0
WOODEN HEART CHRISTMAS SCANDISPOT,30.6,4953,36,0.0
Electronic Talking Breath-A-Loser,30.47,4954,6,0.0
BLUE/YELLOW FLOWER DESIGN BIG MUG,30.42,4955,38,0.0
PINK HANGING GINGHAM EASTER HEN,30.24,4956,72,0.0
BAROQUE BUTTERFLY EARRINGS CRYSTAL,30.23,4957,8,0.0
ASSORTED FRAGRANCE BATH CONFETTI,30.16,4958,64,0.0
BLUE/YELLOW CERAMIC CANDLE HOLDER,30.08,4959,14,0.0
DRAWER KNOB ACRYLIC EDWARDIAN CLEAR,30.0,4960,24,0.0
TIN CAN POCKET MONEY DESIGN,30.0,4961,24,0.0
DRAWERKNOB ACRYLIC EDWARDIAN PURPLE,30.0,4962,24,0.0
ENAMEL BOWL PANTRY,30.0,4963,24,0.0
DRAWER KNOB ACRYLIC EDWARDIAN PINK,30.0,4964,24,0.0
ENAMEL JUG PANTRY,30.0,4965,8,0.0
WAVELINE SURF IRONING BOARD COVER,30.0,4966,8,0.0
DRAWER KNOB ACRYLIC EDWARDIAN GREEN,30.0,4967,24,0.0
BUTTERFLY CUSHION COVER,30.0,4968,8,0.0
GIFT BAG LARGE 50'S CHRISTMAS,30.0,4969,24,0.0
TIN CAN HOUSEKEEPING DESIGN,30.0,4970,24,0.0
DIAMANTE NECKLACE GREEN,29.98,4971,4,0.0
FRENCH STYLE WIRE DOOR CABINET,29.95,4972,1,0.0
CAMOUFLAGE BACKPACK ON WHEELS,29.85,4973,3,0.0
DOTCOMGIFTSHOP TEA TOWEL,29.81,4974,15,0.0
"TRAY FOR TV DINNER ,SPACEBOY",29.7,4975,6,0.0
"TRAY FOR TV DINNER , DOLLY GIRL",29.7,4976,6,0.0
"WALL ART,ONLY ONE PERSON",29.7,4977,6,0.0
DUSTY PINK CHRISTMAS TREE 60CM,29.5,4978,10,0.0
BLUE NETTING STORAGE HANGER,29.25,4979,15,0.0
"LETTER ""V"" BLING KEY RING",28.98,4980,38,0.0
4 FESTIVE GREEN DINNER CANDLES,28.93,4981,53,0.0
PINK/GREEN FLOWER DESIGN BIG MUG,28.86,4982,46,0.0
LILAC GAUZE BUTTERFLY LAMPSHADE,28.56,4983,68,0.0
PACK OF 12 DOILEY TISSUES,28.08,4984,72,0.0
BLUE ORGANDY ROUND LAMPSHADE W BEA,28.05,4985,33,0.0
SANDALWOOD INCENSE IN TIN,27.71,4986,19,0.0
SET 10 CARDS OUT OF ORDER 17216,27.39,4987,11,0.0
SET 10 XMAS CARDS & BADGES 17070,27.39,4988,11,0.0
KNITTED POM POM HOT WATER BOTTLE,27.21,4989,6,0.0
SET/6 GREEN SPRING  PAPER PLATE,27.2,4990,32,0.0
BLUE BABY BOY'S PHOTO ALBUM,27.14,4991,2,0.0
BLUE DROP EARRINGS W BEAD CLUSTER,27.04,4992,8,0.0
High Resolution Image,27.0,4993,4,0.0
ASSORTED COLOURED CIRCLE MOBILE,26.88,4994,64,0.0
ORIGAMI SANDLEWOOD INCENSE IN TUBE,26.7,4995,62,0.0
GLASS BEAD HOOP EARRINGS BLACK,26.52,4996,9,0.0
BAROQUE BUTTERFLY EARRINGS MONTANA,26.5,4997,7,0.0
3 PIECE JIGSAW TOADSTOOLS,26.4,4998,16,0.0
SILVER HEART COMPACT MIRROR,26.25,4999,7,0.0
SET 10 CARDS WISHING TREE 17116,26.19,5000,9,0.0
AMBER 3 BEAD DROP EARRINGS,26.16,5001,9,0.0
GREEN/BLUE FLOWER DESIGN BIG MUG,26.06,5002,27,0.0
PEARL AND CHERRY QUARTZ BRACLET,25.67,5003,7,0.0
*USB Office Mirror Ball,25.59,5004,3,0.0
"ORGANISER WOOD, ANTIQUE WHITE",25.5,5005,3,0.0
GREEN PENDANT SHELL NECKLACE,25.45,5006,5,0.0
CAMOUFLAGE DOG COLLAR,25.44,5007,2,0.0
"LETTER ""Y"" BLING KEY RING",25.34,5008,68,0.0
PINK/WHITE CHRISTMAS TREE 30CM,25.28,5009,58,0.0
CRACKED GLAZE EARRINGS BROWN,25.28,5010,10,0.0
CRACKED GLAZE EARRINGS IVORY,25.23,5011,10,0.0
GREEN LEAVES AND BEADS PHONE CHARM,25.04,5012,17,0.0
IVORY PANTRY HANGING LAMP,25.0,5013,2,0.0
"GUMBALL COATHOOK., BLACK & WHITE",25.0,5014,20,0.0
BELL HEART ANTIQUE GOLD,24.96,5015,12,0.0
SET 10 CARDS PERFECT POST 17090,24.9,5016,10,0.0
SET OF 4 KNICK KNACK TINS  DOILEY,24.9,5017,6,0.0
CROCHET LILAC/RED BEAR KEYRING,24.75,5018,15,0.0
BLUE TINSEL GARLAND,24.7,5019,130,0.0
WOOD XMAS TREE 9 FIG SHELVES,24.65,5020,29,0.0
SPOTS ON RED BOOKCOVER TAPE,24.36,5021,58,0.0
PINK RABBIT SITTING EASTER,24.18,5022,52,0.0
BROWN DOG CANNISTER W BONE,23.8,5023,4,0.0
BLUE LEAVES AND BEADS PHONE CHARM,23.76,5024,18,0.0
ORIGAMI SANDLEWOOD INCENSE CONES,23.7,5025,61,0.0
AMBER CRYSTAL DROP EARRINGS,23.61,5026,8,0.0
DOTS IRONING BOARD COVER,23.4,5027,12,0.0
CANNISTER VINTAGE LEAF DESIGN,23.4,5028,12,0.0
SET 10 CARD CHRISTMAS WELCOME 17112,23.28,5029,8,0.0
STORAGE TIN VINTAGE DOILEY,23.13,5030,7,0.0
ZINC PLANT POT HOLDER,23.12,5031,8,0.0
CAROUSEL PLACEMATS,23.06,5032,4,0.0
NECKLACE+BRACELET SET PINK BLOSSOM,22.91,5033,8,0.0
ZINC T-LIGHT HOLDER STARS LARGE,22.8,5034,24,0.0
YELLOW RABBIT SAT EASTER,22.63,5035,51,0.0
BAROQUE BUTTERFLY EARRINGS GREEN,22.56,5036,6,0.0
"FLOWER FAIRY MUG+COASTER,ROSE",22.5,5037,6,0.0
GOLD 2 STRAND NECKLACE-LEAF CHARMS,22.5,5038,3,0.0
BLING KEY RING STAND,22.5,5039,19,0.0
SET 10 CARDS SCOTTIE DOG 17211,22.41,5040,9,0.0
SET 10 CHRISTMAS CARDS HOHOHO 16956,22.41,5041,9,0.0
VINTAGE BEAD CHAISE LONG JEWEL BOX,21.5,5042,18,0.0
"LETTER ""Z"" BLING KEY RING",21.49,5043,31,0.0
BIRD ON BRANCH CANVAS SCREEN,21.45,5044,11,0.0
YELLOW BROWN BEAR FELT PURSE KIT,21.28,5045,14,0.0
TURQUOISE CHRISTMAS TREE,21.25,5046,17,0.0
IVORY HANGING DECORATION  RABBIT,21.25,5047,25,0.0
PURPLE LEAVES AND BEADS PHONE CHAR,21.24,5048,13,0.0
FRYING PAN BLUE RETROSPOT,21.22,5049,4,0.0
Dr. Jam's Arouzer Stress Ball,21.06,5050,5,0.0
KEEP CALM BIRTHDAY WRAP,21.0,5051,50,0.0
WRAP A PRETTY THANK YOU,21.0,5052,50,0.0
S/16 BLACK SHINY/MAT BAUBLES,21.0,5053,50,0.0
WOODLAND MINI RUCKSACK,20.75,5054,5,0.0
CAT CAMOUFLAGUE COLLAR,20.68,5055,4,0.0
ROBOT PENCIL SHARPNER,20.57,5056,4,0.0
PARTY PIZZA DISH PINK+WHITE SPOT,20.4,5057,24,0.0
"PEN, 10 COLOURS - SPACEBOY",20.4,5058,24,0.0
PARTY PIZZA DISH BLUE+WHITE SPOT,20.4,5059,24,0.0
PURPLE TINT ACRYLIC FLOWER VASE,20.4,5060,24,0.0
MAGIC SLATE BAKE A CAKE,20.16,5061,48,0.0
DIAMANTE BOW BROOCH WHITE COLOUR,19.93,5062,3,0.0
SET 10 CARDS JINGLE BELLS 17217,19.92,5063,8,0.0
SET 10 CARDS JINGLE BELLS 16957,19.92,5064,8,0.0
SET 10 CARDS SNOWY SNOWDROPS  17100,19.92,5065,8,0.0
PINK BEADS+HAND PHONE CHARM,19.92,5066,14,0.0
ENAMEL DINNER PLATE PANTRY,19.8,5067,12,0.0
WHITE SATIN DRESS JEWEL STAND,19.8,5068,4,0.0
DOORKNOB CRACKED GLAZE PINK,19.8,5069,12,0.0
DOORKNOB CRACKED GLAZE GREEN,19.8,5070,12,0.0
YELLOW PINK FLOWER DESIGN BIG BOWL,19.77,5071,31,0.0
YELLOW/ORANGE FLOWER DESIGN PLATE,19.72,5072,68,0.0
PURPLE/COPPER HANGING LAMPSHADE,19.55,5073,23,0.0
PINK FLOWERS CHILDS UMBRELLA,19.5,5074,6,0.0
"RETRO TIN ASHTRAY,REVOLUTIONARY",19.4,5075,52,0.0
JAM JAR WITH BLUE LID,18.98,5076,26,0.0
CRYSTAL CHANDELIER T-LIGHT HOLDER,18.75,5077,3,0.0
BAROQUE BUTTERFLY EARRINGS PINK,18.69,5078,5,0.0
CUTE BIRD CEATURE SCREEN,18.48,5079,28,0.0
S/3 ENGLISH LAVENDER SQU CANDLE,18.15,5080,11,0.0
CAMOFLAGE CUSHION COVER,18.15,5081,11,0.0
BLUE BAROQUE FLOCK CANDLE HOLDER,17.85,5082,3,0.0
SMALL SINGLE FLAME CANDLE HOLDER,17.85,5083,51,0.0
BLUE TALL PORCELAIN T-LIGHT HOLDER,17.85,5084,7,0.0
WOOD ANIMALS HEIGHT CHART STICKERS,17.7,5085,6,0.0
MODERN CHRISTMAS TREE CANDLE,17.7,5086,9,0.0
AMETHYST 3 BEAD DROP EARRINGS,17.53,5087,6,0.0
SET 10 CARDS XMAS GRAPHIC  17218,17.43,5088,7,0.0
"NUMBER TILE VINTAGE FONT, 2",17.36,5089,8,0.0
"NUMBER TILE VINTAGE FONT, 1",17.36,5090,8,0.0
"NUMBER TILE VINTAGE FONT, 3",17.36,5091,8,0.0
"NUMBER TILE VINTAGE FONT, 7",17.36,5092,8,0.0
"NUMBER TILE VINTAGE FONT, 6",17.36,5093,8,0.0
"NUMBER TILE VINTAGE FONT, 8",17.36,5094,8,0.0
"NUMBER TILE VINTAGE FONT, 0",17.36,5095,8,0.0
"NUMBER TILE VINTAGE FONT, 4",17.36,5096,8,0.0
"NUMBER TILE VINTAGE FONT, 5",17.36,5097,8,0.0
NAVY CUDDLES DOG HOODIE,17.3,5098,2,0.0
DOGS NIGHT COLLAR,17.12,5099,2,0.0
GLASS BELL JAR LARGE,17.0,5100,2,0.0
MINT DINER CLOCK,17.0,5101,2,0.0
*Boombox Ipod Classic,16.98,5102,1,0.0
VANILLA CANDLE IN EMBOSSED ZINC POT,16.9,5103,10,0.0
VINTAGE COLLAGE  GREETING  CARD,16.8,5104,40,0.0
PINK GAUZE BUTTERFLY LAMPSHADE,16.8,5105,40,0.0
S/4 CONTEMPORY PINK ROSEBUD CANDLES,16.8,5106,8,0.0
SET 10 CARDS CHRISTMAS TREE 16955,16.65,5107,5,0.0
LUNCH BAG PINK POLKADOTS,16.5,5108,10,0.0
PLAYING CARDS VINTAGE DOILEY,16.25,5109,13,0.0
WHITE FRANGIPANI HAIR CLIP,16.11,5110,19,0.0
ELEPHANT CLIP W SUCTION CUP,15.96,5111,38,0.0
FLOWERS AND BIRDS WALL PLAQUE,15.9,5112,2,0.0
"GREETING CARD, BLACKPOOL ROCK",15.9,5113,28,0.0
GLASS BELL JAR SMALL,15.8,5114,4,0.0
PINK CHRISTMAS TREE DECORATION,15.63,5115,37,0.0
TOADSTOOL  LUNCHBOX WITH CUTLERY,15.44,5116,4,0.0
GUMBALL CUSTOM CARS TOP TRUMPS GAME,15.4,5117,3,0.0
CUBIC MUG TEATIME CAKES,15.3,5118,6,0.0
BAKING MOULD TOFFEE CUP  CHOCOLATE,15.3,5119,6,0.0
FLOWER FAIRY 5 SUMMER DRAW LINERS,15.3,5120,6,0.0
ASSTD RASTA KEY-CHAINS,15.12,5121,36,0.0
3 BLACK CATS W HEARTS BLANK CARD,15.01,5122,79,0.0
"RUBY GLASS NECKLACE 42""",15.0,5123,2,0.0
ENAMEL MUG PANTRY,15.0,5124,12,0.0
HEN PARTY BANNER TAPE,15.0,5125,12,0.0
SET OF 6 EASTER RAINBOW CHICKS,15.0,5126,12,0.0
TIN CAN CONFECTIONERY DESIGN,15.0,5127,12,0.0
PAINTED HEART WREATH WITH BELL,15.0,5128,12,0.0
SWEETHEART CREAM STEEL FOLDIN CHAIR,14.95,5129,1,0.0
FOLDING MIRROR IVORY,14.94,5130,18,0.0
FOLDING MIRROR RED,14.94,5131,18,0.0
SET 10 CARDS DAVID'S MADONNA 17074,14.94,5132,6,0.0
VINTAGE BEAD PINK JEWEL STAND,14.85,5133,3,0.0
11 PC CERAMIC TEA SET POLKADOT,14.85,5134,3,0.0
FROSTED GLASS WITH SILVER SURROUND,14.85,5135,9,0.0
PURPLE CRYSTAL DROP EARRINGS,14.75,5136,5,0.0
KID'S CHALKBOARD/EASEL,14.75,5137,5,0.0
SET 10 CARDS XMAS CHOIR 17068,14.55,5138,5,0.0
FLOWER PURPLE CLOCK W/SUCKER,14.45,5139,17,0.0
DOORMAT GREEN PAISLEY,14.43,5140,1,0.0
BLACK DIAMOND CLUSTER EARRINGS,14.4,5141,5,0.0
ARMY CAMO BOOKCOVER TAPE,14.28,5142,33,0.0
ANTIQUE SILVER BOOK MARK WITH BEADS,14.11,5143,17,0.0
EMPIRE TEDDY,13.9,5144,2,0.0
"WALL ART , THE MAGIC FOREST",13.9,5145,2,0.0
PINK BABY GIRL'S MEMORY BOX,13.9,5146,2,0.0
PINK MINI STATIONERY SET W CASE,13.75,5147,11,0.0
CERISE+GOLD CHRISTMAS TREE DEC,13.68,5148,36,0.0
RHOMBUS CRYSTAL PERFUME BOTTLE,13.65,5149,7,0.0
RASTA IN BATH W SPLIFF ASHTRAY,13.6,5150,16,0.0
BEWARE OF THE CAT DOORMAT,13.5,5151,2,0.0
BLUE STRIPES SHOULDER BAG,13.37,5152,11,0.0
SILVER AND BLACK ORBIT NECKLACE,13.35,5153,2,0.0
SET 10 CARDS MAGICAL TREE 17086,13.32,5154,4,0.0
SET 10 CARDS HATS & STOCKINGS 17081,13.28,5155,8,0.0
CHRISTMAS TABLE CANDLE SILVER SPIKE,13.28,5156,16,0.0
PINK BALLET OPENING CUBE BOX,12.9,5157,3,0.0
PACK/12 RUSSIAN DOLL CARDS,12.78,5158,10,0.0
BLUE WHITE PLASTIC RINGS LAMPSHADE,12.75,5159,15,0.0
VINTAGE METAL CAKE STAND CREAM,12.75,5160,1,0.0
EMBOSSED FLOWER TRELLIS PHOTO FRAME,12.75,5161,5,0.0
"F.FAIRY,CANDLE IN GLASS,LAVENDER",12.75,5162,3,0.0
NEW BAROQUE WALL MIRROR,12.75,5163,1,0.0
KISS REINDEER SCANDINAVIAN STOCKING,12.75,5164,5,0.0
CAMOUFLAGUE DOG LEAD,12.72,5165,1,0.0
SET OF 2 CHESTS CHOCOLAT AU LAIT,12.72,5166,1,0.0
KEY-RING CORKSCREW,12.72,5167,1,0.0
PURPLE CURRENT CANDLE RING,12.61,5168,31,0.0
BLUE FLORIBUNDA EGG WARMER,12.5,5169,10,0.0
MARIE ANTOIENETT TRINKET BOX GOLD,12.5,5170,1,0.0
"FEATHER DUSTER, LIGHT PINK",12.5,5171,10,0.0
DUSTY PINK CHRISTMAS TREE 30CM,12.5,5172,10,0.0
SET 10 CARDS CHRISTMAS HOLLY  17259,12.48,5173,3,0.0
SET 10 CARD SNOWMAN 16965,12.45,5174,5,0.0
OPAL WHITE/SILVER FLOWER NECKLACE,12.32,5175,2,0.0
SILICON STAR BULB  BLUE,12.18,5176,29,0.0
LILAC FEATHERS CURTAIN,11.98,5177,14,0.0
"MUG , DOTCOMGIFTSHOP.COM",11.82,5178,14,0.0
DUCK SOCK PUPPET,11.8,5179,4,0.0
SET 10 CARDS 12 DAYS OF XMAS 17059,11.64,5180,4,0.0
SET 10 CARDS RUDOLPHS NOSE 17097,11.64,5181,4,0.0
BAROQUE BUTTERFLY EARRINGS RED,11.29,5182,3,0.0
ENGLISH ROSE SQUARE CAKE TINS,11.26,5183,1,0.0
VENDETTA CANVAS PICTURE,11.25,5184,3,0.0
"FOOD COVER WITH BEADS , SET 2 SIZES",11.25,5185,3,0.0
FLOWER DES BLUE HANDBAG/ORANG HANDL,11.25,5186,3,0.0
ORANGE FELT VASE + FLOWERS,11.25,5187,9,0.0
ORIGAMI JASMINE INCENSE+FLOWER,11.1,5188,19,0.0
S/4 CONTEMPORY RED ROSEBUD CANDLES,10.9,5189,9,0.0
CUTE RABBIT CEATURE SCREEN,10.89,5190,15,0.0
WRAP CHRISTMAS DECOUPAGE,10.5,5191,25,0.0
WRAP ROMANTIC DECOUPAGE,10.5,5192,25,0.0
MOON INCENSE,10.5,5193,50,0.0
WOODLAND CREATURES  WRAP,10.5,5194,25,0.0
"WRAPPING PAPER, XMAS VILLAGE",10.5,5195,25,0.0
STAR WARS TOP TRUMPS GAME,10.23,5196,2,0.0
HIGH SCHOOL MUSICAL 3 TOP TRUMPS,10.23,5197,2,0.0
PARTY PIZZA DISH RED+WHITE SPOT,10.2,5198,12,0.0
HEART MEASURING SPOONS SMALL,10.2,5199,12,0.0
PARTY PIZZA DISH GREEN+WHITE SPOT,10.2,5200,12,0.0
ORANGE CANDLE,10.2,5201,12,0.0
"LETTER ""W"" BLING KEY RING",10.17,5202,19,0.0
ZINC STAR T-LIGHT HOLDER,10.0,5203,8,0.0
SET 10 CARDS POINSETTIA 17093,9.96,5204,4,0.0
SET 10 CARDS FILIGREE BAUBLE 16961,9.96,5205,4,0.0
SET 10 CARDS PRINTED GRAPHIC 17219,9.96,5206,4,0.0
SET 10 CARD PERFECT NATIVITY 17089,9.96,5207,4,0.0
ROUND ARTICULATED PINK CLOCK W/SUCK,9.57,5208,33,0.0
SILVER WINE GOBLET,9.3,5209,2,0.0
HAND PAINTED HANGING EASTER EGG,9.24,5210,22,0.0
SCULPTED ROUND IVORY CANDLE,9.24,5211,44,0.0
BLUE PORCELAIN B'FLY OIL BURNER,8.85,5212,3,0.0
PINK STRIPES SHOULDER BAG,8.85,5213,3,0.0
WHITE CHRISTMAS TREE 60CM,8.85,5214,3,0.0
A4 WALL TIDY RED FLOWERS,8.67,5215,15,0.0
SPOTTY CAT DOORSTOP,8.65,5216,1,0.0
*USB Office Glitter Lamp,8.65,5217,1,0.0
AMBER VINTAGE EARRINGS,8.57,5218,2,0.0
6 HOOK JEWEL STAND LILAC DRESS,8.49,5219,1,0.0
BLUE BERTIE MOBILE PHONE CHARM,8.48,5220,3,0.0
SET 10 MINICARDS CUTE SNOWMAN 17071,8.3,5221,5,0.0
BLUE FAIRY CAKE CHILDRENS APRON,7.8,5222,4,0.0
BLUE CRUSOE CHECK LAMPSHADE,7.56,5223,18,0.0
SET/6 GINGERBREAD TREE T-LIGHTS,7.5,5224,6,0.0
BAROQUE BUTTERFLY EARRINGS BLACK,7.5,5225,2,0.0
"BATHROOM SCALES, FAG BREAK",7.5,5226,2,0.0
PINK CANVAS DES CUSHION COVER,7.5,5227,6,0.0
SET 10 CARDS WORLD CHILDREN 17067,7.47,5228,3,0.0
HAPPY BIRTHDAY CARD STRIPEY TEDDY,7.41,5229,39,0.0
BLUE HIBISCUS  HAIR CLIP,7.35,5230,7,0.0
HAND OPEN SHAPE PINK,6.98,5231,2,0.0
VANILLA SCENTED VOTIVE CANDLE,6.96,5232,24,0.0
ROSE SCENTED VOTIVE CANDLE,6.96,5233,24,0.0
DOOR MAT BLUE FLOCK,6.75,5234,1,0.0
"BISCUIT TIN, MINT,IVORY, VINTAGE",6.75,5235,1,0.0
ENGLISH ROSE TEA FOR ONE GIFT BOX,6.75,5236,1,0.0
SET 10 MINI SANTA & SNOWMAN  17087,6.64,5237,4,0.0
LARGE BLACK DIAMANTE HAIRSLIDE,6.6,5238,4,0.0
SILVER PURSE GOLD PINK BUTTERFLY,6.6,5239,4,0.0
SCOTTIE DOGS CHILDRENS OVERALL,6.3,5240,3,0.0
ASS WINDPROOF MARIJUANA LIGHTERS,6.3,5241,15,0.0
ASSORTED DESIGN GEISHA GIRL MUGS,6.25,5242,5,0.0
STRAWBERRIES PRINT BOWL,6.25,5243,5,0.0
WHITE WOOD SINGLE P/FRAME,6.25,5244,5,0.0
SET 10 CARDS CHRISTMAS ROBIN 17095,6.24,5245,3,0.0
ZINC HANGING HEART T-LITE HLDR,6.04,5246,1,0.0
"F.FAIRY S/3 SML CANDLE, ROSE",5.95,5247,1,0.0
"F.FAIRY S/3 SML CANDLE,LILY/VALLEY",5.95,5248,1,0.0
KISSING REINDEER TABLE RUNNER,5.95,5249,1,0.0
"F.FAIRY S/3 SML CANDLE, LAVENDER",5.95,5250,1,0.0
ASSORTED DESIGN FLOWER MUGS,5.95,5251,7,0.0
"GLASS JAR, ENGLISH CONFECTIONERY",5.9,5252,2,0.0
WHITE ROHMBIC BLOCK TABLE LAMP,5.9,5253,2,0.0
"JEWELLED DECORATION,PINK",5.9,5254,2,0.0
PINK PORCELAIN B'FLY OIL BURNER,5.9,5255,2,0.0
"ACRYLIC BEAD GARLAND,PINK",5.9,5256,2,0.0
GOLD M.O.P. ORBIT NECKLACE,5.9,5257,2,0.0
PINK BEADED CONE CHRISTMAS,5.88,5258,14,0.0
HEN HOUSE WITH CHICK STANDING,5.88,5259,14,0.0
BUNNY BUNCH OF FLOWERS,5.88,5260,14,0.0
SET 10 CARD CHRISTMAS STAMPS 16963,5.82,5261,2,0.0
SET 10 CARDS SWIRLY XMAS TREE 17104,5.82,5262,2,0.0
SET 10 CARDS ROBIN WATERPUMP  17096,5.82,5263,2,0.0
SET 10 CARDS HANGING BAUBLES 17080,5.48,5264,2,0.0
CANDLE RING W/CLEAR BEADS,5.46,5265,13,0.0
DADDY MOUSE RED GINGHAM BOW TIE,5.45,5266,1,0.0
PINK CURRENT CANDLE RING,5.32,5267,28,0.0
FUNKY GIRLZ MAGNETIC TO DO LIST,5.2,5268,8,0.0
EURO FOOTBALL STARS TOP TRUMPS GAME,5.17,5269,1,0.0
DR WHO TOP TRUMPS GAME,5.17,5270,1,0.0
ANGEL ON KNEES METAL POLE 100CM H,5.1,5271,6,0.0
"BLACK RND BULLET""KEEP CLEAN"" BIN",5.1,5272,2,0.0
IVORY PENDANT SHELL NECKLACE,5.09,5273,1,0.0
ROSE PINK PENDANT SHELL NECKLACE,5.09,5274,1,0.0
KASHMIR FOLKART HEART DISHES,5.07,5275,3,0.0
LARGE WHITE CHOCOLATE CANDLE,5.06,5276,1,0.0
HAYNES MINI-COOPER PLAYING CARDS,5.06,5277,1,0.0
MODERN CHRISTMAS BAUBLE CANDLE,5.04,5278,12,0.0
SET 10 CARDS DECK THE HALLS 16960,4.98,5279,2,0.0
CERAMIC CAKE TEAPOT WITH CHERRY,4.95,5280,1,0.0
RED HEART CANDY POP LIGHTS,4.95,5281,1,0.0
RUSSIAN FOLKART STACKING TINS,4.95,5282,1,0.0
"LETTER ""U"" BLING KEY RING",4.73,5283,13,0.0
FOLDING SHIRT TIDY,4.65,5284,1,0.0
"SILICON CUBE 25W, BLUE",4.62,5285,11,0.0
FAIRY DESIGN MUGS,4.61,5286,2,0.0
PINK ACRYLIC JEWEL SNOWFLAKE,4.56,5287,12,0.0
FLOWER PURPLE CLOCK WITH SUCKER,4.35,5288,15,0.0
UBO-LIGHT TRIOBASE PURPLE,4.25,5289,5,0.0
"F.FAIRY,CANDLE IN GLASS,LILY/VALLEY",4.25,5290,1,0.0
SPOTTY COCKEREL DOORSTOP,4.25,5291,1,0.0
UBO-LIGHT TRIOBASE BLUE,4.25,5292,5,0.0
PINK GLASS COCKTAIL LAMP,4.2,5293,2,0.0
I LOVE LONDON MINI RUCKSACK,4.15,5294,1,0.0
MUG PINK AND PURPLE ARABIC DESIGN,3.9,5295,6,0.0
CHOCOLATE ICE CREAM CANDLE,3.9,5296,2,0.0
FOLDING CAMPING SCISSOR W/KNIF & S,3.84,5297,32,0.0
SET/6 BLACK GLITTER REINDEER CANDLE,3.78,5298,5,0.0
JADE GREEN PAIR ENAMEL HAIR SLIDES,3.75,5299,1,0.0
FUNKY FLOWER COFFEE POT,3.75,5300,1,0.0
PINK BUTTERFLY PAPER LAMPSHADE,3.75,5301,3,0.0
S/6 CHRISTMAS TREE PLACE SETTING,3.75,5302,1,0.0
3 BIRDS CANVAS SCREEN,3.69,5303,3,0.0
"ACRYLIC JEWEL ICICLE, CLEAR",3.43,5304,1,0.0
SET/20 POSIES PAPER NAPKINS,3.4,5305,4,0.0
SET 10 CARDS CHRISTMAS BAUBLE 16954,3.33,5306,1,0.0
RAIN GIRL CHILDS UMBRELLA,3.25,5307,1,0.0
BOX OF 3 PEBBLE CANDLES,2.95,5308,1,0.0
FEATHER HEART LIGHTS,2.95,5309,1,0.0
SET 10 CARDS SNOWY ROBIN 17099,2.91,5310,1,0.0
SET 10 CARDS 3 WISE MEN 17107,2.91,5311,1,0.0
SET 10 CARDS TRIANGLE ICONS  17220,2.91,5312,1,0.0
HANDZ-OFF CAR FRESHENER,2.57,5313,1,0.0
S/6 SCANDINAVIAN HEART T-LIGHT,2.55,5314,1,0.0
SET/2 SPOTTY + ROSE TEA TOWELS,2.55,5315,1,0.0
SET/2 TEA TOWELS MODERN VINTAGE,2.55,5316,1,0.0
ROUND ARTICULATED BLUE CLOCK W/SUCK,2.55,5317,3,0.0
S/2 HYACINTH BULB CANDLES,2.55,5318,1,0.0
S/3 COLOURS FLOCK TEA TOWELS,2.55,5319,1,0.0
ENGLISH ROSE DESIGN SHOPPING BAG,2.55,5320,1,0.0
CRYSTAL DRAGONFLY PHONE CHARM,2.55,5321,3,0.0
INCENSE BAZAAR PEACH,2.52,5322,6,0.0
ETCHED GLASS HEART TREE DECORATION,2.51,5323,1,0.0
ROAD-RAGE CAR FRESHENER,2.51,5324,1,0.0
POCKET MIRROR BUTTERFLY,2.5,5325,2,0.0
LARGE SPOTTY CHOCOLATE GIFT BAG,2.5,5326,2,0.0
BLUE BEADS+HAND PHONE CHARM,2.5,5327,2,0.0
ASSORTED SHAPED STENCIL FOR HENNA,2.08,5328,52,0.0
HANGING SPRING FLOWER HEART SMALL,1.95,5329,3,0.0
GOLD CHRISTMAS STOCKING DECORATION,1.95,5330,1,0.0
LUNCHBOX I LOVE LONDON,1.95,5331,1,0.0
HEXAGONAL CRYSTAL PERFUME BOTTLE,1.95,5332,1,0.0
CIRCUS PARADE LUNCHBOX,1.95,5333,1,0.0
GREEN CHENILLE SHAGGY C/COVER,1.95,5334,1,0.0
CHAMPAGNE TRAY BLANK CARD,1.9,5335,10,0.0
HAPPY BIRTHDAY CARD TEDDY/CAKE,1.9,5336,10,0.0
SET OF SIX SILVER+RED FLOCK BAUBLES,1.7,5337,2,0.0
ASSORTED FRUIT STRAWS,1.7,5338,1,0.0
RED MINI TAPE MEASURE,1.7,5339,1,0.0
F FAIRY POTPOURRI CUSHIONS SUMMER,1.69,5340,1,0.0
BENDY COLOUR PENCILS,1.68,5341,4,0.0
SWALLOW SMALL TUBE MATCHES,1.65,5342,1,0.0
CRYSTAL SMALL JEWELLED PHOTOFRAME,1.65,5343,1,0.0
FLOWER SHOP DESIGN MUG,1.65,5344,1,0.0
S/3 ROSE GARDEN SCENT SQU CANDLE,1.65,5345,1,0.0
RED TOP SCANDINAVIAN HEART,1.52,5346,4,0.0
WHITE SCANDINAVIAN HEART CHRISTMAS,1.25,5347,1,0.0
FOLKART HEART CHRISTMAS DECORATIONS,1.25,5348,1,0.0
SET 36 COLOURING PENCILS DOILEY,1.25,5349,1,0.0
HOLLYHOCK SQUARE HANDY TIN,1.25,5350,1,0.0
CAT WITH SUNGLASSES BLANK CARD,0.95,5351,5,0.0
OWLS CHARLOTTE BAG,0.85,5352,1,0.0
CAT W SUNGLASSES BLANK CARD,0.76,5353,4,0.0
SET 12 COLOURING PENCILS DOILEY,0.65,5354,1,0.0
PINK HEART CHRISTMAS DECORATION,0.38,5355,1,0.0
HAPPY BIRTHDAY GINGER CAT CARD,0.38,5356,2,0.0
PADS TO MATCH ALL CUSHIONS,0.02,5357,17,0.0
