Customer ID,TotalSales,TotalQuantity,TotalOrders,NumberOfProducts,CustomerSegment
12346.0,77556.46,74285,12,26,High Value
12347.0,4921.53,2967,8,126,Medium Value
12348.0,2019.4,2714,5,28,Medium Value
12349.0,4428.69,1624,4,145,Medium Value
12350.0,334.4,197,1,17,Low Value
12351.0,300.93,261,1,21,Low Value
12352.0,2849.84,724,10,70,Medium Value
12353.0,406.76,212,2,23,Low Value
12354.0,1079.4,530,1,58,Medium Value
12355.0,947.61,543,2,35,Low Value
12356.0,6371.73,3416,6,104,High Value
12357.0,18287.66,6587,3,264,High Value
12358.0,3887.07,1079,5,56,Medium Value
12359.0,8873.39,2739,10,310,High Value
12360.0,4252.89,2459,8,163,Medium Value
12361.0,511.25,235,4,19,Low Value
12362.0,5356.23,2230,11,201,High Value
12363.0,552.0,408,2,23,Low Value
12364.0,1313.1,1506,4,70,Medium Value
12365.0,641.38,174,2,22,Low Value
12366.0,500.24,296,1,3,Low Value
12367.0,168.9,173,1,11,Low Value
12368.0,917.7,330,1,18,Low Value
12369.0,1791.15,1241,3,90,Medium Value
12370.0,4316.56,2604,7,170,Medium Value
12371.0,4067.38,1436,5,136,Medium Value
12372.0,1298.04,794,3,34,Medium Value
12373.0,1127.65,516,3,38,Medium Value
12374.0,2989.22,1362,4,80,Medium Value
12375.0,457.5,178,2,14,Low Value
12376.0,503.15,240,2,11,Low Value
12377.0,3426.32,2105,4,129,Medium Value
12378.0,5416.32,3316,2,295,High Value
12379.0,1620.22,815,4,64,Medium Value
12380.0,9676.3,3355,11,179,High Value
12381.0,1845.31,808,5,70,Medium Value
12383.0,1850.56,1532,5,84,Medium Value
12384.0,585.27,126,2,26,Low Value
12385.0,1938.4,612,1,65,Medium Value
12386.0,401.9,354,2,10,Low Value
12387.0,143.94,134,1,9,Low Value
12388.0,3901.11,2001,8,84,Medium Value
12389.0,1433.33,614,3,42,Medium Value
12390.0,549.84,353,1,32,Low Value
12391.0,2724.84,1204,6,245,Medium Value
12392.0,234.75,73,1,7,Low Value
12393.0,2399.45,1311,6,65,Medium Value
12394.0,1272.48,819,2,26,Medium Value
12395.0,4721.17,3205,15,151,Medium Value
12396.0,931.43,591,1,65,Low Value
12397.0,2409.9,1263,2,110,Medium Value
12398.0,1635.66,1394,1,85,Medium Value
12399.0,1962.3,2198,7,70,Medium Value
12400.0,205.25,91,1,11,Low Value
12401.0,84.3,11,1,5,Low Value
12402.0,1256.9,584,6,43,Medium Value
12403.0,1019.36,260,2,8,Medium Value
12404.0,63.24,1,1,1,Low Value
12405.0,1710.39,857,1,54,Medium Value
12406.0,6390.36,3416,5,124,High Value
12407.0,1708.12,1416,5,57,Medium Value
12408.0,4340.77,2229,8,104,Medium Value
12409.0,23419.29,13143,7,185,High Value
12410.0,1013.71,341,3,37,Medium Value
12411.0,346.9,138,1,22,Low Value
12412.0,2596.93,1997,6,84,Medium Value
12413.0,999.45,319,4,41,Low Value
12414.0,952.41,495,6,22,Low Value
12415.0,144458.37,91447,28,520,High Value
12416.0,202.56,132,1,11,Low Value
12417.0,6797.41,2884,20,279,High Value
12418.0,2021.2,1088,4,92,Medium Value
12419.0,503.01,231,2,23,Low Value
12420.0,600.39,345,1,29,Low Value
12421.0,1098.6,652,6,44,Medium Value
12422.0,5231.8,2596,17,141,High Value
12423.0,2622.39,1793,10,127,Medium Value
12424.0,3340.03,2025,4,79,Medium Value
12425.0,1741.41,1147,2,89,Medium Value
12426.0,1345.21,584,2,74,Medium Value
12427.0,825.8,533,3,26,Low Value
12428.0,7956.46,3536,9,259,High Value
12429.0,6204.41,2890,8,125,High Value
12430.0,256.4,117,1,11,Low Value
12431.0,10432.22,4600,27,260,High Value
12432.0,5059.32,1801,5,107,High Value
12433.0,16794.14,13534,10,291,High Value
12434.0,1103.43,532,3,62,Medium Value
12435.0,13925.93,4958,6,88,High Value
12436.0,509.01,211,1,16,Low Value
12437.0,12683.4,8000,39,296,High Value
12438.0,2906.85,1180,2,85,Medium Value
12439.0,1142.88,478,2,69,Medium Value
12440.0,859.2,331,2,23,Low Value
12441.0,173.55,121,1,11,Low Value
12442.0,172.06,182,1,12,Low Value
12443.0,485.31,182,1,21,Low Value
12444.0,5005.46,1153,5,138,High Value
12445.0,434.98,206,2,24,Low Value
12446.0,1002.31,351,1,57,Medium Value
12447.0,476.49,190,1,26,Low Value
12448.0,449.45,243,1,22,Low Value
12449.0,4835.89,2282,6,126,Medium Value
12450.0,688.2,442,5,31,Low Value
12451.0,12669.88,9359,8,371,High Value
12452.0,430.57,185,2,21,Low Value
12453.0,707.09,473,1,43,Low Value
12454.0,16679.78,7703,5,24,High Value
12455.0,5879.95,3302,10,199,High Value
12456.0,3181.04,1633,3,105,Medium Value
12457.0,2995.91,1094,8,63,Medium Value
12458.0,1777.49,986,4,72,Medium Value
12459.0,454.36,258,1,23,Low Value
12460.0,326.65,170,1,18,Low Value
12461.0,826.88,287,2,35,Low Value
12462.0,1189.59,536,2,52,Medium Value
12463.0,1344.78,776,4,65,Medium Value
12464.0,1212.05,112,8,6,Medium Value
12465.0,742.19,479,2,46,Low Value
12466.0,56.73,1,1,1,Low Value
12467.0,132.8,129,1,9,Low Value
12468.0,3670.74,2201,5,129,Medium Value
12469.0,3070.54,2552,2,76,Medium Value
12470.0,211.95,95,1,23,Low Value
12471.0,39918.19,16858,79,273,High Value
12472.0,16249.29,10378,19,435,High Value
12473.0,3928.05,2414,5,140,Medium Value
12474.0,12372.75,7940,31,389,High Value
12475.0,1149.64,771,2,55,Medium Value
12476.0,14083.91,5631,23,369,High Value
12477.0,20276.37,6119,9,341,High Value
12478.0,680.99,236,1,36,Low Value
12479.0,527.2,385,1,31,Low Value
12480.0,5464.85,2952,7,179,High Value
12481.0,12185.51,7158,15,260,High Value
12482.0,23691.4,27042,29,42,High Value
12483.0,5097.18,2160,19,71,High Value
12484.0,6354.1,3266,12,337,High Value
12485.0,708.1,414,1,34,Low Value
12486.0,1037.28,523,1,49,Medium Value
12487.0,285.3,174,1,2,Low Value
12488.0,1298.66,529,3,46,Medium Value
12489.0,334.93,105,1,15,Low Value
12490.0,9823.64,5906,21,225,High Value
12491.0,460.4,260,1,25,Low Value
12492.0,715.21,444,3,38,Low Value
12493.0,433.74,207,2,20,Low Value
12494.0,1815.27,979,9,88,Medium Value
12495.0,357.4,130,1,17,Low Value
12496.0,45.34,30,2,10,Low Value
12497.0,6248.5,5685,3,43,High Value
12498.0,403.7,159,3,21,Low Value
12499.0,393.72,302,1,27,Low Value
12500.0,5955.21,3377,19,94,High Value
12501.0,2169.39,1783,1,149,Medium Value
12502.0,3723.87,820,5,102,Medium Value
12503.0,1126.0,561,1,2,Medium Value
12504.0,779.05,458,4,13,Low Value
12505.0,955.2,324,1,42,Low Value
12506.0,73.5,23,1,23,Low Value
12507.0,1844.06,1256,4,46,Medium Value
12508.0,397.88,271,2,57,Low Value
12509.0,176.5,55,1,7,Low Value
12510.0,5178.02,2049,9,99,High Value
12511.0,3084.02,1753,1,190,Medium Value
12512.0,132.18,96,2,31,Low Value
12513.0,612.29,462,1,35,Low Value
12514.0,1597.76,840,2,77,Medium Value
12515.0,383.7,131,1,16,Low Value
12516.0,2648.62,1952,4,55,Medium Value
12517.0,2481.6,1361,5,233,Medium Value
12518.0,2056.89,1318,5,84,Medium Value
12519.0,716.54,387,2,34,Low Value
12520.0,2634.26,1439,5,122,Medium Value
12521.0,599.68,309,1,38,Low Value
12522.0,192.72,194,2,11,Low Value
12523.0,4352.35,2263,23,184,Medium Value
12524.0,11126.11,7178,17,163,High Value
12525.0,973.73,509,3,56,Low Value
12526.0,1316.66,632,3,64,Medium Value
12527.0,735.51,526,5,26,Low Value
12528.0,1933.48,756,6,51,Medium Value
12529.0,316.48,192,1,21,Low Value
12530.0,3759.26,2713,9,103,Medium Value
12531.0,1933.2,1119,2,126,Medium Value
12532.0,349.83,153,1,16,Low Value
12533.0,1367.89,704,2,63,Medium Value
12534.0,1089.18,651,1,63,Medium Value
12535.0,716.35,219,2,28,Low Value
12536.0,12601.83,2803,3,260,High Value
12537.0,732.94,449,1,43,Low Value
12538.0,640.45,336,2,33,Low Value
12539.0,11214.75,4535,7,278,High Value
12540.0,22254.49,11019,33,362,High Value
12541.0,981.18,680,3,47,Low Value
12542.0,481.88,522,2,39,Low Value
12543.0,980.25,688,1,43,Low Value
12544.0,372.7,136,1,19,Low Value
12545.0,1000.39,523,2,42,Medium Value
12546.0,1161.5,633,2,59,Medium Value
12547.0,383.58,309,3,14,Low Value
12548.0,95.2,49,1,5,Low Value
12549.0,1575.68,1366,6,40,Medium Value
12550.0,964.83,569,1,57,Low Value
12551.0,168.0,100,1,10,Low Value
12552.0,437.82,88,2,20,Low Value
12553.0,4608.75,2325,12,117,Medium Value
12554.0,468.5,240,1,26,Low Value
12555.0,129.23,1,1,1,Low Value
12556.0,599.56,355,2,101,Low Value
12557.0,18096.14,6382,8,23,High Value
12558.0,269.96,196,1,11,Low Value
12559.0,561.71,283,2,21,Low Value
12560.0,2134.01,1110,3,91,Medium Value
12561.0,238.85,177,1,16,Low Value
12562.0,4966.92,2327,9,115,Medium Value
12563.0,249.24,113,1,13,Low Value
12564.0,456.9,133,1,21,Low Value
12565.0,145.92,80,1,9,Low Value
12566.0,351.65,265,1,19,Low Value
12567.0,11767.48,5308,15,377,High Value
12568.0,70.0,48,1,5,Low Value
12569.0,4124.69,1801,32,93,Medium Value
12570.0,77.52,1,1,1,Low Value
12571.0,519.61,523,2,31,Low Value
12572.0,1020.42,452,2,53,Medium Value
12573.0,717.41,479,5,107,Low Value
12574.0,218.45,61,1,11,Low Value
12575.0,622.82,315,2,34,Low Value
12576.0,2142.72,1494,8,117,Medium Value
12577.0,1617.1,1191,8,260,Medium Value
12578.0,4642.45,2380,4,151,Medium Value
12579.0,440.42,285,1,29,Low Value
12580.0,1052.9,569,2,52,Medium Value
12581.0,197.71,161,1,15,Low Value
12582.0,1980.4,985,4,100,Medium Value
12583.0,13591.58,8535,28,164,High Value
12584.0,2338.15,416,9,45,Medium Value
12585.0,2040.1,1279,2,77,Medium Value
12586.0,2062.67,687,4,84,Medium Value
12587.0,144.0,51,1,4,Low Value
12588.0,958.78,438,4,32,Low Value
12589.0,4695.66,1764,8,125,Medium Value
12590.0,9864.26,4283,2,68,High Value
12591.0,1338.95,653,3,64,Medium Value
12592.0,2582.66,1875,5,52,Medium Value
12593.0,418.1,206,3,14,Low Value
12594.0,5090.11,2768,15,82,High Value
12595.0,299.02,271,1,19,Low Value
12596.0,618.27,474,2,25,Low Value
12597.0,3811.22,2236,4,185,Medium Value
12598.0,4534.09,2906,11,136,Medium Value
12599.0,2296.72,2189,13,54,Medium Value
12600.0,4967.42,1383,21,54,Medium Value
12601.0,681.26,290,6,24,Low Value
12602.0,153.12,162,1,12,Low Value
12603.0,739.2,63,1,2,Low Value
12604.0,254.18,201,2,15,Low Value
12605.0,1232.95,929,4,63,Medium Value
12606.0,21.0,1,1,1,Low Value
12607.0,1579.51,1228,1,101,Medium Value
12608.0,415.79,323,1,16,Low Value
12609.0,3435.86,1553,9,133,Medium Value
12610.0,2099.54,1049,5,85,Medium Value
12611.0,1193.32,846,1,65,Medium Value
12612.0,704.04,262,1,19,Low Value
12613.0,6817.37,4157,10,232,High Value
12614.0,315.6,76,1,20,Low Value
12615.0,5740.98,3317,8,205,High Value
12616.0,1131.1,498,3,32,Medium Value
12617.0,352.98,210,1,39,Low Value
12618.0,177.31,96,1,11,Low Value
12619.0,3781.38,3518,10,57,Medium Value
12620.0,1339.41,1181,3,89,Medium Value
12621.0,24311.2,13706,35,355,High Value
12622.0,180.1,69,1,11,Low Value
12623.0,3747.84,1971,7,122,Medium Value
12624.0,641.13,355,2,36,Low Value
12625.0,5164.88,3309,4,151,High Value
12626.0,6620.48,3453,9,233,High Value
12627.0,4478.53,2752,7,162,Medium Value
12628.0,786.46,448,3,34,Low Value
12629.0,1558.22,722,2,40,Medium Value
12630.0,1270.88,548,2,60,Medium Value
12631.0,3481.57,1607,6,137,Medium Value
12632.0,804.88,694,2,32,Low Value
12633.0,5678.16,3238,7,229,High Value
12634.0,490.0,337,2,20,Low Value
12635.0,2930.41,1949,4,160,Medium Value
12636.0,141.0,1,1,1,Low Value
12637.0,8283.81,4257,12,309,High Value
12638.0,921.49,663,2,47,Low Value
12639.0,1312.37,631,3,61,Medium Value
12640.0,1174.58,311,3,47,Medium Value
12641.0,185.9,72,1,10,Low Value
12642.0,1013.26,552,3,39,Medium Value
12643.0,8304.82,4665,12,17,High Value
12644.0,1918.49,1032,4,109,Medium Value
12645.0,3539.3,2125,8,114,Medium Value
12646.0,1346.97,897,2,43,Medium Value
12647.0,16955.55,6633,36,274,High Value
12648.0,1112.0,518,4,48,Medium Value
12649.0,2294.65,1959,8,97,Medium Value
12650.0,314.44,254,1,20,Low Value
12651.0,377.75,265,4,30,Low Value
12652.0,1017.03,536,2,51,Medium Value
12653.0,4160.83,1681,3,77,Medium Value
12654.0,601.98,264,5,31,Low Value
12655.0,261.35,80,1,16,Low Value
12656.0,6407.83,2860,8,179,High Value
12657.0,1643.18,1044,4,35,Medium Value
12658.0,686.05,320,1,36,Low Value
12659.0,91.68,105,1,5,Low Value
12660.0,245.1,127,1,13,Low Value
12661.0,162.0,216,1,11,Low Value
12662.0,6726.54,3424,20,183,High Value
12663.0,239.4,181,2,9,Low Value
12664.0,6070.04,1495,11,16,High Value
12665.0,313.6,165,3,13,Low Value
12666.0,1248.42,370,1,31,Medium Value
12667.0,620.13,395,1,33,Low Value
12668.0,11383.03,5049,10,296,High Value
12669.0,2744.03,1115,3,97,Medium Value
12670.0,3760.29,1627,7,72,Medium Value
12671.0,2622.48,1460,1,45,Medium Value
12672.0,437.05,138,2,22,Low Value
12673.0,1230.02,700,3,68,Medium Value
12674.0,1970.6,1133,4,52,Medium Value
12675.0,957.25,336,2,110,Low Value
12676.0,2843.09,1867,11,70,Medium Value
12677.0,395.1,176,2,14,Low Value
12678.0,34281.18,22372,21,217,High Value
12679.0,1113.02,554,4,43,Medium Value
12680.0,880.81,444,4,33,Low Value
12681.0,29834.76,17011,45,505,High Value
12682.0,22950.22,10522,52,371,High Value
12683.0,11633.7,7019,21,261,High Value
12684.0,2283.63,1985,7,61,Medium Value
12685.0,2863.08,1523,6,117,Medium Value
12686.0,89.14,107,1,7,Low Value
12687.0,2138.91,1403,2,126,Medium Value
12688.0,4873.81,3028,1,170,Medium Value
12689.0,1247.61,628,2,57,Medium Value
12690.0,389.01,106,1,16,Low Value
12691.0,1170.4,445,7,24,Medium Value
12692.0,110.95,36,1,13,Low Value
12693.0,1703.02,536,7,65,Medium Value
12694.0,1843.35,1355,3,69,Medium Value
12695.0,1407.12,454,7,48,Medium Value
12696.0,851.91,564,2,43,Low Value
12697.0,957.59,508,3,37,Low Value
12698.0,339.75,111,1,16,Low Value
12699.0,638.11,373,1,41,Low Value
12700.0,4939.99,2967,4,194,Medium Value
12701.0,2446.41,1727,6,120,Medium Value
12702.0,219.0,53,1,12,Low Value
12703.0,1006.53,595,4,63,Medium Value
12704.0,2340.84,1006,8,64,Medium Value
12705.0,11762.1,7188,14,342,High Value
12707.0,603.42,256,1,33,Low Value
12708.0,5117.66,2432,18,146,High Value
12709.0,30291.76,13772,34,223,High Value
12710.0,1149.02,851,3,75,Medium Value
12711.0,1339.05,770,2,56,Medium Value
12712.0,6723.03,2205,21,128,High Value
12713.0,848.55,508,1,38,Low Value
12714.0,14093.71,8774,12,481,High Value
12715.0,343.36,192,1,20,Low Value
12716.0,1053.49,708,2,60,Medium Value
12717.0,1308.91,600,3,62,Medium Value
12718.0,238.25,203,1,19,Low Value
12719.0,644.95,374,2,34,Low Value
12720.0,7787.28,6018,30,296,High Value
12721.0,4013.08,2655,8,187,Medium Value
12722.0,997.63,566,4,50,Low Value
12723.0,725.07,434,5,53,Low Value
12724.0,2317.52,1379,7,98,Medium Value
12725.0,2266.76,1142,4,97,Medium Value
12726.0,4014.6,4618,11,67,Medium Value
12727.0,5679.53,2832,10,134,High Value
12728.0,1070.17,543,5,48,Medium Value
12729.0,453.01,233,1,26,Low Value
12730.0,829.25,234,1,47,Low Value
12731.0,25775.71,11641,17,151,High Value
12732.0,236.26,111,1,12,Low Value
12733.0,2424.87,896,4,121,Medium Value
12734.0,639.65,265,3,17,Low Value
12735.0,779.57,368,2,38,Low Value
12736.0,234.0,173,1,4,Low Value
12737.0,3710.5,2,2,2,Medium Value
12738.0,155.35,148,1,11,Low Value
12739.0,2726.73,951,4,85,Medium Value
12740.0,427.6,342,1,27,Low Value
12741.0,406.07,214,2,16,Low Value
12742.0,1201.52,1359,1,67,Medium Value
12743.0,540.13,315,2,114,Low Value
12744.0,25317.06,6994,11,253,High Value
12745.0,925.41,468,3,21,Low Value
12746.0,254.55,97,1,17,Low Value
12747.0,8898.48,2640,26,90,High Value
12748.0,53539.64,37109,336,2376,High Value
12749.0,6897.36,2360,9,262,High Value
12750.0,275.88,137,1,15,Low Value
12751.0,268.27,189,1,60,Low Value
12752.0,4366.78,2262,1,53,Medium Value
12753.0,21429.39,11421,6,133,High Value
12754.0,3010.74,6481,3,49,Medium Value
12755.0,5236.26,2293,11,34,High Value
12756.0,112.08,144,1,4,Low Value
12757.0,7834.65,2395,13,239,High Value
12758.0,9903.24,6155,7,204,High Value
12759.0,5020.74,3202,8,214,High Value
12760.0,347.8,198,1,21,Low Value
12761.0,782.95,281,2,27,Low Value
12762.0,1898.52,1227,2,62,Medium Value
12763.0,494.08,316,2,16,Low Value
12764.0,1693.88,386,1,45,Medium Value
12765.0,1404.58,1009,6,49,Medium Value
12766.0,8918.99,5022,9,255,High Value
12767.0,949.82,598,1,43,Low Value
12768.0,168.69,102,1,10,Low Value
12769.0,1143.6,356,1,32,Medium Value
12770.0,3246.45,1843,2,20,Medium Value
12771.0,282.3,104,1,15,Low Value
12772.0,892.47,556,1,55,Low Value
12773.0,124.25,109,1,6,Low Value
12774.0,98.7,53,1,6,Low Value
12775.0,1686.12,1083,7,56,Medium Value
12776.0,55.5,46,1,4,Low Value
12777.0,519.45,458,1,26,Low Value
12778.0,1775.68,1735,9,78,Medium Value
12779.0,6474.11,3501,14,146,High Value
12780.0,337.4,285,1,20,Low Value
12781.0,826.74,671,2,25,Low Value
12782.0,4618.24,2017,11,149,Medium Value
12783.0,2225.91,624,6,76,Medium Value
12784.0,1763.15,862,3,122,Medium Value
12785.0,1100.4,453,3,43,Medium Value
12786.0,728.5,324,1,18,Low Value
12787.0,862.18,510,4,31,Low Value
12788.0,444.9,194,4,20,Low Value
12789.0,273.35,36,3,5,Low Value
12790.0,591.85,306,2,36,Low Value
12791.0,863.51,353,6,17,Low Value
12792.0,827.01,394,2,39,Low Value
12793.0,885.53,461,3,34,Low Value
12794.0,860.41,592,2,43,Low Value
12795.0,430.48,68,1,14,Low Value
12796.0,381.0,182,1,7,Low Value
12797.0,552.08,215,2,27,Low Value
12798.0,8510.93,8455,4,27,High Value
12799.0,219.35,137,1,15,Low Value
12800.0,584.25,284,3,31,Low Value
12801.0,1071.82,505,1,50,Medium Value
12802.0,2416.42,1972,7,108,Medium Value
12803.0,1092.81,872,1,55,Medium Value
12804.0,325.37,270,2,60,Low Value
12805.0,1434.95,593,4,49,Medium Value
12806.0,2878.96,2087,4,58,Medium Value
12807.0,330.35,145,1,16,Low Value
12808.0,776.7,322,5,46,Low Value
12809.0,1755.94,518,3,76,Medium Value
12810.0,534.99,389,2,32,Low Value
12811.0,1033.9,435,5,47,Medium Value
12812.0,229.64,164,1,15,Low Value
12813.0,1687.8,1141,3,37,Medium Value
12814.0,125.92,49,1,2,Low Value
12815.0,1063.46,379,2,38,Medium Value
12816.0,572.2,128,2,27,Low Value
12817.0,690.98,219,3,16,Low Value
12818.0,1542.08,929,1,14,Medium Value
12819.0,540.52,344,1,19,Low Value
12820.0,2689.52,1964,11,132,Medium Value
12821.0,220.8,162,2,13,Low Value
12822.0,948.88,550,2,41,Low Value
12823.0,6501.5,930,18,2,High Value
12824.0,397.12,232,1,25,Low Value
12825.0,518.63,139,2,20,Low Value
12826.0,2800.75,1915,12,98,Medium Value
12827.0,430.15,197,3,19,Low Value
12828.0,1018.71,494,6,46,Medium Value
12829.0,385.3,550,3,17,Low Value
12830.0,6814.64,9848,6,13,High Value
12831.0,451.11,303,3,16,Low Value
12832.0,383.03,195,2,27,Low Value
12833.0,417.38,156,1,24,Low Value
12834.0,312.38,110,1,18,Low Value
12835.0,5996.83,2349,41,159,High Value
12836.0,6559.73,2231,15,287,High Value
12837.0,662.66,194,2,85,Low Value
12838.0,2975.91,1606,10,231,Medium Value
12839.0,9669.12,6578,26,164,High Value
12840.0,4041.97,2258,7,116,Medium Value
12841.0,6958.2,5008,40,310,High Value
12842.0,1917.99,887,4,45,Medium Value
12843.0,6583.36,3028,30,139,High Value
12844.0,648.6,223,4,92,Low Value
12845.0,354.09,204,4,26,Low Value
12846.0,15.58,1,1,1,Low Value
12847.0,1609.0,1497,2,100,Medium Value
12848.0,208.0,58,1,16,Low Value
12849.0,3042.47,1855,6,123,Medium Value
12850.0,330.0,200,1,2,Low Value
12851.0,280.76,157,2,71,Low Value
12852.0,311.55,149,1,17,Low Value
12853.0,3907.5,1668,11,117,Medium Value
12854.0,2970.97,1630,7,188,Medium Value
12855.0,612.84,240,4,65,Low Value
12856.0,2170.78,1076,6,155,Medium Value
12857.0,3688.0,1420,6,76,Medium Value
12858.0,147.27,51,1,36,Low Value
12859.0,575.1,292,1,21,Low Value
12860.0,54.22,26,1,16,Low Value
12861.0,68.25,27,1,4,Low Value
12862.0,984.62,611,2,119,Low Value
12863.0,2792.55,895,6,25,Medium Value
12864.0,299.57,447,2,5,Low Value
12865.0,3323.47,1973,4,160,Medium Value
12866.0,1227.35,553,3,58,Medium Value
12867.0,7829.26,7876,13,390,High Value
12868.0,2043.76,1170,8,86,Medium Value
12869.0,337.67,144,1,35,Low Value
12870.0,1676.95,906,3,85,Medium Value
12871.0,744.02,484,3,13,Low Value
12872.0,3283.96,1642,12,218,Medium Value
12873.0,2027.3,786,3,33,Medium Value
12874.0,948.42,623,2,44,Low Value
12875.0,1356.99,5187,5,2,Medium Value
12876.0,4081.79,3047,4,121,Medium Value
12877.0,2942.14,2237,20,153,Medium Value
12878.0,854.99,547,2,38,Low Value
12879.0,573.22,370,3,7,Low Value
12880.0,640.13,279,2,34,Low Value
12881.0,298.0,21,1,7,Low Value
12882.0,1463.04,246,2,12,Medium Value
12883.0,703.47,196,4,39,Low Value
12884.0,309.05,43,1,7,Low Value
12885.0,1175.22,655,3,66,Medium Value
12886.0,1378.4,770,2,75,Medium Value
12887.0,222.4,100,1,13,Low Value
12888.0,354.12,76,2,4,Low Value
12889.0,385.46,124,4,25,Low Value
12890.0,706.02,457,2,124,Low Value
12891.0,840.5,2325,11,4,Low Value
12892.0,263.38,140,1,18,Low Value
12893.0,176.55,90,1,27,Low Value
12894.0,157.35,33,1,21,Low Value
12895.0,372.8,210,2,22,Low Value
12897.0,514.25,249,4,10,Low Value
12898.0,296.21,235,2,27,Low Value
12899.0,366.4,108,1,17,Low Value
12900.0,340.33,139,1,13,Low Value
12901.0,17654.54,23075,28,30,High Value
12902.0,138.68,66,1,10,Low Value
12903.0,833.53,493,1,41,Low Value
12904.0,496.06,294,2,59,Low Value
12905.0,1018.42,532,2,52,Medium Value
12906.0,2919.81,1749,5,55,Medium Value
12907.0,508.91,177,2,23,Low Value
12908.0,1776.0,3000,5,1,Medium Value
12909.0,3103.19,1948,8,132,Medium Value
12910.0,5796.52,3632,13,77,High Value
12911.0,1651.72,807,1,220,Medium Value
12912.0,1662.3,670,5,17,Medium Value
12913.0,6283.24,3086,13,54,High Value
12914.0,223.98,336,1,9,Low Value
12915.0,975.1,411,4,48,Low Value
12916.0,4479.73,1681,7,84,Medium Value
12917.0,4359.2,1104,6,45,Medium Value
12918.0,10953.5,1,1,1,High Value
12919.0,1335.19,673,6,34,Medium Value
12920.0,486.64,420,4,59,Low Value
12921.0,35233.24,21328,74,377,High Value
12922.0,405.38,370,1,28,Low Value
12923.0,770.42,230,3,54,Low Value
12924.0,2469.4,1423,12,57,Medium Value
12925.0,729.33,649,3,46,Low Value
12926.0,1523.97,754,4,205,Medium Value
12927.0,197.31,145,1,11,Low Value
12928.0,4304.89,2899,12,99,Medium Value
12929.0,117.85,37,1,8,Low Value
12930.0,415.8,252,2,20,Low Value
12931.0,92347.34,62906,57,41,High Value
12932.0,1698.56,1609,8,69,Medium Value
12933.0,1636.63,949,8,227,Medium Value
12934.0,181.65,31,1,2,Low Value
12935.0,4243.86,3201,15,122,Medium Value
12936.0,1063.9,559,4,56,Medium Value
12937.0,3097.61,1983,9,133,Medium Value
12938.0,114.14,140,1,9,Low Value
12939.0,25264.8,10328,20,28,High Value
12940.0,899.69,404,2,87,Low Value
12941.0,377.49,381,1,27,Low Value
12942.0,675.6,198,3,68,Low Value
12943.0,496.5,222,2,22,Low Value
12944.0,604.51,289,2,29,Low Value
12945.0,900.11,446,2,48,Low Value
12946.0,324.45,149,1,20,Low Value
12947.0,1603.99,1165,6,83,Medium Value
12948.0,2317.43,1304,9,89,Medium Value
12949.0,15526.7,8233,22,353,High Value
12950.0,1843.0,1380,3,13,Medium Value
12951.0,3213.72,1662,15,115,Medium Value
12952.0,1387.79,653,4,64,Medium Value
12953.0,828.81,364,2,47,Low Value
12954.0,162.45,83,1,10,Low Value
12955.0,4757.16,3664,11,82,Medium Value
12956.0,521.89,340,4,42,Low Value
12957.0,8706.97,4686,13,411,High Value
12958.0,467.34,118,2,45,Low Value
12959.0,150.95,109,1,8,Low Value
12960.0,1322.07,1379,4,52,Medium Value
12961.0,211.99,180,1,37,Low Value
12962.0,266.39,129,2,15,Low Value
12963.0,3235.79,1637,12,131,Medium Value
12964.0,132.24,56,1,26,Low Value
12965.0,769.81,282,1,107,Low Value
12966.0,160.18,75,1,10,Low Value
12967.0,2938.52,912,3,47,Medium Value
12968.0,135.95,73,1,5,Low Value
12969.0,122.45,55,1,5,Low Value
12970.0,1453.6,954,10,286,Medium Value
12971.0,15704.6,14306,116,106,High Value
12972.0,1161.2,844,4,69,Medium Value
12973.0,385.55,31,1,6,Low Value
12974.0,408.95,104,2,30,Low Value
12975.0,2100.09,911,6,99,Medium Value
12976.0,3156.38,2684,8,119,Medium Value
12977.0,513.88,128,4,54,Low Value
12978.0,2502.82,1394,5,127,Medium Value
12979.0,517.7,520,1,56,Low Value
12980.0,16245.78,1910,21,7,High Value
12981.0,372.22,242,2,14,Low Value
12982.0,2744.81,1729,8,140,Medium Value
12983.0,490.08,638,1,30,Low Value
12984.0,97.5,26,1,4,Low Value
12985.0,1239.38,1533,2,73,Medium Value
12986.0,2729.84,1164,10,62,Medium Value
12987.0,1312.21,585,5,62,Medium Value
12988.0,505.82,126,1,75,Low Value
12989.0,13551.75,6935,33,51,High Value
12990.0,955.5,480,7,10,Low Value
12991.0,764.82,483,3,45,Low Value
12992.0,93.35,21,1,6,Low Value
12993.0,1259.63,751,8,63,Medium Value
12994.0,974.42,459,3,52,Low Value
12995.0,211.32,108,1,3,Low Value
12996.0,355.5,122,1,22,Low Value
12997.0,2110.91,1186,8,67,Medium Value
12998.0,920.08,1124,3,58,Low Value
12999.0,455.88,342,3,25,Low Value
13000.0,1032.5,548,4,59,Medium Value
13001.0,24042.65,13448,33,337,High Value
13002.0,414.13,201,3,19,Low Value
13003.0,149.05,103,3,4,Low Value
13004.0,11650.85,8768,36,440,High Value
13005.0,999.68,462,4,42,Low Value
13006.0,81.57,55,1,4,Low Value
13007.0,175.25,59,1,11,Low Value
13008.0,612.13,379,3,31,Low Value
13009.0,234.0,120,1,4,Low Value
13010.0,330.12,323,2,10,Low Value
13011.0,50.55,13,1,3,Low Value
13012.0,2957.83,1559,11,95,Medium Value
13013.0,11097.43,5661,29,305,High Value
13014.0,5381.08,1979,11,142,High Value
13015.0,6579.78,3527,11,269,High Value
13016.0,789.89,527,3,39,Low Value
13017.0,204.0,48,1,1,Low Value
13018.0,9763.16,6746,35,415,High Value
13019.0,1229.95,397,6,47,Medium Value
13020.0,618.96,278,2,37,Low Value
13021.0,4887.24,2546,17,174,Medium Value
13022.0,65.3,35,1,5,Low Value
13023.0,1449.03,585,3,69,Medium Value
13024.0,555.87,181,2,27,Low Value
13025.0,323.39,241,1,13,Low Value
13026.0,1733.08,2466,9,53,Medium Value
13027.0,17239.2,42840,19,8,High Value
13028.0,661.32,798,2,40,Low Value
13029.0,1927.3,194,5,13,Medium Value
13030.0,752.44,348,2,77,Low Value
13031.0,3292.84,2309,5,274,Medium Value
13032.0,2815.96,1274,9,153,Medium Value
13033.0,220.55,98,2,12,Low Value
13034.0,756.82,406,3,42,Low Value
13035.0,1364.2,926,3,28,Medium Value
13036.0,307.1,38,1,6,Low Value
13037.0,3914.95,2130,12,189,Medium Value
13038.0,908.46,360,3,24,Low Value
13039.0,1010.73,290,4,42,Medium Value
13040.0,676.99,355,2,38,Low Value
13041.0,799.13,335,4,26,Low Value
13042.0,1488.59,812,3,164,Medium Value
13043.0,516.42,254,1,13,Low Value
13044.0,4848.05,2548,11,360,Medium Value
13045.0,808.92,405,3,41,Low Value
13046.0,949.25,505,3,49,Low Value
13047.0,8428.53,3328,24,196,High Value
13048.0,4049.13,2661,9,138,Medium Value
13049.0,1408.24,620,4,19,Medium Value
13050.0,11986.52,7015,35,530,High Value
13051.0,155.8,72,2,4,Low Value
13052.0,3119.33,1424,7,167,Medium Value
13053.0,127.65,47,1,17,Low Value
13055.0,2321.11,1821,4,146,Medium Value
13056.0,209.48,158,1,18,Low Value
13057.0,709.59,456,3,34,Low Value
13058.0,271.4,52,3,5,Low Value
13059.0,2291.77,860,10,155,Medium Value
13060.0,307.53,123,1,15,Low Value
13061.0,248.61,107,1,10,Low Value
13062.0,346.98,343,1,11,Low Value
13063.0,188.4,116,1,12,Low Value
13064.0,1666.84,668,6,57,Medium Value
13065.0,1055.05,381,5,49,Medium Value
13066.0,470.8,322,2,48,Low Value
13067.0,508.51,131,3,24,Low Value
13068.0,344.0,200,2,1,Low Value
13069.0,9284.45,15171,38,588,High Value
13070.0,751.7,372,4,15,Low Value
13071.0,129.22,30,1,12,Low Value
13072.0,177.15,69,1,7,Low Value
13073.0,418.08,261,2,25,Low Value
13074.0,1378.74,826,4,26,Medium Value
13075.0,919.61,485,1,22,Low Value
13076.0,135.4,44,1,9,Low Value
13077.0,2740.65,2468,11,214,Medium Value
13078.0,29018.06,12032,57,164,High Value
13079.0,419.18,158,6,11,Low Value
13080.0,280.73,193,4,17,Low Value
13081.0,56838.37,40077,28,798,High Value
13082.0,7335.75,8466,21,101,High Value
13083.0,395.43,307,3,19,Low Value
13084.0,122.4,144,1,2,Low Value
13085.0,2433.28,944,8,51,Medium Value
13086.0,439.33,155,1,47,Low Value
13087.0,313.64,86,1,15,Low Value
13088.0,236.11,76,1,19,Low Value
13089.0,113416.91,58932,203,931,High Value
13090.0,13091.74,3247,24,164,High Value
13091.0,2321.82,1339,3,41,Medium Value
13092.0,2140.28,664,12,52,Medium Value
13093.0,54144.25,25971,55,220,High Value
13094.0,2209.44,1896,13,6,Medium Value
13095.0,74.4,144,1,6,Low Value
13096.0,419.7,6,1,1,Low Value
13097.0,13324.1,5345,28,400,High Value
13098.0,28882.44,15968,28,162,High Value
13099.0,207.36,288,1,1,Low Value
13101.0,695.4,478,4,48,Low Value
13102.0,11380.1,6366,37,216,High Value
13103.0,709.64,426,3,27,Low Value
13104.0,1709.1,834,9,15,Medium Value
13105.0,72.0,100,1,1,Low Value
13106.0,603.46,231,2,15,Low Value
13107.0,5253.07,4316,9,146,High Value
13108.0,748.46,745,2,27,Low Value
13109.0,1134.03,757,3,61,Medium Value
13110.0,2957.47,763,12,175,Medium Value
13111.0,321.88,180,1,12,Low Value
13112.0,20.6,11,1,2,Low Value
13113.0,18230.07,4435,37,177,High Value
13114.0,234.38,74,1,16,Low Value
13115.0,5494.7,3934,10,189,High Value
13116.0,501.14,291,1,30,Low Value
13117.0,2255.66,1852,18,122,Medium Value
13118.0,2415.41,834,9,110,Medium Value
13119.0,134.9,110,1,11,Low Value
13120.0,30.6,12,1,1,Low Value
13121.0,283.73,252,1,50,Low Value
13122.0,922.39,585,2,54,Low Value
13123.0,506.75,268,2,38,Low Value
13124.0,4641.66,2738,4,217,Medium Value
13125.0,148.62,53,1,20,Low Value
13126.0,3774.81,3289,13,183,Medium Value
13127.0,259.17,127,1,15,Low Value
13128.0,263.5,31,1,1,Low Value
13129.0,233.25,296,2,10,Low Value
13130.0,64.0,32,1,2,Low Value
13131.0,3313.77,1523,7,114,Medium Value
13132.0,77.3,20,1,3,Low Value
13133.0,200.45,55,3,12,Low Value
13134.0,2475.23,1364,6,110,Medium Value
13135.0,3371.45,4423,2,18,Medium Value
13136.0,6274.56,3109,13,220,High Value
13137.0,7586.94,4238,16,655,High Value
13138.0,1274.01,593,7,41,Medium Value
13139.0,8202.98,4614,8,216,High Value
13140.0,1054.92,572,5,90,Medium Value
13141.0,7656.08,5159,17,297,High Value
13142.0,307.09,258,1,23,Low Value
13143.0,405.1,198,1,23,Low Value
13144.0,135.35,29,2,6,Low Value
13145.0,1128.52,265,7,5,Medium Value
13146.0,228.91,154,1,16,Low Value
13147.0,712.8,144,4,1,Low Value
13148.0,8497.82,4487,26,453,High Value
13149.0,1676.06,1280,4,75,Medium Value
13150.0,449.97,171,3,7,Low Value
13151.0,2465.21,813,3,134,Medium Value
13152.0,2146.38,977,7,115,Medium Value
13153.0,486.22,418,1,15,Low Value
13154.0,1624.84,976,3,81,Medium Value
13155.0,1370.48,741,6,81,Medium Value
13156.0,1586.54,914,3,96,Medium Value
13157.0,5687.36,4762,9,177,High Value
13158.0,1508.18,992,5,71,Medium Value
13159.0,1429.35,1058,4,113,Medium Value
13160.0,91.8,56,1,4,Low Value
13161.0,472.13,105,2,30,Low Value
13162.0,9275.49,5755,16,191,High Value
13163.0,17.65,3,1,2,Low Value
13164.0,372.2,120,2,7,Low Value
13165.0,1451.16,1736,3,47,Medium Value
13166.0,875.93,522,2,64,Low Value
13167.0,1125.15,1007,5,65,Medium Value
13168.0,1840.73,898,5,132,Medium Value
13169.0,840.08,296,3,16,Low Value
13170.0,108.81,141,1,29,Low Value
13171.0,468.41,229,3,37,Low Value
13172.0,69.6,48,1,1,Low Value
13173.0,2399.82,1481,11,163,Medium Value
13174.0,7995.36,3794,12,615,High Value
13175.0,831.45,423,2,40,Low Value
13176.0,481.49,448,1,66,Low Value
13177.0,512.2,180,2,23,Low Value
13178.0,14059.19,8778,21,228,High Value
13179.0,572.31,368,1,34,Low Value
13180.0,86.1,42,1,4,Low Value
13181.0,359.69,171,1,19,Low Value
13182.0,121.18,201,1,11,Low Value
13183.0,7036.18,4027,15,65,High Value
13184.0,1668.95,1662,10,139,Medium Value
13185.0,71.4,12,1,1,Low Value
13186.0,1575.89,820,3,69,Medium Value
13187.0,341.36,296,4,51,Low Value
13188.0,114.6,25,1,2,Low Value
13189.0,260.68,842,2,29,Low Value
13190.0,570.66,308,3,16,Low Value
13191.0,164.69,115,1,58,Low Value
13192.0,2558.58,1629,6,138,Medium Value
13193.0,112.08,46,1,22,Low Value
13194.0,472.78,326,2,10,Low Value
13195.0,136.73,70,1,43,Low Value
13196.0,3068.84,2006,7,144,Medium Value
13197.0,373.01,204,1,19,Low Value
13198.0,4974.23,3449,8,265,Medium Value
13199.0,15964.21,11567,67,64,High Value
13200.0,870.09,516,4,42,Low Value
13201.0,1233.06,1036,4,65,Medium Value
13202.0,1580.3,572,7,55,Medium Value
13203.0,2648.25,2413,10,158,Medium Value
13204.0,966.66,428,1,57,Low Value
13205.0,2803.2,256,1,1,Medium Value
13206.0,8308.19,7086,13,397,High Value
13207.0,535.86,178,4,10,Low Value
13208.0,1976.3,1343,9,202,Medium Value
13209.0,8509.51,5781,13,290,High Value
13210.0,353.48,316,1,22,Low Value
13211.0,2618.77,1845,10,110,Medium Value
13212.0,786.83,309,3,128,Low Value
13213.0,3851.52,2962,11,181,Medium Value
13214.0,3264.23,2966,7,208,Medium Value
13215.0,81.6,96,1,1,Low Value
13216.0,333.74,297,1,5,Low Value
13217.0,666.48,512,4,3,Low Value
13218.0,62.64,88,1,5,Low Value
13219.0,76.23,11,1,11,Low Value
13220.0,1336.09,396,5,46,Medium Value
13221.0,847.41,244,2,62,Low Value
13222.0,88.5,30,1,1,Low Value
13223.0,969.12,568,6,9,Low Value
13224.0,2155.95,1518,2,102,Medium Value
13225.0,16260.07,7401,16,67,High Value
13226.0,312.46,179,2,28,Low Value
13227.0,257.7,99,1,9,Low Value
13228.0,358.0,200,1,2,Low Value
13229.0,160.95,63,1,10,Low Value
13230.0,6120.01,3520,30,674,High Value
13232.0,1328.35,773,7,147,Medium Value
13233.0,1176.46,1604,4,74,Medium Value
13234.0,346.5,159,2,56,Low Value
13235.0,1031.07,441,1,53,Medium Value
13236.0,744.85,416,2,34,Low Value
13237.0,643.0,128,1,24,Low Value
13238.0,1006.63,442,6,27,Medium Value
13239.0,1594.69,1151,5,86,Medium Value
13240.0,1475.79,709,8,160,Medium Value
13241.0,112.53,46,1,40,Low Value
13242.0,699.4,350,7,19,Low Value
13243.0,1220.38,554,5,168,Medium Value
13244.0,121.74,38,1,27,Low Value
13245.0,989.22,371,2,43,Low Value
13246.0,3351.75,2796,11,232,Medium Value
13247.0,501.12,328,4,18,Low Value
13248.0,465.68,305,2,25,Low Value
13249.0,1608.93,1246,9,21,Medium Value
13250.0,253.09,107,2,18,Low Value
13251.0,252.68,215,1,25,Low Value
13252.0,399.3,134,2,19,Low Value
13253.0,2951.11,3015,4,73,Medium Value
13254.0,51.41,43,1,4,Low Value
13255.0,678.76,407,3,26,Low Value
13257.0,149.75,33,1,7,Low Value
13258.0,1009.43,446,5,29,Medium Value
13259.0,1402.54,503,9,235,Medium Value
13260.0,557.62,142,1,8,Low Value
13261.0,944.1,210,2,8,Low Value
13262.0,573.45,247,3,48,Low Value
13263.0,8676.2,5372,39,514,High Value
13264.0,722.56,375,1,38,Low Value
13265.0,2092.66,1740,5,66,Medium Value
13266.0,6135.04,6837,19,155,High Value
13267.0,9429.81,3959,36,163,High Value
13268.0,3174.75,3624,11,259,Medium Value
13269.0,8537.32,6366,28,258,High Value
13270.0,590.0,200,1,1,Low Value
13271.0,211.49,240,1,79,Low Value
13272.0,276.56,96,2,15,Low Value
13273.0,138.98,153,1,16,Low Value
13274.0,360.85,199,1,19,Low Value
13275.0,238.86,138,2,48,Low Value
13276.0,1891.91,840,5,208,Medium Value
13277.0,523.3,382,7,11,Low Value
13278.0,1435.85,1358,4,82,Medium Value
13279.0,137.75,73,1,9,Low Value
13280.0,2293.33,1489,7,167,Medium Value
13281.0,350.85,201,1,22,Low Value
13282.0,1313.19,410,4,42,Medium Value
13283.0,373.36,204,4,20,Low Value
13284.0,201.19,91,1,13,Low Value
13285.0,3364.59,2457,6,190,Medium Value
13286.0,734.91,274,1,46,Low Value
13287.0,781.59,429,3,46,Low Value
13288.0,927.61,379,5,7,Low Value
13289.0,307.95,119,1,16,Low Value
13290.0,208.63,1,1,1,Low Value
13291.0,3270.79,1600,11,159,Medium Value
13292.0,994.51,530,5,55,Low Value
13293.0,1192.94,555,6,54,Medium Value
13294.0,1689.53,996,3,94,Medium Value
13295.0,1101.97,733,4,56,Medium Value
13296.0,792.51,653,6,50,Low Value
13297.0,4368.62,2694,7,110,Medium Value
13298.0,360.0,96,1,2,Low Value
13299.0,1218.7,416,3,56,Medium Value
13300.0,1285.51,455,3,46,Medium Value
13301.0,618.09,345,4,75,Low Value
13302.0,159.2,12,2,3,Low Value
13303.0,61.72,26,1,4,Low Value
13304.0,1217.99,716,4,61,Medium Value
13305.0,3616.41,2228,16,153,Medium Value
13306.0,53.65,74,1,4,Low Value
13307.0,273.34,140,3,15,Low Value
13308.0,1670.37,1073,4,65,Medium Value
13309.0,1706.37,1914,6,96,Medium Value
13310.0,1541.2,816,5,81,Medium Value
13311.0,598.57,305,2,26,Low Value
13312.0,124.75,41,1,5,Low Value
13313.0,3445.32,2308,12,118,Medium Value
13314.0,775.94,560,3,55,Low Value
13315.0,310.26,232,1,22,Low Value
13316.0,12940.82,19931,10,116,High Value
13317.0,6486.09,3149,19,235,High Value
13318.0,640.76,304,3,14,Low Value
13319.0,21323.22,8974,58,373,High Value
13320.0,2211.6,1509,6,103,Medium Value
13321.0,567.36,372,2,10,Low Value
13322.0,199.48,117,1,25,Low Value
13323.0,787.85,175,5,6,Low Value
13324.0,10513.47,8448,18,36,High Value
13325.0,675.3,240,1,12,Low Value
13326.0,281.76,140,1,13,Low Value
13327.0,9134.48,4203,20,183,High Value
13328.0,1308.48,680,1,17,Medium Value
13329.0,4808.77,3311,8,73,Medium Value
13330.0,2796.1,1951,6,82,Medium Value
13331.0,262.4,54,1,12,Low Value
13332.0,350.9,179,1,21,Low Value
13333.0,1015.74,685,3,54,Medium Value
13334.0,6201.8,3198,5,336,High Value
13336.0,795.12,559,1,51,Low Value
13337.0,1575.26,980,1,87,Medium Value
13338.0,2445.62,1151,4,116,Medium Value
13339.0,860.12,326,1,54,Low Value
13340.0,22100.56,9636,12,197,High Value
13341.0,775.85,301,1,42,Low Value
13343.0,353.43,135,1,19,Low Value
13344.0,2511.69,952,3,115,Medium Value
13345.0,389.5,141,1,20,Low Value
13346.0,299.4,180,6,4,Low Value
13347.0,341.36,205,1,8,Low Value
13348.0,233.76,136,1,14,Low Value
13349.0,247.32,225,1,16,Low Value
13350.0,979.12,287,2,36,Low Value
13351.0,373.94,117,1,16,Low Value
13352.0,397.98,321,1,24,Low Value
13354.0,743.53,604,1,51,Low Value
13355.0,674.7,314,1,32,Low Value
13356.0,768.24,325,1,42,Low Value
13357.0,3805.51,2112,5,292,Medium Value
13358.0,439.03,285,1,29,Low Value
13359.0,1043.31,381,2,52,Medium Value
13360.0,1553.65,942,4,58,Medium Value
13361.0,1450.5,324,2,30,Medium Value
13362.0,5394.07,2481,7,186,High Value
13363.0,1723.86,1146,3,79,Medium Value
13364.0,134.96,71,1,10,Low Value
13365.0,2225.37,1247,2,122,Medium Value
13366.0,56.16,144,1,1,Low Value
13367.0,510.2,253,1,20,Low Value
13368.0,1121.5,606,4,45,Medium Value
13369.0,308.28,149,1,14,Low Value
13370.0,754.87,343,1,39,Low Value
13371.0,2297.66,1019,2,78,Medium Value
13372.0,378.64,159,1,23,Low Value
13373.0,7587.19,4263,6,293,High Value
13374.0,422.8,135,2,17,Low Value
13375.0,1792.23,1124,2,63,Medium Value
13376.0,1019.76,493,3,45,Medium Value
13377.0,1552.88,748,2,73,Medium Value
13379.0,572.56,601,3,85,Low Value
13380.0,62.4,48,1,3,Low Value
13381.0,8224.37,5125,12,165,High Value
13382.0,1387.58,863,5,74,Medium Value
13383.0,305.28,288,1,1,Low Value
13384.0,6680.83,4142,11,196,High Value
13385.0,534.57,281,1,35,Low Value
13386.0,835.46,514,2,25,Low Value
13387.0,186.94,123,1,71,Low Value
13388.0,1185.65,701,3,68,Medium Value
13389.0,797.96,429,3,50,Low Value
13390.0,544.08,224,1,13,Low Value
13391.0,59.8,4,1,1,Low Value
13392.0,91.14,82,1,8,Low Value
13393.0,1131.45,662,4,53,Medium Value
13394.0,6621.7,5354,19,272,High Value
13395.0,1180.23,1660,3,77,Medium Value
13396.0,1360.99,600,2,42,Medium Value
13397.0,3191.87,1336,10,74,Medium Value
13398.0,670.34,341,2,38,Low Value
13399.0,275.4,120,3,10,Low Value
13400.0,310.83,284,1,23,Low Value
13402.0,1226.85,917,4,56,Medium Value
13403.0,229.5,114,3,9,Low Value
13404.0,252.49,111,2,11,Low Value
13405.0,1213.81,855,6,33,Medium Value
13406.0,568.92,292,2,8,Low Value
13407.0,2244.7,1690,3,85,Medium Value
13408.0,50174.78,28675,106,345,High Value
13410.0,2201.96,1244,9,25,Medium Value
13411.0,213.55,72,1,17,Low Value
13412.0,487.35,176,1,33,Low Value
13413.0,429.44,455,6,38,Low Value
13414.0,2494.14,2702,6,48,Medium Value
13415.0,784.17,496,4,85,Low Value
13416.0,940.8,208,3,16,Low Value
13417.0,1669.49,532,6,59,Medium Value
13418.0,11559.66,7354,31,347,High Value
13419.0,221.06,275,1,16,Low Value
13420.0,159.85,101,2,8,Low Value
13421.0,4058.75,2351,8,183,Medium Value
13422.0,2626.3,1326,1,127,Medium Value
13423.0,217.03,141,1,12,Low Value
13424.0,572.77,529,1,40,Low Value
13425.0,3390.43,2358,5,136,Medium Value
13426.0,8167.38,4868,22,171,High Value
13427.0,1006.53,880,6,35,Medium Value
13428.0,478.54,356,3,122,Low Value
13429.0,1006.8,1390,4,55,Medium Value
13430.0,679.45,751,2,48,Low Value
13431.0,3316.24,1570,8,115,Medium Value
13432.0,439.1,217,2,98,Low Value
13433.0,658.32,190,4,24,Low Value
13434.0,1666.86,864,5,17,Medium Value
13435.0,4447.33,2754,9,97,Medium Value
13436.0,196.89,76,1,12,Low Value
13437.0,3408.06,1283,7,143,Medium Value
13438.0,46.5,10,1,1,Low Value
13439.0,986.61,952,3,133,Low Value
13440.0,1295.25,573,7,49,Medium Value
13441.0,720.9,520,2,33,Low Value
13442.0,419.87,115,3,33,Low Value
13443.0,1273.16,805,6,177,Medium Value
13444.0,619.08,331,2,51,Low Value
13445.0,241.9,198,1,7,Low Value
13446.0,3881.89,2403,11,116,Medium Value
13447.0,1129.14,584,3,55,Medium Value
13448.0,8745.93,4195,13,330,High Value
13449.0,291.88,222,1,19,Low Value
13450.0,4120.04,4318,13,57,Medium Value
13451.0,7090.06,5229,11,597,High Value
13452.0,729.8,6,3,2,Low Value
13453.0,781.69,341,3,33,Low Value
13454.0,219.87,198,1,23,Low Value
13455.0,2212.99,795,6,86,Medium Value
13456.0,1766.72,765,6,43,Medium Value
13457.0,148.22,96,2,9,Low Value
13458.0,11959.27,6760,16,295,High Value
13459.0,1160.41,986,2,57,Medium Value
13460.0,183.44,286,2,16,Low Value
13461.0,4160.0,3132,6,36,Medium Value
13462.0,1153.85,697,5,65,Medium Value
13464.0,3097.64,1440,6,128,Medium Value
13465.0,931.12,584,2,34,Low Value
13466.0,1013.35,660,5,51,Medium Value
13467.0,1071.91,580,2,89,Medium Value
13468.0,12793.28,5617,72,300,High Value
13469.0,82.4,52,1,6,Low Value
13470.0,165.0,100,2,7,Low Value
13471.0,2501.84,1583,4,214,Medium Value
13472.0,592.24,310,2,24,Low Value
13473.0,2657.76,1000,8,65,Medium Value
13474.0,646.59,318,3,116,Low Value
13475.0,1431.78,1012,4,64,Medium Value
13476.0,2061.47,713,5,90,Medium Value
13477.0,2819.17,2091,11,112,Medium Value
13478.0,2215.78,1189,5,114,Medium Value
13479.0,851.37,716,4,45,Low Value
13480.0,627.82,362,2,40,Low Value
13481.0,3830.84,2055,11,167,Medium Value
13482.0,336.09,187,2,20,Low Value
13483.0,140.34,160,1,10,Low Value
13484.0,790.72,224,3,38,Low Value
13485.0,3019.22,1798,11,134,Medium Value
13486.0,1122.41,669,3,69,Medium Value
13487.0,846.87,362,5,34,Low Value
13488.0,14205.96,7375,23,385,High Value
13489.0,449.52,560,4,11,Low Value
13490.0,154.25,25,1,8,Low Value
13491.0,4467.66,2349,27,157,Medium Value
13492.0,1269.84,408,3,38,Medium Value
13493.0,618.63,380,2,6,Low Value
13494.0,316.26,162,1,18,Low Value
13495.0,4863.31,2465,10,62,Medium Value
13496.0,653.33,341,2,29,Low Value
13497.0,1166.83,525,6,52,Medium Value
13498.0,327.38,362,1,17,Low Value
13499.0,1159.11,1365,5,31,Medium Value
13500.0,1466.3,838,4,77,Medium Value
13501.0,2885.11,1253,3,93,Medium Value
13502.0,780.5,490,5,28,Low Value
13503.0,1859.24,1105,6,159,Medium Value
13504.0,295.93,178,1,22,Low Value
13505.0,4393.63,2486,4,182,Medium Value
13506.0,1338.08,942,5,57,Medium Value
13507.0,2479.16,1597,4,147,Medium Value
13508.0,287.05,180,2,28,Low Value
13509.0,1114.72,1214,8,32,Medium Value
13510.0,4558.29,3044,11,197,Medium Value
13511.0,282.76,60,1,5,Low Value
13512.0,713.39,419,4,31,Low Value
13513.0,824.59,364,3,32,Low Value
13514.0,815.9,288,4,15,Low Value
13515.0,1265.82,819,6,64,Medium Value
13516.0,1685.26,1114,4,55,Medium Value
13517.0,2128.42,1369,3,125,Medium Value
13518.0,627.16,382,1,36,Low Value
13519.0,343.21,133,2,19,Low Value
13520.0,6606.0,3179,11,97,High Value
13521.0,1071.73,718,3,313,Medium Value
13522.0,125.8,44,1,5,Low Value
13523.0,4534.57,1989,6,179,Medium Value
13524.0,680.18,324,5,17,Low Value
13525.0,628.78,394,2,5,Low Value
13526.0,1182.0,1911,2,29,Medium Value
13527.0,4541.29,2736,12,268,Medium Value
13529.0,307.76,74,2,15,Low Value
13530.0,402.98,272,1,18,Low Value
13531.0,1433.07,497,6,51,Medium Value
13532.0,210.31,129,1,66,Low Value
13533.0,269.09,202,3,61,Low Value
13534.0,7720.9,3869,35,166,High Value
13535.0,89.5,10,1,1,Low Value
13536.0,3444.39,2126,7,91,Medium Value
13537.0,717.85,337,2,39,Low Value
13538.0,3103.13,959,12,111,Medium Value
13539.0,1569.36,710,7,77,Medium Value
13540.0,632.39,189,3,27,Low Value
13541.0,785.25,279,2,10,Low Value
13542.0,3959.49,804,17,120,Medium Value
13543.0,1439.61,329,2,38,Medium Value
13544.0,790.2,331,6,219,Low Value
13545.0,364.93,252,2,54,Low Value
13546.0,1086.24,587,5,96,Medium Value
13547.0,167.08,79,1,44,Low Value
13548.0,901.44,558,3,171,Low Value
13549.0,1005.8,554,8,44,Medium Value
13550.0,342.55,430,1,40,Low Value
13551.0,244.2,36,2,5,Low Value
13552.0,6948.92,2630,22,167,High Value
13553.0,499.6,201,1,85,Low Value
13554.0,1629.35,578,7,156,Medium Value
13555.0,8891.84,4762,13,270,High Value
13556.0,200.82,134,2,8,Low Value
13557.0,3032.26,2398,13,131,Medium Value
13558.0,594.52,338,4,123,Low Value
13559.0,990.0,360,2,1,Low Value
13560.0,171.42,63,1,32,Low Value
13561.0,1803.4,1125,11,132,Medium Value
13562.0,4838.18,1603,8,103,Medium Value
13563.0,777.53,209,2,49,Low Value
13564.0,16498.97,8878,37,499,High Value
13565.0,414.8,260,3,46,Low Value
13566.0,1688.6,1257,5,268,Medium Value
13567.0,1079.29,643,4,180,Medium Value
13568.0,187.05,66,1,41,Low Value
13569.0,726.54,345,4,141,Low Value
13570.0,239.49,161,1,27,Low Value
13571.0,4537.26,3191,26,274,Medium Value
13572.0,1384.25,534,1,32,Medium Value
13573.0,904.52,647,6,74,Low Value
13574.0,404.45,304,1,84,Low Value
13575.0,732.07,449,5,41,Low Value
13576.0,11202.59,4506,28,146,High Value
13577.0,3489.28,1661,11,111,Medium Value
13578.0,147.66,127,1,9,Low Value
13579.0,1374.34,718,5,72,Medium Value
13580.0,107.75,45,1,5,Low Value
13581.0,280.53,119,2,32,Low Value
13582.0,241.68,106,2,10,Low Value
13583.0,1445.03,1097,2,94,Medium Value
13584.0,385.7,360,3,76,Low Value
13585.0,684.54,1386,3,29,Low Value
13586.0,127.28,38,1,20,Low Value
13587.0,1673.5,664,4,29,Medium Value
13588.0,2478.95,2606,9,132,Medium Value
13589.0,1120.74,293,6,48,Medium Value
13590.0,6336.04,5271,18,271,High Value
13591.0,2093.94,850,7,90,Medium Value
13592.0,247.96,84,4,15,Low Value
13593.0,5493.29,2170,14,215,High Value
13594.0,533.32,396,2,32,Low Value
13595.0,784.48,341,3,116,Low Value
13596.0,664.11,384,2,133,Low Value
13597.0,396.71,231,2,17,Low Value
13598.0,761.96,393,5,78,Low Value
13599.0,9811.04,6248,33,246,High Value
13600.0,518.42,599,2,34,Low Value
13601.0,1159.99,957,4,161,Medium Value
13602.0,1025.17,538,4,50,Medium Value
13603.0,164.34,164,1,27,Low Value
13604.0,717.62,242,1,21,Low Value
13605.0,522.67,425,2,50,Low Value
13606.0,276.75,276,3,40,Low Value
13607.0,1075.81,466,2,111,Medium Value
13608.0,232.05,110,1,31,Low Value
13609.0,167.35,19,1,7,Low Value
13610.0,2103.71,869,14,310,Medium Value
13611.0,3297.93,1988,10,173,Medium Value
13612.0,818.29,444,1,50,Low Value
13613.0,1039.85,445,5,50,Medium Value
13614.0,2332.74,821,6,227,Medium Value
13615.0,6272.53,2910,8,286,High Value
13616.0,283.85,172,2,31,Low Value
13617.0,1278.75,593,8,48,Medium Value
13618.0,177.34,246,1,13,Low Value
13619.0,224.94,79,2,39,Low Value
13620.0,112.34,74,1,5,Low Value
13621.0,213.85,343,1,19,Low Value
13622.0,658.95,379,1,32,Low Value
13623.0,2533.06,1010,10,213,Medium Value
13624.0,462.08,820,1,22,Low Value
13625.0,301.26,144,1,21,Low Value
13626.0,707.04,398,2,44,Low Value
13627.0,2245.9,1632,7,118,Medium Value
13628.0,310.14,106,1,16,Low Value
13629.0,13370.86,7722,19,32,High Value
13630.0,2031.78,1391,7,51,Medium Value
13631.0,3070.42,467,11,6,Medium Value
13632.0,3645.81,1633,8,173,Medium Value
13634.0,5033.77,2090,16,282,High Value
13635.0,2999.16,1884,4,136,Medium Value
13636.0,949.12,592,5,57,Low Value
13637.0,804.3,405,3,80,Low Value
13638.0,122.64,93,1,8,Low Value
13639.0,1346.27,997,2,49,Medium Value
13640.0,405.0,108,1,4,Low Value
13641.0,1016.47,1098,5,40,Medium Value
13642.0,472.2,231,4,93,Low Value
13643.0,2156.77,902,10,74,Medium Value
13644.0,2624.26,2067,4,144,Medium Value
13645.0,252.1,158,1,5,Low Value
13646.0,326.25,79,2,58,Low Value
13647.0,3041.68,1795,8,105,Medium Value
13648.0,1764.02,960,8,96,Medium Value
13649.0,1453.68,782,6,97,Medium Value
13650.0,3288.0,1746,10,136,Medium Value
13651.0,226.85,62,3,14,Low Value
13652.0,2262.05,1458,5,117,Medium Value
13653.0,152.2,72,1,9,Low Value
13654.0,6308.0,4762,11,270,High Value
13655.0,2280.51,1225,6,104,Medium Value
13656.0,1078.85,862,4,84,Medium Value
13657.0,382.14,209,2,16,Low Value
13658.0,6025.5,2171,9,173,High Value
13659.0,4884.68,2527,12,225,Medium Value
13660.0,306.64,136,1,39,Low Value
13661.0,325.24,118,1,17,Low Value
13662.0,2233.61,1169,11,127,Medium Value
13663.0,2047.51,893,5,88,Medium Value
13665.0,1711.66,1652,3,97,Medium Value
13666.0,127.9,54,5,19,Low Value
13667.0,299.05,149,1,82,Low Value
13668.0,12948.48,6096,35,417,High Value
13669.0,413.55,393,3,13,Low Value
13670.0,349.7,282,1,25,Low Value
13671.0,172.6,95,1,61,Low Value
13672.0,419.92,138,3,14,Low Value
13673.0,387.44,114,2,47,Low Value
13674.0,240.68,102,1,14,Low Value
13675.0,486.82,330,2,25,Low Value
13676.0,243.9,104,2,13,Low Value
13677.0,551.24,217,2,99,Low Value
13678.0,232.6,924,1,16,Low Value
13679.0,281.26,102,3,44,Low Value
13680.0,11419.67,5244,12,378,High Value
13681.0,827.83,360,4,38,Low Value
13682.0,59.5,10,1,3,Low Value
13683.0,258.6,180,1,10,Low Value
13684.0,594.88,234,4,84,Low Value
13685.0,3119.44,5056,7,29,Medium Value
13686.0,409.04,378,3,27,Low Value
13687.0,11880.84,87167,1,45,High Value
13688.0,375.5,130,1,5,Low Value
13689.0,1259.5,722,2,7,Medium Value
13690.0,172.25,67,1,9,Low Value
13691.0,212.78,145,1,52,Low Value
13692.0,3114.4,2101,5,83,Medium Value
13693.0,2011.82,880,9,79,Medium Value
13694.0,195640.69,188201,143,927,High Value
13695.0,2770.73,1791,16,49,Medium Value
13696.0,2020.4,552,3,24,Medium Value
13697.0,151.3,177,1,12,Low Value
13698.0,451.73,227,2,33,Low Value
13699.0,764.15,219,2,35,Low Value
13700.0,2596.97,2786,13,164,Medium Value
13701.0,161.0,80,1,9,Low Value
13702.0,135.18,74,1,5,Low Value
13703.0,425.56,128,2,36,Low Value
13704.0,2308.06,1531,9,111,Medium Value
13705.0,1717.19,906,7,55,Medium Value
13706.0,631.17,301,2,38,Low Value
13707.0,3365.86,2210,5,142,Medium Value
13708.0,285.33,301,1,49,Low Value
13709.0,7571.35,4122,18,311,High Value
13710.0,509.52,336,3,13,Low Value
13711.0,1792.26,819,9,80,Medium Value
13712.0,766.42,1128,2,32,Low Value
13713.0,740.76,284,3,70,Low Value
13714.0,161.35,50,1,30,Low Value
13715.0,8153.04,4800,17,286,High Value
13716.0,138.28,138,1,21,Low Value
13717.0,1763.3,2144,8,110,Medium Value
13718.0,306.55,173,2,9,Low Value
13719.0,2783.08,1588,11,194,Medium Value
13720.0,799.9,501,4,42,Low Value
13721.0,741.54,512,2,41,Low Value
13722.0,5635.41,3059,10,142,High Value
13723.0,1194.08,593,6,52,Medium Value
13724.0,213.01,130,1,39,Low Value
13725.0,1980.56,806,8,95,Medium Value
13726.0,1079.66,1054,2,39,Medium Value
13727.0,1074.15,368,8,74,Medium Value
13728.0,2855.17,1269,16,88,Medium Value
13729.0,724.73,419,3,36,Low Value
13730.0,752.6,488,2,38,Low Value
13731.0,610.59,278,2,36,Low Value
13732.0,491.86,498,1,33,Low Value
13733.0,487.03,335,2,28,Low Value
13734.0,6695.69,302,4,24,High Value
13735.0,9762.77,4135,13,372,High Value
13736.0,2752.47,1549,7,358,Medium Value
13737.0,339.6,125,1,29,Low Value
13738.0,434.78,237,1,86,Low Value
13739.0,292.2,76,2,6,Low Value
13740.0,1582.77,987,5,86,Medium Value
13741.0,668.43,218,3,34,Low Value
13742.0,3107.87,1115,12,200,Medium Value
13743.0,1341.6,1776,7,9,Medium Value
13744.0,1080.52,1153,2,54,Medium Value
13745.0,777.36,1146,2,46,Low Value
13746.0,176.69,83,1,9,Low Value
13747.0,169.8,60,2,4,Low Value
13748.0,2064.35,1028,9,41,Medium Value
13750.0,3602.18,1370,11,51,Medium Value
13751.0,296.25,152,1,9,Low Value
13752.0,1579.83,1005,7,78,Medium Value
13753.0,2094.57,1450,4,64,Medium Value
13754.0,447.05,315,3,16,Low Value
13755.0,2108.06,1242,9,231,Medium Value
13756.0,8655.95,5138,23,149,High Value
13757.0,195.55,54,1,8,Low Value
13758.0,8698.13,4667,15,222,High Value
13759.0,659.41,287,2,24,Low Value
13760.0,1363.64,623,5,96,Medium Value
13761.0,1952.17,1079,6,118,Medium Value
13762.0,2472.48,2608,5,25,Medium Value
13763.0,5217.44,3224,3,50,High Value
13764.0,2919.62,2084,6,301,Medium Value
13765.0,352.82,297,1,17,Low Value
13766.0,190.35,137,1,16,Low Value
13767.0,33903.57,14595,73,127,High Value
13768.0,875.97,373,2,30,Low Value
13769.0,5478.12,2452,20,123,High Value
13770.0,785.37,468,4,48,Low Value
13771.0,5728.82,3140,9,188,High Value
13772.0,3100.02,1446,8,411,Medium Value
13773.0,301.54,174,2,19,Low Value
13774.0,345.0,192,1,22,Low Value
13775.0,1049.66,455,1,63,Medium Value
13776.0,623.98,2,2,1,Low Value
13777.0,49638.26,23190,61,47,High Value
13778.0,1124.49,511,4,33,Medium Value
13779.0,161.13,53,1,27,Low Value
13780.0,732.07,479,3,90,Low Value
13781.0,778.83,300,3,56,Low Value
13782.0,1786.08,643,13,190,Medium Value
13783.0,1542.09,3437,4,4,Medium Value
13784.0,2910.23,2827,14,13,Medium Value
13785.0,542.49,151,4,27,Low Value
13786.0,3127.99,1515,6,80,Medium Value
13787.0,1222.5,998,6,73,Medium Value
13788.0,3.75,1,1,1,Low Value
13789.0,239.46,258,1,18,Low Value
13790.0,348.8,748,1,45,Low Value
13791.0,1516.0,1200,2,7,Medium Value
13792.0,383.95,156,3,23,Low Value
13793.0,96.0,52,1,7,Low Value
13794.0,126.03,63,1,9,Low Value
13795.0,836.3,1250,4,24,Low Value
13796.0,289.7,218,1,22,Low Value
13797.0,1179.45,573,3,71,Medium Value
13798.0,75428.87,48187,110,188,High Value
13799.0,2803.57,1539,9,65,Medium Value
13800.0,1679.56,891,3,73,Medium Value
13801.0,324.8,168,1,23,Low Value
13802.0,26259.11,14129,19,225,High Value
13803.0,1338.91,831,3,74,Medium Value
13804.0,3161.12,1797,9,150,Medium Value
13805.0,924.6,1900,2,10,Low Value
13806.0,256.38,56,1,10,Low Value
13807.0,422.2,116,3,24,Low Value
13808.0,1747.66,782,5,70,Medium Value
13809.0,679.7,281,3,23,Low Value
13810.0,1499.01,312,3,32,Medium Value
13811.0,814.5,68,3,7,Low Value
13812.0,539.0,333,3,33,Low Value
13813.0,2765.47,1292,8,97,Medium Value
13814.0,2257.32,1214,3,60,Medium Value
13815.0,7475.74,5381,8,233,High Value
13816.0,571.67,269,2,25,Low Value
13817.0,382.98,211,2,20,Low Value
13818.0,61.28,60,1,5,Low Value
13819.0,2642.35,2309,6,52,Medium Value
13820.0,652.75,285,3,71,Low Value
13821.0,1379.08,477,6,160,Medium Value
13822.0,632.0,611,2,90,Low Value
13823.0,3403.45,1564,7,116,Medium Value
13824.0,3314.76,1442,12,61,Medium Value
13825.0,255.59,182,2,38,Low Value
13826.0,189.5,82,1,10,Low Value
13827.0,409.8,138,3,83,Low Value
13828.0,209.49,311,1,15,Low Value
13829.0,102.0,12,1,1,Low Value
13830.0,156.85,47,1,11,Low Value
13831.0,6585.54,2393,18,122,High Value
13832.0,609.89,420,2,54,Low Value
13833.0,700.41,243,2,43,Low Value
13834.0,324.19,221,2,15,Low Value
13835.0,1095.27,520,7,60,Medium Value
13836.0,620.37,273,2,29,Low Value
13837.0,266.59,182,2,17,Low Value
13838.0,1690.07,694,10,334,Medium Value
13839.0,139.95,25,1,7,Low Value
13840.0,651.4,358,1,40,Low Value
13841.0,85.0,100,1,1,Low Value
13842.0,5319.34,2716,18,219,High Value
13843.0,319.75,145,1,18,Low Value
13844.0,361.62,196,1,20,Low Value
13845.0,312.98,182,1,9,Low Value
13846.0,1307.79,705,4,81,Medium Value
13847.0,310.72,96,1,19,Low Value
13848.0,3015.0,9200,8,3,Medium Value
13849.0,3469.3,1883,5,192,Medium Value
13850.0,1595.48,944,1,93,Medium Value
13851.0,4606.46,2525,8,112,Medium Value
13852.0,187.35,85,1,11,Low Value
13853.0,1090.14,312,1,23,Medium Value
13854.0,11944.56,3642,39,61,High Value
13855.0,1310.34,575,4,64,Medium Value
13856.0,1142.03,1105,11,34,Medium Value
13857.0,1001.01,782,6,99,Medium Value
13858.0,216.17,75,1,11,Low Value
13859.0,515.86,167,2,34,Low Value
13860.0,1245.9,591,5,58,Medium Value
13861.0,273.26,225,2,21,Low Value
13862.0,2556.09,1927,9,114,Medium Value
13863.0,1239.55,553,4,59,Medium Value
13864.0,662.4,192,1,1,Low Value
13865.0,501.56,204,4,26,Low Value
13866.0,145.67,57,1,7,Low Value
13867.0,1005.09,501,3,51,Medium Value
13868.0,3192.54,1964,2,32,Medium Value
13869.0,7996.87,4302,10,515,High Value
13870.0,5712.08,3449,15,159,High Value
13871.0,7885.85,3502,17,191,High Value
13872.0,919.57,339,3,52,Low Value
13873.0,1038.92,472,8,55,Medium Value
13874.0,2049.15,864,7,46,Medium Value
13875.0,4814.37,3072,14,168,Medium Value
13876.0,122.7,36,1,7,Low Value
13877.0,449.68,478,3,23,Low Value
13878.0,2416.9,927,4,93,Medium Value
13879.0,395.5,204,1,25,Low Value
13880.0,4293.86,2535,17,149,Medium Value
13881.0,45179.1,29760,43,198,High Value
13882.0,1191.13,953,5,54,Medium Value
13883.0,6560.02,3584,15,212,High Value
13884.0,1825.03,752,10,111,Medium Value
13885.0,506.8,182,2,28,Low Value
13886.0,243.56,126,1,16,Low Value
13887.0,349.55,147,1,19,Low Value
13888.0,2001.59,795,7,124,Medium Value
13889.0,1991.23,979,6,57,Medium Value
13890.0,2927.38,1392,14,102,Medium Value
13891.0,859.21,476,3,97,Low Value
13892.0,1267.65,3125,6,33,Medium Value
13893.0,821.1,190,1,21,Low Value
13894.0,564.62,354,3,25,Low Value
13895.0,4008.52,2060,6,155,Medium Value
13896.0,388.55,149,1,20,Low Value
13897.0,1160.72,820,3,58,Medium Value
13898.0,686.4,544,2,43,Low Value
13899.0,388.52,156,2,19,Low Value
13900.0,1610.59,938,6,80,Medium Value
13901.0,5676.34,3344,15,282,High Value
13902.0,34095.26,220600,5,58,High Value
13903.0,165.45,103,1,10,Low Value
13904.0,332.64,332,2,24,Low Value
13905.0,312.65,135,1,12,Low Value
13906.0,42.0,100,1,1,Low Value
13907.0,136.8,68,1,4,Low Value
13908.0,2369.55,1478,4,104,Medium Value
13909.0,282.85,301,2,36,Low Value
13911.0,4234.99,4487,20,178,Medium Value
13912.0,124.95,29,1,7,Low Value
13913.0,42.22,10,1,3,Low Value
13914.0,626.45,380,2,29,Low Value
13915.0,70.8,24,1,2,Low Value
13916.0,1275.81,673,4,72,Medium Value
13917.0,272.04,228,2,16,Low Value
13918.0,1212.84,1140,2,30,Medium Value
13919.0,1360.68,1133,4,66,Medium Value
13920.0,1774.68,1772,4,82,Medium Value
13921.0,730.7,210,4,36,Low Value
13922.0,865.2,467,3,30,Low Value
13923.0,351.13,185,1,20,Low Value
13924.0,1838.85,1575,6,90,Medium Value
13925.0,678.25,331,4,28,Low Value
13926.0,223.85,104,1,11,Low Value
13927.0,708.26,463,2,39,Low Value
13928.0,464.57,129,4,23,Low Value
13929.0,3494.1,1566,11,38,Medium Value
13930.0,337.34,274,2,15,Low Value
13931.0,5257.38,3488,11,211,High Value
13932.0,307.4,72,1,16,Low Value
13933.0,608.79,205,2,23,Low Value
13934.0,922.1,390,1,31,Low Value
13935.0,6116.92,2252,3,70,High Value
13936.0,939.66,661,3,56,Low Value
13937.0,880.13,587,2,53,Low Value
13938.0,71.66,70,1,7,Low Value
13939.0,1560.96,1608,7,91,Medium Value
13940.0,839.14,516,4,39,Low Value
13941.0,10027.18,4782,15,43,High Value
13942.0,320.0,1000,1,1,Low Value
13943.0,246.54,94,1,15,Low Value
13944.0,200.43,153,1,35,Low Value
13945.0,854.15,413,2,49,Low Value
13946.0,1876.23,2847,6,49,Medium Value
13947.0,90.6,44,1,5,Low Value
13948.0,548.76,248,4,23,Low Value
13949.0,2427.32,2474,6,124,Medium Value
13950.0,745.06,323,4,33,Low Value
13951.0,674.45,459,3,38,Low Value
13952.0,12823.52,5947,14,265,High Value
13953.0,6640.68,5224,12,8,High Value
13954.0,439.92,150,2,24,Low Value
13955.0,544.07,272,3,82,Low Value
13956.0,1019.27,486,5,123,Medium Value
13957.0,458.25,157,3,23,Low Value
13958.0,4709.23,2264,8,172,Medium Value
13959.0,1064.77,694,6,120,Medium Value
13960.0,230.22,142,2,11,Low Value
13961.0,538.4,226,1,19,Low Value
13962.0,362.8,160,3,23,Low Value
13963.0,2860.57,2007,17,135,Medium Value
13964.0,438.9,228,2,22,Low Value
13965.0,996.61,425,3,23,Low Value
13966.0,384.26,760,1,21,Low Value
13967.0,166.3,66,2,4,Low Value
13968.0,123.66,174,1,8,Low Value
13969.0,12973.46,6640,35,494,High Value
13970.0,846.55,469,2,10,Low Value
13971.0,4667.57,3084,14,191,Medium Value
13972.0,190.25,187,2,15,Low Value
13973.0,264.7,109,1,11,Low Value
13974.0,677.72,356,2,43,Low Value
13975.0,5256.4,3884,12,450,High Value
13976.0,1192.36,452,4,50,Medium Value
13977.0,519.81,303,1,13,Low Value
13978.0,196.79,315,2,14,Low Value
13979.0,3379.93,2270,7,359,Medium Value
13980.0,768.82,463,5,57,Low Value
13981.0,331.14,234,1,22,Low Value
13982.0,3954.29,2478,9,134,Medium Value
13983.0,6753.89,3925,21,244,High Value
13984.0,1893.8,1301,12,53,Medium Value
13985.0,10020.86,4936,22,157,High Value
13986.0,320.46,430,1,12,Low Value
13987.0,682.54,492,2,46,Low Value
13988.0,4757.8,3385,8,220,Medium Value
13989.0,2026.06,2207,5,63,Medium Value
13990.0,311.3,190,1,16,Low Value
13991.0,852.88,995,6,59,Low Value
13992.0,219.5,154,3,10,Low Value
13993.0,6775.71,2135,19,125,High Value
13994.0,2274.14,932,6,122,Medium Value
13995.0,3902.01,2359,14,152,Medium Value
13996.0,895.76,613,2,29,Low Value
13997.0,376.46,143,3,36,Low Value
13998.0,566.7,204,3,30,Low Value
13999.0,9502.26,5043,29,201,High Value
14000.0,2046.34,1838,5,28,Medium Value
14001.0,4228.85,1779,9,63,Medium Value
14002.0,529.73,877,2,47,Low Value
14003.0,209.41,149,1,16,Low Value
14004.0,6258.45,3425,11,131,High Value
14005.0,2874.72,2478,5,53,Medium Value
14006.0,2196.67,2181,7,58,Medium Value
14007.0,79.48,16,1,5,Low Value
14008.0,509.04,326,1,32,Low Value
14009.0,1099.91,951,3,72,Medium Value
14010.0,445.15,177,2,20,Low Value
14011.0,457.82,644,2,32,Low Value
14012.0,328.8,160,1,11,Low Value
14013.0,1084.57,775,5,57,Medium Value
14014.0,1948.21,2004,3,76,Medium Value
14015.0,917.34,378,1,20,Low Value
14016.0,11403.41,5722,11,360,High Value
14017.0,229.75,73,1,14,Low Value
14018.0,367.15,224,1,13,Low Value
14019.0,1421.61,1037,3,38,Medium Value
14020.0,1249.01,648,4,63,Medium Value
14021.0,1716.58,878,7,84,Medium Value
14022.0,792.15,681,2,45,Low Value
14023.0,584.07,345,2,30,Low Value
14024.0,645.74,238,3,33,Low Value
14025.0,4057.9,1914,8,61,Medium Value
14026.0,713.11,427,2,41,Low Value
14027.0,104.82,62,1,6,Low Value
14028.0,10396.5,7170,3,3,High Value
14029.0,467.66,198,2,15,Low Value
14030.0,7521.8,4215,20,597,High Value
14031.0,39019.51,13783,44,294,High Value
14032.0,4546.41,3740,16,84,Medium Value
14033.0,109.44,576,1,1,Low Value
14034.0,648.89,420,3,82,Low Value
14035.0,2794.75,1405,9,71,Medium Value
14036.0,626.65,268,1,38,Low Value
14037.0,836.95,590,6,97,Low Value
14038.0,3069.88,1708,5,110,Medium Value
14039.0,267.28,192,2,10,Low Value
14040.0,12523.81,4972,35,364,High Value
14041.0,141.41,94,1,21,Low Value
14042.0,431.98,180,1,21,Low Value
14043.0,302.6,152,2,37,Low Value
14044.0,3077.7,2100,10,554,Medium Value
14045.0,10986.63,4459,16,19,High Value
14046.0,154.99,460,1,14,Low Value
14047.0,3968.11,1541,14,93,Medium Value
14048.0,748.69,467,3,126,Low Value
14049.0,13023.4,8480,13,586,High Value
14050.0,746.36,689,2,49,Low Value
14051.0,21770.98,5709,37,90,High Value
14052.0,466.66,174,2,115,Low Value
14053.0,572.3,490,4,2,Low Value
14054.0,92.46,62,1,6,Low Value
14055.0,1520.96,720,3,33,Medium Value
14056.0,8152.71,4252,23,331,High Value
14057.0,8346.66,6438,22,247,High Value
14058.0,469.19,211,2,23,Low Value
14059.0,183.6,128,1,8,Low Value
14060.0,8898.24,7419,30,102,High Value
14061.0,917.43,133,3,17,Low Value
14062.0,25585.65,12794,24,147,High Value
14063.0,22710.2,3850,9,30,High Value
14064.0,3260.24,3911,15,135,Medium Value
14065.0,891.02,582,3,42,Low Value
14066.0,152.55,45,1,7,Low Value
14067.0,374.7,361,2,51,Low Value
14068.0,1516.72,510,4,94,Medium Value
14069.0,225.81,58,2,39,Low Value
14070.0,321.6,85,1,40,Low Value
14071.0,1437.57,994,8,271,Medium Value
14072.0,390.85,65,1,19,Low Value
14073.0,151.04,130,1,13,Low Value
14074.0,219.4,228,1,6,Low Value
14075.0,1734.87,1494,6,59,Medium Value
14076.0,118.67,79,1,43,Low Value
14077.0,615.08,376,6,44,Low Value
14078.0,1553.47,586,9,107,Medium Value
14079.0,618.73,302,2,13,Low Value
14080.0,1115.68,268,5,75,Medium Value
14081.0,4867.57,3381,10,488,Medium Value
14082.0,413.36,246,2,48,Low Value
14083.0,1082.19,760,11,169,Medium Value
14084.0,150.5,306,1,7,Low Value
14085.0,9720.67,6434,33,492,High Value
14086.0,39.95,1,1,1,Low Value
14087.0,829.47,718,3,178,Low Value
14088.0,64036.8,15276,16,439,High Value
14089.0,158.75,133,1,13,Low Value
14090.0,76.32,72,1,1,Low Value
14091.0,9530.08,3316,2,13,High Value
14092.0,7229.45,3606,24,183,High Value
14093.0,433.86,391,1,95,Low Value
14094.0,311.77,158,1,41,Low Value
14095.0,2.95,1,1,1,Low Value
14096.0,65164.79,16352,17,1129,High Value
14097.0,422.86,352,2,39,Low Value
14098.0,147.35,104,1,21,Low Value
14099.0,5750.91,3666,20,281,High Value
14100.0,191.95,63,1,24,Low Value
14101.0,9961.93,10542,13,20,High Value
14102.0,1105.88,769,5,35,Medium Value
14104.0,743.53,496,5,118,Low Value
14105.0,5988.83,3534,5,208,High Value
14106.0,214.8,24,1,1,Low Value
14107.0,4877.3,3489,11,114,Medium Value
14108.0,1044.96,660,4,51,Medium Value
14109.0,144.2,88,1,9,Low Value
14110.0,12987.95,5825,33,189,High Value
14111.0,692.85,458,4,10,Low Value
14112.0,5834.59,3539,13,227,High Value
14113.0,7092.61,3439,16,82,High Value
14114.0,1364.09,650,7,72,Medium Value
14115.0,622.67,509,2,22,Low Value
14116.0,1382.74,707,5,61,Medium Value
14117.0,90.0,72,1,3,Low Value
14118.0,458.45,97,1,15,Low Value
14119.0,183.37,177,2,11,Low Value
14121.0,2780.15,2082,4,148,Medium Value
14122.0,362.42,114,3,12,Low Value
14123.0,436.18,234,1,24,Low Value
14124.0,419.58,1618,1,4,Low Value
14125.0,2720.63,1628,3,159,Medium Value
14126.0,1172.46,887,4,37,Medium Value
14127.0,1900.08,828,6,96,Medium Value
14128.0,924.21,814,3,54,Low Value
14129.0,2591.34,1414,9,46,Medium Value
14130.0,1858.77,1215,4,190,Medium Value
14131.0,168.22,105,1,45,Low Value
14132.0,3586.03,3368,11,99,Medium Value
14133.0,911.14,398,4,34,Low Value
14134.0,11123.35,5814,15,131,High Value
14135.0,8839.67,8534,24,141,High Value
14136.0,1570.81,1148,5,87,Medium Value
14137.0,332.7,462,1,11,Low Value
14138.0,965.88,600,2,40,Low Value
14139.0,1086.8,1049,4,49,Medium Value
14140.0,935.05,811,2,60,Low Value
14141.0,915.13,355,4,27,Low Value
14142.0,671.34,518,2,42,Low Value
14143.0,115.8,30,1,7,Low Value
14144.0,30.6,12,1,1,Low Value
14145.0,7600.05,1655,7,12,High Value
14146.0,9450.3,5780,12,344,High Value
14147.0,2590.2,995,9,25,Medium Value
14148.0,466.29,223,2,15,Low Value
14149.0,446.62,218,1,28,Low Value
14150.0,658.64,496,2,23,Low Value
14151.0,679.45,405,2,44,Low Value
14152.0,1997.34,1844,7,107,Medium Value
14153.0,233.4,312,1,17,Low Value
14154.0,6460.7,3222,8,239,High Value
14155.0,118.75,25,1,6,Low Value
14156.0,313437.62,164325,156,1572,High Value
14157.0,978.69,521,5,75,Low Value
14158.0,507.66,781,1,41,Low Value
14159.0,7860.8,6520,20,743,High Value
14160.0,8421.47,4661,7,80,High Value
14161.0,2996.93,1480,7,203,Medium Value
14162.0,289.36,142,2,25,Low Value
14163.0,2594.62,950,5,42,Medium Value
14164.0,1631.77,1033,2,28,Medium Value
14165.0,120.44,53,1,23,Low Value
14166.0,251.15,82,2,45,Low Value
14167.0,1274.29,340,8,48,Medium Value
14168.0,370.45,147,2,14,Low Value
14169.0,621.51,205,2,50,Low Value
14170.0,570.18,270,3,123,Low Value
14171.0,498.79,211,2,61,Low Value
14172.0,369.02,78,3,38,Low Value
14173.0,586.0,194,6,30,Low Value
14174.0,134.46,94,1,26,Low Value
14175.0,7678.88,3009,8,246,High Value
14176.0,756.46,265,5,33,Low Value
14177.0,2209.69,1043,13,146,Medium Value
14178.0,1600.26,1494,7,191,Medium Value
14179.0,701.57,319,2,135,Low Value
14180.0,6117.5,847,33,125,High Value
14181.0,308.35,120,2,48,Low Value
14182.0,678.77,174,4,42,Low Value
14183.0,278.34,60,2,27,Low Value
14184.0,452.89,127,1,24,Low Value
14185.0,197.65,6,1,3,Low Value
14186.0,1550.63,1550,5,78,Medium Value
14187.0,123.5,50,1,8,Low Value
14188.0,2054.36,1162,6,36,Medium Value
14189.0,5503.15,4392,16,200,High Value
14190.0,79.9,2,1,1,Low Value
14191.0,4817.66,3724,15,147,Medium Value
14192.0,293.74,218,1,14,Low Value
14193.0,1210.19,653,3,49,Medium Value
14194.0,18670.59,10037,36,454,High Value
14195.0,2615.6,2144,6,10,Medium Value
14196.0,335.52,142,1,6,Low Value
14197.0,390.05,143,1,20,Low Value
14198.0,1569.73,623,9,59,Medium Value
14199.0,1091.7,254,4,15,Medium Value
14200.0,379.2,140,1,21,Low Value
14201.0,1193.54,806,10,48,Medium Value
14202.0,847.76,166,3,27,Low Value
14203.0,339.34,80,1,16,Low Value
14204.0,1024.83,469,4,188,Medium Value
14205.0,2414.2,1342,9,85,Medium Value
14206.0,1185.01,930,3,62,Medium Value
14207.0,157.8,36,1,2,Low Value
14208.0,567.05,529,2,35,Low Value
14209.0,4993.27,1739,15,135,Medium Value
14210.0,5556.57,2511,16,159,High Value
14211.0,4402.29,2575,18,167,Medium Value
14212.0,2190.14,2046,2,19,Medium Value
14213.0,1192.2,244,1,5,Medium Value
14214.0,1004.38,751,5,64,Medium Value
14215.0,3250.33,2181,9,168,Medium Value
14216.0,2150.04,712,5,65,Medium Value
14217.0,3298.59,1230,23,125,Medium Value
14218.0,169.48,160,1,12,Low Value
14219.0,633.83,363,3,42,Low Value
14220.0,1515.0,468,4,26,Medium Value
14221.0,6517.49,3808,17,169,High Value
14222.0,683.17,607,1,41,Low Value
14223.0,991.13,585,3,50,Low Value
14224.0,1841.71,826,9,191,Medium Value
14225.0,2031.07,1167,4,70,Medium Value
14226.0,2985.13,1714,6,89,Medium Value
14227.0,6368.71,4048,15,263,High Value
14228.0,745.5,260,3,38,Low Value
14229.0,2594.04,934,7,42,Medium Value
14230.0,979.8,246,3,30,Low Value
14231.0,1235.62,610,4,66,Medium Value
14232.0,2048.07,1941,5,81,Medium Value
14233.0,2904.27,1261,7,51,Medium Value
14234.0,754.12,951,4,122,Low Value
14235.0,4717.99,3014,9,111,Medium Value
14236.0,1555.34,774,5,39,Medium Value
14237.0,471.14,238,2,26,Low Value
14238.0,434.23,189,3,13,Low Value
14239.0,4263.17,1729,21,107,Medium Value
14240.0,1247.49,655,3,48,Medium Value
14241.0,333.7,242,2,12,Low Value
14242.0,280.55,123,2,13,Low Value
14243.0,7217.75,3631,17,243,High Value
14244.0,366.42,814,1,16,Low Value
14245.0,1693.45,976,2,107,Medium Value
14246.0,1474.06,804,3,57,Medium Value
14247.0,753.56,378,5,82,Low Value
14248.0,1032.95,692,3,41,Medium Value
14249.0,5400.46,2383,12,180,High Value
14250.0,1904.05,1200,3,94,Medium Value
14251.0,2879.7,1674,5,37,Medium Value
14252.0,350.99,111,1,10,Low Value
14253.0,363.4,88,2,11,Low Value
14254.0,601.03,263,1,23,Low Value
14255.0,1000.63,1,1,1,Medium Value
14256.0,2460.79,1147,5,107,Medium Value
14257.0,5954.45,3332,9,177,High Value
14258.0,32051.34,17488,25,115,High Value
14259.0,120.0,68,1,5,Low Value
14260.0,824.28,544,3,50,Low Value
14261.0,1163.45,406,2,52,Medium Value
14262.0,2618.23,1645,8,88,Medium Value
14263.0,322.93,171,1,16,Low Value
14264.0,1517.36,553,6,62,Medium Value
14265.0,1373.35,715,4,73,Medium Value
14266.0,40.56,24,1,1,Low Value
14267.0,1516.24,530,3,25,Medium Value
14268.0,354.85,147,1,19,Low Value
14269.0,295.73,123,1,16,Low Value
14270.0,492.65,197,1,29,Low Value
14271.0,214.18,148,2,37,Low Value
14272.0,920.81,1097,4,62,Low Value
14273.0,559.97,264,4,22,Low Value
14274.0,256.6,178,1,15,Low Value
14275.0,1189.38,538,6,14,Medium Value
14276.0,2102.68,1406,7,86,Medium Value
14277.0,17197.61,89806,9,335,High Value
14278.0,205.83,131,1,13,Low Value
14279.0,191.86,46,2,3,Low Value
14280.0,134.04,52,1,8,Low Value
14281.0,245.15,45,1,7,Low Value
14282.0,7250.76,5166,25,110,High Value
14283.0,628.44,550,4,36,Low Value
14284.0,1299.65,510,3,59,Medium Value
14285.0,3284.42,954,8,48,Medium Value
14286.0,8479.76,8795,7,293,High Value
14287.0,176.63,261,3,9,Low Value
14288.0,426.6,188,1,16,Low Value
14289.0,911.26,292,6,34,Low Value
14290.0,4516.56,1600,8,122,Medium Value
14291.0,7904.1,6146,23,254,High Value
14292.0,9226.25,3429,16,127,High Value
14293.0,2903.01,1558,9,91,Medium Value
14294.0,375.34,190,1,23,Low Value
14295.0,2362.91,1029,5,66,Medium Value
14296.0,456.4,314,2,27,Low Value
14297.0,1305.33,865,4,48,Medium Value
14298.0,91194.49,100272,82,1399,High Value
14299.0,14070.25,8136,27,172,High Value
14300.0,43.2,32,1,3,Low Value
14301.0,1992.18,1686,4,37,Medium Value
14302.0,742.9,298,3,25,Low Value
14303.0,277.94,218,2,21,Low Value
14304.0,1725.01,775,3,71,Medium Value
14305.0,1858.96,1089,3,96,Medium Value
14306.0,3151.4,2065,6,43,Medium Value
14307.0,4287.92,2816,10,205,Medium Value
14308.0,1147.02,2,2,1,Medium Value
14309.0,3780.81,2583,11,125,Medium Value
14310.0,492.1,230,1,22,Low Value
14311.0,516.45,235,2,31,Low Value
14312.0,3090.29,1904,11,149,Medium Value
14314.0,229.8,332,2,10,Low Value
14315.0,3197.82,1344,8,84,Medium Value
14316.0,1370.34,4494,5,21,Medium Value
14317.0,508.58,255,1,24,Low Value
14318.0,158.02,152,1,9,Low Value
14319.0,494.85,329,1,26,Low Value
14320.0,1346.75,713,5,68,Medium Value
14321.0,2218.06,3275,7,162,Medium Value
14322.0,474.1,158,4,10,Low Value
14323.0,605.06,350,2,32,Low Value
14324.0,701.61,402,2,41,Low Value
14325.0,245.48,320,1,18,Low Value
14326.0,940.98,572,3,54,Low Value
14327.0,1894.93,1296,6,99,Medium Value
14328.0,445.05,1,1,1,Low Value
14329.0,9887.62,5913,15,365,High Value
14330.0,200.63,103,1,13,Low Value
14331.0,462.66,252,2,27,Low Value
14332.0,1917.41,875,5,47,Medium Value
14333.0,415.2,58,1,15,Low Value
14334.0,4318.48,2986,12,151,Medium Value
14335.0,454.86,375,2,55,Low Value
14336.0,1614.91,1759,4,77,Medium Value
14338.0,928.1,622,3,45,Low Value
14339.0,620.27,456,2,21,Low Value
14340.0,134.7,58,1,6,Low Value
14341.0,4452.02,2813,18,199,Medium Value
14342.0,918.44,521,6,27,Low Value
14343.0,1079.66,626,4,194,Medium Value
14344.0,2993.05,1546,20,140,Medium Value
14345.0,108.98,50,1,6,Low Value
14346.0,2315.75,1878,5,124,Medium Value
14347.0,82.6,48,1,6,Low Value
14348.0,409.57,183,1,18,Low Value
14349.0,133.5,86,1,31,Low Value
14350.0,972.03,543,3,55,Low Value
14351.0,51.0,12,1,1,Low Value
14352.0,1078.96,538,4,44,Medium Value
14353.0,376.5,344,3,18,Low Value
14354.0,163.62,210,2,9,Low Value
14355.0,840.05,617,3,57,Low Value
14356.0,701.23,277,2,33,Low Value
14357.0,225.12,147,1,39,Low Value
14358.0,400.06,338,2,21,Low Value
14359.0,912.18,371,3,44,Low Value
14360.0,2118.03,1139,4,104,Medium Value
14361.0,214.71,251,1,14,Low Value
14362.0,151.5,96,1,37,Low Value
14363.0,227.47,105,2,8,Low Value
14364.0,3717.35,1967,8,62,Medium Value
14365.0,634.68,557,2,50,Low Value
14366.0,136.0,16,1,1,Low Value
14367.0,9227.82,4426,16,272,High Value
14368.0,155.0,36,1,8,Low Value
14369.0,469.13,255,2,24,Low Value
14370.0,1175.78,266,6,37,Medium Value
14371.0,100.5,34,1,4,Low Value
14372.0,860.08,378,2,36,Low Value
14373.0,76.55,17,1,4,Low Value
14374.0,108.0,20,1,7,Low Value
14375.0,1106.82,647,3,177,Medium Value
14376.0,215.46,50,1,17,Low Value
14377.0,617.05,219,2,11,Low Value
14378.0,131.25,57,1,9,Low Value
14379.0,1265.16,712,4,95,Medium Value
14380.0,48.96,1,1,1,Low Value
14381.0,625.94,449,2,104,Low Value
14382.0,1193.63,1667,2,227,Medium Value
14383.0,1247.69,817,3,49,Medium Value
14384.0,58.5,30,1,3,Low Value
14385.0,202.11,159,3,13,Low Value
14386.0,142.4,54,1,7,Low Value
14387.0,1727.6,795,3,125,Medium Value
14388.0,6388.2,4190,16,200,High Value
14389.0,1898.01,1388,5,52,Medium Value
14390.0,6150.03,2830,13,202,High Value
14391.0,135.6,168,1,14,Low Value
14392.0,266.4,114,1,14,Low Value
14393.0,67.95,13,1,5,Low Value
14394.0,93.8,58,1,6,Low Value
14395.0,7801.93,3872,20,332,High Value
14396.0,1969.38,959,7,201,Medium Value
14397.0,2612.96,1890,19,18,Medium Value
14398.0,707.79,267,2,50,Low Value
14399.0,2108.21,965,8,121,Medium Value
14400.0,1732.47,1706,3,71,Medium Value
14401.0,6795.9,6401,22,174,High Value
14402.0,285.6,240,1,8,Low Value
14403.0,1880.51,737,6,20,Medium Value
14404.0,2724.13,1577,13,126,Medium Value
14405.0,195.0,100,1,2,Low Value
14406.0,156.75,77,1,8,Low Value
14407.0,2157.73,1415,6,67,Medium Value
14408.0,4102.27,2438,11,65,Medium Value
14409.0,3427.29,2233,9,80,Medium Value
14410.0,2631.9,1369,11,308,Medium Value
14411.0,1063.0,196,1,14,Medium Value
14412.0,1426.19,1428,3,75,Medium Value
14413.0,764.52,277,4,95,Low Value
14414.0,2399.33,2877,8,99,Medium Value
14415.0,11980.09,6263,23,493,High Value
14416.0,490.22,326,2,13,Low Value
14417.0,524.65,543,1,106,Low Value
14418.0,1937.25,1711,3,114,Medium Value
14419.0,1254.64,552,7,118,Medium Value
14420.0,1639.17,1120,4,86,Medium Value
14421.0,2469.37,1342,6,78,Medium Value
14422.0,10271.52,6067,19,327,High Value
14423.0,916.61,419,3,12,Low Value
14424.0,322.08,48,1,1,Low Value
14425.0,661.39,325,3,37,Low Value
14426.0,11727.94,7023,17,468,High Value
14427.0,1263.52,538,4,43,Medium Value
14428.0,1224.06,428,5,108,Medium Value
14429.0,516.28,286,1,22,Low Value
14430.0,1220.9,446,3,29,Medium Value
14431.0,2614.2,1202,4,72,Medium Value
14432.0,2248.5,2013,6,256,Medium Value
14433.0,280.7,131,1,72,Low Value
14434.0,1372.8,368,6,3,Medium Value
14435.0,90.42,282,1,3,Low Value
14436.0,271.7,297,2,11,Low Value
14437.0,873.34,420,5,37,Low Value
14438.0,131.9,82,1,9,Low Value
14439.0,9443.04,2244,5,115,High Value
14440.0,5982.03,1605,13,64,High Value
14441.0,4611.69,1260,11,104,Medium Value
14442.0,5367.02,1431,7,132,High Value
14443.0,2082.97,1357,5,119,Medium Value
14444.0,120.44,172,1,11,Low Value
14445.0,221.65,83,1,32,Low Value
14446.0,1200.28,1091,5,262,Medium Value
14447.0,1711.73,913,6,87,Medium Value
14448.0,375.35,104,2,20,Low Value
14449.0,2230.96,1604,8,304,Medium Value
14450.0,1128.44,522,7,48,Medium Value
14451.0,3258.68,1737,12,258,Medium Value
14452.0,658.95,285,4,114,Low Value
14453.0,119.93,49,1,22,Low Value
14454.0,977.3,400,5,94,Low Value
14455.0,617.72,706,4,67,Low Value
14456.0,3017.28,2885,9,582,Medium Value
14457.0,113.64,88,1,4,Low Value
14458.0,228.07,317,1,46,Low Value
14459.0,5375.74,2303,2,113,High Value
14460.0,1093.5,1879,9,33,Medium Value
14461.0,6676.91,3005,13,516,High Value
14462.0,2242.81,1063,12,182,Medium Value
14463.0,786.57,210,4,7,Low Value
14464.0,111.0,62,2,4,Low Value
14465.0,3925.85,2539,11,129,Medium Value
14466.0,4267.15,2507,13,88,Medium Value
14467.0,2203.24,1187,12,151,Medium Value
14468.0,204.24,164,1,12,Low Value
14469.0,2093.46,973,4,120,Medium Value
14470.0,712.04,282,3,56,Low Value
14471.0,400.95,187,2,38,Low Value
14472.0,2118.72,1271,9,175,Medium Value
14473.0,234.34,88,2,7,Low Value
14474.0,1258.89,448,2,126,Medium Value
14475.0,1151.15,541,4,40,Medium Value
14476.0,193.0,110,1,17,Low Value
14477.0,1969.6,1120,7,8,Medium Value
14478.0,1276.66,1226,4,59,Medium Value
14479.0,1124.71,562,4,127,Medium Value
14480.0,1299.52,670,4,52,Medium Value
14481.0,2284.69,1568,5,119,Medium Value
14482.0,4306.72,2869,12,188,Medium Value
14483.0,257.1,193,2,13,Low Value
14484.0,1070.98,744,4,47,Medium Value
14485.0,162.8,70,1,44,Low Value
14486.0,175.5,90,2,4,Low Value
14487.0,1266.27,761,7,129,Medium Value
14488.0,1064.28,799,1,46,Medium Value
14489.0,1574.93,1011,4,75,Medium Value
14490.0,1273.47,933,2,72,Medium Value
14491.0,340.93,139,2,17,Low Value
14492.0,1921.91,751,7,70,Medium Value
14493.0,5087.86,3148,10,298,High Value
14494.0,401.46,210,3,17,Low Value
14495.0,174.8,68,3,7,Low Value
14496.0,2363.89,905,7,65,Medium Value
14497.0,697.06,332,2,40,Low Value
14498.0,3900.83,2120,10,280,Medium Value
14499.0,2101.79,1231,7,203,Medium Value
14500.0,356.85,117,3,6,Low Value
14501.0,251.21,161,2,9,Low Value
14502.0,2429.83,1480,11,369,Medium Value
14503.0,3543.26,2004,6,113,Medium Value
14504.0,673.26,308,4,85,Low Value
14505.0,11879.08,5325,19,916,High Value
14506.0,2960.25,936,7,259,Medium Value
14507.0,3216.74,1491,11,182,Medium Value
14508.0,822.92,347,5,145,Low Value
14509.0,110.95,38,1,25,Low Value
14510.0,979.85,793,3,67,Low Value
14511.0,1314.81,784,5,54,Medium Value
14512.0,1215.97,736,7,55,Medium Value
14513.0,788.01,593,6,15,Low Value
14514.0,4380.04,2362,9,220,Medium Value
14515.0,3724.06,1893,12,111,Medium Value
14516.0,151.17,63,1,35,Low Value
14517.0,330.45,91,2,17,Low Value
14518.0,174.37,278,1,16,Low Value
14519.0,203.14,81,2,38,Low Value
14520.0,270.6,146,2,3,Low Value
14521.0,199.45,211,1,17,Low Value
14522.0,1748.42,956,8,37,Medium Value
14523.0,241.09,251,1,12,Low Value
14524.0,2909.86,1169,13,253,Medium Value
14525.0,8026.54,5106,17,342,High Value
14526.0,258.65,178,1,41,Low Value
14527.0,27246.88,6647,122,665,High Value
14528.0,364.22,278,1,18,Low Value
14529.0,578.61,325,3,177,Low Value
14530.0,6088.87,2989,16,271,High Value
14531.0,376.34,260,1,29,Low Value
14532.0,3845.78,1111,11,226,Medium Value
14533.0,3466.37,6038,11,74,Medium Value
14534.0,6187.66,2822,26,443,High Value
14535.0,5973.23,3214,9,604,High Value
14536.0,170.95,39,1,18,Low Value
14537.0,641.4,228,2,23,Low Value
14538.0,1370.84,284,5,45,Medium Value
14539.0,537.48,428,2,31,Low Value
14540.0,3709.64,1595,11,200,Medium Value
14541.0,2491.38,1123,14,112,Medium Value
14542.0,103.25,19,1,5,Low Value
14543.0,14587.87,2639,39,110,High Value
14544.0,2938.53,2412,3,150,Medium Value
14545.0,349.25,236,1,23,Low Value
14546.0,5184.84,2688,11,430,High Value
14547.0,3974.75,2639,8,199,Medium Value
14548.0,2541.29,986,9,67,Medium Value
14549.0,913.6,394,4,120,Low Value
14550.0,1345.06,771,4,81,Medium Value
14551.0,878.09,486,7,70,Low Value
14552.0,507.93,258,3,137,Low Value
14553.0,1818.6,1118,9,237,Medium Value
14554.0,2279.49,1443,4,147,Medium Value
14555.0,2304.03,842,6,96,Medium Value
14556.0,815.69,323,3,160,Low Value
14557.0,788.38,510,1,16,Low Value
14558.0,655.5,162,3,13,Low Value
14559.0,75.6,72,1,2,Low Value
14560.0,6114.03,4580,44,71,High Value
14561.0,1080.76,1014,3,67,Medium Value
14562.0,6638.15,2574,26,255,High Value
14563.0,640.54,279,2,95,Low Value
14564.0,2605.62,1295,2,107,Medium Value
14565.0,3859.22,1940,5,139,Medium Value
14566.0,4092.0,2400,4,10,Medium Value
14567.0,1530.36,412,2,33,Medium Value
14568.0,919.7,645,1,47,Low Value
14569.0,597.33,257,4,31,Low Value
14570.0,613.75,431,3,65,Low Value
14571.0,160.0,56,1,30,Low Value
14572.0,5526.88,2878,11,347,High Value
14573.0,2163.12,683,13,185,Medium Value
14574.0,143.7,63,1,11,Low Value
14575.0,420.22,163,1,71,Low Value
14576.0,35.4,12,1,1,Low Value
14577.0,1364.15,569,7,107,Medium Value
14578.0,168.63,240,1,24,Low Value
14579.0,105.56,56,1,24,Low Value
14580.0,14.85,3,1,1,Low Value
14581.0,409.65,304,2,59,Low Value
14582.0,114.11,73,1,6,Low Value
14583.0,1660.29,1071,8,362,Medium Value
14584.0,1738.16,960,8,127,Medium Value
14585.0,1143.27,630,5,88,Medium Value
14586.0,237.36,444,1,19,Low Value
14587.0,1580.29,749,9,175,Medium Value
14588.0,135.39,62,1,16,Low Value
14589.0,39.75,5,1,3,Low Value
14590.0,2993.37,901,20,134,Medium Value
14591.0,1320.21,1228,4,139,Medium Value
14592.0,557.94,407,3,132,Low Value
14593.0,3665.53,1848,12,442,Medium Value
14594.0,363.33,183,2,48,Low Value
14595.0,2164.45,1228,8,120,Medium Value
14596.0,222.22,75,1,50,Low Value
14597.0,2184.63,1436,6,79,Medium Value
14598.0,384.04,354,2,83,Low Value
14599.0,457.89,292,2,77,Low Value
14600.0,865.17,487,2,53,Low Value
14601.0,213.96,168,1,7,Low Value
14602.0,205.36,80,1,31,Low Value
14603.0,660.0,400,1,2,Low Value
14604.0,143.86,88,1,20,Low Value
14605.0,921.56,416,4,90,Low Value
14606.0,29951.37,15217,192,1381,High Value
14607.0,23763.13,15335,22,120,High Value
14608.0,3352.94,927,11,15,Medium Value
14609.0,1486.2,12720,10,6,Medium Value
14610.0,24.35,15,2,10,Low Value
14611.0,604.33,582,2,37,Low Value
14612.0,877.7,134,1,14,Low Value
14613.0,76.32,72,1,1,Low Value
14614.0,295.13,189,1,19,Low Value
14615.0,951.76,495,5,40,Low Value
14616.0,527.78,170,5,3,Low Value
14617.0,190.47,81,2,7,Low Value
14618.0,1342.32,704,7,40,Medium Value
14619.0,1291.24,594,2,58,Medium Value
14620.0,412.78,214,2,26,Low Value
14621.0,3000.57,1706,9,136,Medium Value
14622.0,320.58,146,1,21,Low Value
14623.0,2016.98,1025,10,196,Medium Value
14624.0,814.07,645,6,39,Low Value
14625.0,4497.88,2155,11,180,Medium Value
14626.0,5410.92,3135,11,181,High Value
14627.0,462.75,284,1,29,Low Value
14628.0,1998.0,1147,5,72,Medium Value
14629.0,955.26,378,2,133,Low Value
14630.0,338.65,111,1,21,Low Value
14631.0,2025.69,1407,6,67,Medium Value
14632.0,114.56,96,1,8,Low Value
14633.0,344.9,96,1,20,Low Value
14634.0,2124.46,1906,4,105,Medium Value
14635.0,215.22,118,1,15,Low Value
14636.0,609.85,241,2,27,Low Value
14637.0,106.68,100,1,7,Low Value
14638.0,443.6,166,1,16,Low Value
14639.0,4978.96,2410,9,208,Medium Value
14640.0,3649.36,1645,10,166,Medium Value
14641.0,110.46,90,1,7,Low Value
14642.0,96.12,76,1,2,Low Value
14643.0,1679.89,1377,5,56,Medium Value
14644.0,2247.72,770,7,52,Medium Value
14645.0,876.89,587,3,45,Low Value
14646.0,528602.52,367193,151,1055,High Value
14647.0,506.04,175,2,42,Low Value
14648.0,4466.65,3265,15,286,Medium Value
14649.0,3651.19,2415,9,375,Medium Value
14650.0,62.5,22,1,4,Low Value
14651.0,2025.52,880,9,218,Medium Value
14652.0,114.18,53,1,29,Low Value
14653.0,3593.06,1969,12,274,Medium Value
14654.0,246.86,273,1,27,Low Value
14655.0,3878.51,2341,7,75,Medium Value
14656.0,790.0,309,5,146,Low Value
14657.0,1450.19,879,6,145,Medium Value
14658.0,247.15,47,2,28,Low Value
14659.0,2529.93,1195,9,152,Medium Value
14660.0,285.74,228,2,24,Low Value
14661.0,107.95,35,1,4,Low Value
14662.0,1376.43,907,7,201,Medium Value
14663.0,490.6,397,2,60,Low Value
14664.0,636.24,465,2,78,Low Value
14665.0,2749.65,1144,7,96,Medium Value
14666.0,195.25,161,1,14,Low Value
14667.0,20395.34,11939,54,607,High Value
14668.0,111.63,49,1,10,Low Value
14669.0,3216.78,2043,7,341,Medium Value
14670.0,583.33,423,3,159,Low Value
14671.0,1127.45,571,2,48,Medium Value
14672.0,1113.14,646,4,94,Medium Value
14673.0,3037.32,1822,7,87,Medium Value
14674.0,173.66,103,1,14,Low Value
14675.0,1015.58,660,2,196,Medium Value
14676.0,8356.79,8792,12,78,High Value
14677.0,184.91,139,1,14,Low Value
14678.0,403.39,179,1,24,Low Value
14679.0,1289.44,794,3,49,Medium Value
14680.0,55688.5,26894,58,256,High Value
14681.0,875.15,172,6,19,Low Value
14682.0,1514.81,949,6,79,Medium Value
14683.0,146.56,386,1,21,Low Value
14684.0,1430.03,1005,6,271,Medium Value
14685.0,4536.64,1969,8,115,Medium Value
14686.0,852.53,457,5,186,Low Value
14687.0,1402.06,850,3,34,Medium Value
14688.0,7190.42,5041,28,213,High Value
14689.0,112.8,76,1,13,Low Value
14690.0,777.68,341,4,69,Low Value
14691.0,2114.33,707,5,52,Medium Value
14692.0,1715.14,890,12,102,Medium Value
14693.0,1165.36,388,7,43,Medium Value
14694.0,244.31,193,1,15,Low Value
14695.0,1534.22,661,3,76,Medium Value
14696.0,2473.28,1867,8,137,Medium Value
14697.0,188.61,181,2,22,Low Value
14698.0,1217.27,602,5,148,Medium Value
14699.0,702.6,484,4,45,Low Value
14700.0,3076.06,1606,5,116,Medium Value
14701.0,4487.11,1744,15,459,Medium Value
14702.0,6368.78,2878,29,356,High Value
14703.0,318.17,183,1,22,Low Value
14704.0,1752.92,1164,11,320,Medium Value
14705.0,179.0,100,1,1,Low Value
14706.0,367.54,246,1,25,Low Value
14707.0,139.2,96,2,1,Low Value
14708.0,1793.22,1159,5,27,Medium Value
14709.0,8886.33,4141,25,118,High Value
14710.0,1899.79,1135,13,312,Medium Value
14711.0,2839.62,966,11,222,Medium Value
14712.0,1328.07,411,4,24,Medium Value
14713.0,5115.76,3329,21,243,High Value
14714.0,906.24,642,4,66,Low Value
14715.0,1825.45,1030,8,102,Medium Value
14716.0,543.28,643,3,85,Low Value
14717.0,81.3,32,1,11,Low Value
14718.0,226.42,202,1,11,Low Value
14719.0,1581.84,1025,5,177,Medium Value
14720.0,663.81,219,3,34,Low Value
14721.0,109.07,57,1,24,Low Value
14722.0,489.52,214,3,72,Low Value
14723.0,1803.06,1168,11,292,Medium Value
14724.0,341.9,184,1,40,Low Value
14725.0,1252.74,1335,4,86,Medium Value
14726.0,116.5,82,1,15,Low Value
14727.0,463.73,458,3,43,Low Value
14728.0,190.58,68,1,14,Low Value
14729.0,586.24,372,3,126,Low Value
14730.0,1897.57,1078,8,317,Medium Value
14731.0,380.02,256,3,38,Low Value
14732.0,5517.07,2273,19,164,High Value
14733.0,14335.15,5799,15,140,High Value
14734.0,1056.42,378,4,50,Medium Value
14735.0,12240.16,4513,56,212,High Value
14736.0,374.05,148,2,70,Low Value
14737.0,3554.17,1071,4,28,Medium Value
14738.0,1821.9,757,9,59,Medium Value
14739.0,11573.62,9696,25,134,High Value
14740.0,4161.06,2081,11,176,Medium Value
14741.0,1713.09,1006,7,48,Medium Value
14742.0,579.85,374,1,34,Low Value
14743.0,50.48,40,1,3,Low Value
14744.0,3660.08,2399,14,62,Medium Value
14745.0,2551.41,1969,12,76,Medium Value
14746.0,593.5,398,4,7,Low Value
14747.0,328.2,84,1,18,Low Value
14748.0,2681.9,2422,10,129,Medium Value
14749.0,310.15,403,1,18,Low Value
14750.0,112.03,65,1,32,Low Value
14751.0,126.45,65,2,7,Low Value
14752.0,389.64,260,1,5,Low Value
14753.0,869.51,412,2,45,Low Value
14754.0,1547.93,1010,6,111,Medium Value
14755.0,9972.55,4401,25,232,High Value
14756.0,2653.76,1423,3,102,Medium Value
14757.0,420.5,160,1,19,Low Value
14758.0,2864.97,840,7,92,Medium Value
14759.0,1625.97,569,3,92,Medium Value
14760.0,89.2,40,1,5,Low Value
14761.0,447.92,206,3,21,Low Value
14762.0,417.57,428,2,28,Low Value
14764.0,278.3,190,1,6,Low Value
14765.0,254.11,135,3,38,Low Value
14766.0,6375.73,3999,11,258,High Value
14767.0,382.81,117,1,18,Low Value
14768.0,192.6,52,2,4,Low Value
14769.0,15514.11,11058,17,853,High Value
14770.0,3637.64,1598,8,153,Medium Value
14771.0,594.62,622,2,46,Low Value
14772.0,139.26,82,1,9,Low Value
14773.0,140.55,53,1,10,Low Value
14774.0,241.45,99,1,13,Low Value
14775.0,1011.9,1174,3,57,Medium Value
14776.0,3708.3,4658,15,68,Medium Value
14777.0,307.56,212,1,16,Low Value
14778.0,730.86,306,2,34,Low Value
14779.0,386.15,84,3,39,Low Value
14780.0,447.68,310,2,26,Low Value
14782.0,200.1,114,1,6,Low Value
14783.0,307.3,262,1,17,Low Value
14784.0,449.93,363,3,25,Low Value
14785.0,77.4,84,2,2,Low Value
14786.0,90.96,112,1,7,Low Value
14787.0,110.65,59,1,14,Low Value
14788.0,1156.32,719,3,54,Medium Value
14789.0,197.64,116,1,6,Low Value
14790.0,2526.62,2642,10,71,Medium Value
14791.0,303.63,127,1,19,Low Value
14792.0,6.2,2,1,2,Low Value
14793.0,625.9,361,2,39,Low Value
14794.0,1953.9,783,10,85,Medium Value
14795.0,131.45,17,1,6,Low Value
14796.0,10169.33,7188,27,494,High Value
14797.0,300.31,99,1,16,Low Value
14798.0,724.31,601,8,30,Low Value
14799.0,338.15,495,2,22,Low Value
14800.0,7191.33,6501,17,340,High Value
14801.0,189.34,173,1,56,Low Value
14802.0,1502.98,2,2,1,Medium Value
14803.0,845.55,370,3,35,Low Value
14804.0,353.27,121,1,12,Low Value
14805.0,1082.55,416,7,90,Medium Value
14806.0,303.43,423,2,17,Low Value
14807.0,504.14,234,2,37,Low Value
14808.0,2718.6,2120,8,176,Medium Value
14809.0,686.76,232,2,18,Low Value
14810.0,2354.03,1162,13,129,Medium Value
14811.0,170.5,74,1,28,Low Value
14812.0,178.85,135,1,36,Low Value
14813.0,888.91,392,4,111,Low Value
14814.0,154.21,93,1,28,Low Value
14815.0,778.5,744,2,53,Low Value
14816.0,271.85,5,1,4,Low Value
14817.0,3959.86,2462,7,150,Medium Value
14818.0,1153.56,543,6,87,Medium Value
14819.0,456.41,170,4,52,Low Value
14820.0,1274.76,724,9,52,Medium Value
14821.0,1230.15,459,7,65,Medium Value
14822.0,157.7,94,1,9,Low Value
14823.0,321.43,88,3,56,Low Value
14824.0,4022.91,1954,10,87,Medium Value
14825.0,4735.08,2774,24,190,Medium Value
14826.0,385.2,152,2,10,Low Value
14828.0,9839.46,9718,13,74,High Value
14829.0,1455.87,957,7,77,Medium Value
14830.0,188.88,164,1,39,Low Value
14831.0,1676.57,885,3,67,Medium Value
14832.0,322.69,1,1,1,Low Value
14833.0,94.8,58,1,7,Low Value
14834.0,2206.16,872,7,55,Medium Value
14835.0,297.0,180,2,1,Low Value
14836.0,102.45,45,3,5,Low Value
14837.0,3460.32,3030,9,172,Medium Value
14838.0,769.92,361,2,70,Low Value
14839.0,915.28,927,3,66,Low Value
14840.0,362.71,179,2,20,Low Value
14841.0,7163.0,4164,14,206,High Value
14842.0,2824.69,1166,4,129,Medium Value
14843.0,211.8,132,1,9,Low Value
14844.0,6702.43,4369,10,167,High Value
14845.0,150.0,600,1,1,Low Value
14846.0,437.4,193,1,12,Low Value
14847.0,1348.95,533,3,56,Medium Value
14848.0,310.56,260,1,11,Low Value
14849.0,15407.61,11838,43,294,High Value
14850.0,1770.96,1393,7,136,Medium Value
14851.0,829.41,631,3,40,Low Value
14852.0,6132.43,4366,18,156,High Value
14853.0,1376.87,345,5,26,Medium Value
14854.0,4303.06,2987,11,172,Medium Value
14855.0,6520.3,3510,7,172,High Value
14856.0,1290.53,711,3,65,Medium Value
14857.0,3651.85,2081,7,174,Medium Value
14858.0,180.75,105,1,11,Low Value
14859.0,1705.64,888,5,52,Medium Value
14860.0,170.32,232,1,11,Low Value
14861.0,1380.73,1076,10,63,Medium Value
14862.0,841.2,772,2,47,Low Value
14863.0,266.76,132,1,11,Low Value
14865.0,92.52,204,4,4,Low Value
14866.0,20746.54,9089,19,40,High Value
14867.0,2952.06,996,16,67,Medium Value
14868.0,4184.01,2230,12,133,Medium Value
14869.0,2778.14,2130,6,193,Medium Value
14870.0,1838.95,483,6,48,Medium Value
14871.0,1228.17,446,9,126,Medium Value
14872.0,816.6,662,3,34,Low Value
14873.0,854.13,311,2,49,Low Value
14874.0,116.18,148,1,6,Low Value
14875.0,2862.4,1332,3,88,Medium Value
14876.0,256.7,162,2,12,Low Value
14877.0,425.85,168,2,57,Low Value
14878.0,4076.5,2416,25,163,Medium Value
14879.0,185.06,104,1,27,Low Value
14880.0,690.59,365,3,45,Low Value
14881.0,255.4,316,1,17,Low Value
14882.0,3546.65,1614,14,32,Medium Value
14883.0,761.59,790,6,40,Low Value
14884.0,120.6,72,1,8,Low Value
14885.0,1598.12,1308,3,28,Medium Value
14886.0,364.8,160,1,18,Low Value
14887.0,1862.0,1100,1,6,Medium Value
14888.0,369.2,184,1,20,Low Value
14889.0,135.9,90,1,10,Low Value
14890.0,817.25,636,3,55,Low Value
14891.0,1106.73,788,4,55,Medium Value
14892.0,202.35,79,1,13,Low Value
14893.0,1809.61,1047,3,100,Medium Value
14894.0,1492.81,603,3,41,Medium Value
14895.0,25119.54,10714,38,472,High Value
14896.0,1826.0,931,8,155,Medium Value
14897.0,3140.54,1162,8,95,Medium Value
14898.0,3365.95,2207,14,195,Medium Value
14899.0,1331.38,570,1,126,Medium Value
14900.0,13.92,48,1,1,Low Value
14901.0,1919.0,880,12,103,Medium Value
14902.0,1035.62,716,3,54,Medium Value
14903.0,2795.33,1531,5,229,Medium Value
14904.0,1630.49,2522,4,127,Medium Value
14905.0,1971.39,1009,8,45,Medium Value
14906.0,68.44,1,1,1,Low Value
14907.0,5547.72,2583,16,161,High Value
14908.0,381.9,182,2,14,Low Value
14909.0,1404.68,888,3,62,Medium Value
14910.0,434.35,238,4,25,Low Value
14911.0,291420.81,147972,398,2746,High Value
14912.0,1889.25,1819,6,47,Medium Value
14913.0,4073.13,3955,8,177,Medium Value
14915.0,1811.25,707,11,65,Medium Value
14916.0,3042.95,2415,8,113,Medium Value
14917.0,1123.75,891,2,29,Medium Value
14918.0,5955.81,2551,9,82,High Value
14919.0,359.35,129,1,13,Low Value
14920.0,1607.17,886,3,92,Medium Value
14921.0,1316.07,953,2,78,Medium Value
14922.0,843.74,376,2,49,Low Value
14923.0,749.1,418,1,44,Low Value
14924.0,931.01,312,3,30,Low Value
14926.0,359.4,204,2,2,Low Value
14927.0,308.2,196,1,20,Low Value
14928.0,223.91,268,1,21,Low Value
14929.0,836.69,487,2,34,Low Value
14930.0,5236.73,2193,6,228,High Value
14931.0,1257.68,417,5,30,Medium Value
14932.0,666.13,257,2,29,Low Value
14933.0,1770.0,600,4,1,Medium Value
14934.0,3503.5,2100,5,119,Medium Value
14935.0,2849.83,1931,2,25,Medium Value
14936.0,12410.81,6274,12,281,High Value
14937.0,1621.88,484,3,33,Medium Value
14938.0,2322.43,1369,2,71,Medium Value
14940.0,531.49,384,2,32,Low Value
14941.0,182.1,80,1,7,Low Value
14942.0,746.56,354,4,12,Low Value
14943.0,107.62,46,1,5,Low Value
14944.0,9784.67,4864,19,188,High Value
14945.0,179.4,156,1,11,Low Value
14946.0,100.9,22,1,3,Low Value
14947.0,1049.79,416,6,47,Medium Value
14948.0,1101.97,673,6,56,Medium Value
14949.0,515.0,250,4,17,Low Value
14950.0,371.2,136,1,19,Low Value
14951.0,311.69,311,1,20,Low Value
14952.0,17629.35,6977,32,250,High Value
14953.0,971.32,1014,4,202,Low Value
14954.0,462.12,209,2,111,Low Value
14955.0,163.77,74,1,30,Low Value
14956.0,1325.0,2500,1,4,Medium Value
14957.0,261.69,97,2,27,Low Value
14958.0,941.99,248,6,52,Low Value
14959.0,695.42,494,4,37,Low Value
14960.0,221.27,221,2,23,Low Value
14961.0,16410.15,8372,22,367,High Value
14962.0,366.91,123,4,14,Low Value
14963.0,3123.57,2287,12,320,Medium Value
14964.0,206.21,143,1,13,Low Value
14965.0,596.09,363,2,80,Low Value
14966.0,1064.26,1060,6,125,Medium Value
14967.0,1982.61,652,6,22,Medium Value
14968.0,501.24,257,2,83,Low Value
14969.0,906.23,665,1,13,Low Value
14970.0,4919.35,982,12,77,Medium Value
14971.0,1097.98,639,3,144,Medium Value
14972.0,145.07,40,2,20,Low Value
14973.0,1314.45,369,3,29,Medium Value
14974.0,89.94,37,1,17,Low Value
14975.0,472.39,507,2,25,Low Value
14976.0,790.86,234,7,47,Low Value
14977.0,31.93,17,1,4,Low Value
14978.0,3112.19,736,10,186,Medium Value
14979.0,429.66,209,1,42,Low Value
14980.0,150.68,79,1,24,Low Value
14981.0,372.92,241,2,20,Low Value
14982.0,237.78,125,1,39,Low Value
14983.0,183.2,90,1,29,Low Value
14984.0,1260.51,348,6,48,Medium Value
14985.0,292.01,256,2,78,Low Value
14986.0,563.1,338,2,88,Low Value
14987.0,1550.65,607,8,4,Medium Value
14988.0,2038.65,1260,7,173,Medium Value
14989.0,342.4,200,1,18,Low Value
14990.0,304.17,129,2,41,Low Value
14991.0,314.67,191,1,21,Low Value
14992.0,210.5,145,1,27,Low Value
14993.0,36.13,21,1,9,Low Value
14994.0,946.72,568,5,238,Low Value
14995.0,231.98,102,2,53,Low Value
14996.0,442.29,404,2,37,Low Value
14997.0,776.6,1408,4,36,Low Value
14998.0,753.18,352,4,111,Low Value
14999.0,129.48,88,1,9,Low Value
15000.0,490.52,218,1,76,Low Value
15001.0,199.11,70,2,44,Low Value
15002.0,4138.08,2214,9,225,Medium Value
15003.0,1027.03,525,6,260,Medium Value
15004.0,1220.77,623,1,154,Medium Value
15005.0,13754.58,8666,56,633,High Value
15006.0,757.78,387,2,165,Low Value
15007.0,156.91,69,1,12,Low Value
15008.0,360.0,1500,2,6,Low Value
15009.0,1259.43,639,3,148,Medium Value
15010.0,308.94,184,1,20,Low Value
15011.0,416.6,289,2,17,Low Value
15012.0,646.26,383,3,176,Low Value
15013.0,1610.82,1715,10,178,Medium Value
15014.0,257.67,149,2,29,Low Value
15015.0,2354.97,1584,13,163,Medium Value
15016.0,620.89,243,5,94,Low Value
15017.0,125.58,63,1,20,Low Value
15018.0,496.21,189,3,30,Low Value
15019.0,252.81,150,1,64,Low Value
15020.0,198.47,111,1,27,Low Value
15021.0,2500.59,1079,12,361,Medium Value
15022.0,1133.44,640,5,115,Medium Value
15023.0,11578.65,4758,20,513,High Value
15024.0,3559.39,1924,16,168,Medium Value
15025.0,979.79,503,2,132,Low Value
15026.0,1048.89,655,5,109,Medium Value
15027.0,3195.6,2782,10,69,Medium Value
15028.0,962.94,673,6,66,Low Value
15029.0,365.1,234,1,10,Low Value
15030.0,1979.91,1225,8,25,Medium Value
15031.0,3102.94,1576,14,246,Medium Value
15032.0,11010.05,6601,8,42,High Value
15033.0,2557.18,1672,10,314,Medium Value
15034.0,8231.2,4748,14,438,High Value
15035.0,252.73,245,1,26,Low Value
15036.0,429.56,316,3,107,Low Value
15037.0,397.76,298,2,40,Low Value
15038.0,1146.53,381,9,190,Medium Value
15039.0,39141.48,17780,93,617,High Value
15040.0,7.49,1,1,1,Low Value
15041.0,289.4,194,2,97,Low Value
15042.0,315.45,238,2,9,Low Value
15043.0,2870.32,1019,6,39,Medium Value
15044.0,16024.15,5241,35,367,High Value
15045.0,735.66,114,2,11,Low Value
15046.0,7623.79,4585,25,257,High Value
15047.0,343.62,222,1,22,Low Value
15048.0,381.0,192,4,86,Low Value
15049.0,121.17,63,1,3,Low Value
15050.0,4087.19,2600,5,117,Medium Value
15051.0,3926.91,3052,9,230,Medium Value
15052.0,207.73,79,1,27,Low Value
15053.0,693.95,984,3,49,Low Value
15054.0,302.1,198,2,104,Low Value
15055.0,549.12,225,3,77,Low Value
15056.0,113.65,69,1,6,Low Value
15057.0,3255.96,1394,5,62,Medium Value
15058.0,3387.58,1645,16,232,Medium Value
15059.0,3491.2,1599,19,311,Medium Value
15060.0,294.25,257,4,81,Low Value
15061.0,126389.02,74280,127,147,High Value
15062.0,2585.62,1872,8,101,Medium Value
15063.0,370.8,56,1,5,Low Value
15064.0,1254.41,810,4,76,Medium Value
15065.0,3326.86,1446,5,156,Medium Value
15066.0,893.59,317,1,42,Low Value
15067.0,3862.88,2151,5,172,Medium Value
15068.0,1174.9,832,4,181,Medium Value
15069.0,1109.53,520,1,70,Medium Value
15070.0,737.05,339,3,26,Low Value
15071.0,1455.56,416,4,41,Medium Value
15072.0,187.52,164,1,13,Low Value
15073.0,2788.02,1410,8,116,Medium Value
15074.0,1553.13,1039,3,63,Medium Value
15075.0,773.03,447,1,27,Low Value
15076.0,1447.74,866,3,70,Medium Value
15077.0,2428.08,528,2,28,Medium Value
15078.0,17286.73,8777,53,151,High Value
15079.0,3625.4,1459,11,121,Medium Value
15080.0,546.25,287,2,31,Low Value
15081.0,1854.57,749,12,75,Medium Value
15082.0,93.35,43,1,6,Low Value
15083.0,88.2,38,1,5,Low Value
15084.0,965.2,600,2,31,Low Value
15085.0,347.54,169,1,9,Low Value
15086.0,218.53,95,2,10,Low Value
15087.0,306.94,470,1,15,Low Value
15088.0,1160.07,460,2,53,Medium Value
15089.0,2420.84,1359,6,139,Medium Value
15090.0,381.32,208,1,23,Low Value
15091.0,1046.61,582,3,56,Medium Value
15092.0,776.46,230,3,39,Low Value
15093.0,13702.38,10778,23,112,High Value
15094.0,83.0,28,2,4,Low Value
15095.0,3141.64,2233,10,90,Medium Value
15096.0,219.39,120,1,11,Low Value
15097.0,908.35,424,3,61,Low Value
15098.0,39916.5,121,3,2,High Value
15099.0,410.48,343,1,23,Low Value
15100.0,2193.9,270,7,11,Medium Value
15101.0,1477.94,676,6,52,Medium Value
15102.0,554.67,339,2,26,Low Value
15103.0,703.36,329,2,35,Low Value
15104.0,993.54,635,2,66,Low Value
15105.0,3094.91,1747,9,129,Medium Value
15106.0,1422.52,1181,5,90,Medium Value
15107.0,824.35,330,9,32,Low Value
15108.0,1300.25,499,4,50,Medium Value
15109.0,983.1,258,3,46,Low Value
15110.0,1505.85,337,6,24,Medium Value
15111.0,2442.37,1058,5,110,Medium Value
15112.0,209.4,72,1,7,Low Value
15113.0,3509.43,2344,3,77,Medium Value
15114.0,3400.12,3532,12,152,Medium Value
15115.0,531.85,245,2,35,Low Value
15116.0,1352.75,648,4,37,Medium Value
15117.0,2485.97,3093,8,98,Medium Value
15118.0,244.8,1440,1,1,Low Value
15119.0,266.4,88,1,14,Low Value
15120.0,358.82,296,1,21,Low Value
15121.0,457.72,199,2,28,Low Value
15122.0,4487.27,2033,11,160,Medium Value
15123.0,4656.17,2524,5,151,Medium Value
15124.0,450.82,462,4,30,Low Value
15125.0,17024.87,8433,24,170,High Value
15126.0,449.49,273,2,25,Low Value
15127.0,711.5,464,2,27,Low Value
15128.0,1783.68,1583,5,88,Medium Value
15129.0,6860.18,4002,23,86,High Value
15130.0,330.11,197,1,22,Low Value
15131.0,80.28,88,1,7,Low Value
15132.0,977.93,679,5,49,Low Value
15133.0,1806.9,960,5,45,Medium Value
15134.0,1596.29,1057,10,49,Medium Value
15135.0,305.68,84,2,17,Low Value
15136.0,1286.7,776,4,61,Medium Value
15137.0,823.4,596,2,34,Low Value
15138.0,502.52,300,1,31,Low Value
15139.0,178.96,208,2,13,Low Value
15140.0,3243.69,2010,8,103,Medium Value
15141.0,1388.47,1197,7,44,Medium Value
15142.0,2619.92,2155,6,121,Medium Value
15143.0,563.63,320,2,29,Low Value
15144.0,12160.31,5251,29,214,High Value
15145.0,1194.73,756,4,54,Medium Value
15146.0,1327.16,1473,2,90,Medium Value
15147.0,623.5,366,1,28,Low Value
15148.0,301.29,187,1,20,Low Value
15149.0,1554.61,380,5,63,Medium Value
15150.0,8977.94,6167,13,496,High Value
15151.0,2085.61,795,2,56,Medium Value
15152.0,5263.83,2994,14,222,High Value
15153.0,329.25,198,1,22,Low Value
15154.0,1343.72,333,3,166,Medium Value
15155.0,383.97,192,1,24,Low Value
15156.0,961.49,597,3,51,Low Value
15157.0,2654.11,3466,5,152,Medium Value
15158.0,606.02,219,2,11,Low Value
15159.0,22116.73,13512,34,422,High Value
15160.0,589.27,307,4,17,Low Value
15161.0,119.92,144,1,33,Low Value
15162.0,312.9,74,1,12,Low Value
15163.0,304.47,186,2,29,Low Value
15164.0,2028.11,912,9,245,Medium Value
15165.0,487.75,160,1,27,Low Value
15166.0,167.16,140,1,12,Low Value
15167.0,1627.62,863,5,265,Medium Value
15168.0,106.56,52,1,5,Low Value
15169.0,569.22,356,2,58,Low Value
15170.0,81.15,33,1,4,Low Value
15171.0,1289.5,290,1,5,Medium Value
15172.0,1624.05,1611,5,106,Medium Value
15173.0,1494.6,840,7,74,Medium Value
15174.0,481.46,382,2,34,Low Value
15175.0,224.14,454,1,23,Low Value
15176.0,988.04,448,1,52,Low Value
15177.0,948.93,485,1,26,Low Value
15178.0,40.5,30,1,3,Low Value
15179.0,7491.92,5416,13,237,High Value
15180.0,816.93,654,3,48,Low Value
15181.0,1200.2,688,5,15,Medium Value
15182.0,2998.95,1186,11,80,Medium Value
15183.0,639.93,297,3,33,Low Value
15184.0,685.39,462,4,71,Low Value
15185.0,310.62,666,1,21,Low Value
15186.0,1403.2,716,5,31,Medium Value
15187.0,4777.18,1887,16,64,Medium Value
15188.0,310.43,233,1,22,Low Value
15189.0,17524.38,6902,46,92,High Value
15190.0,834.44,790,1,40,Low Value
15191.0,588.05,287,3,33,Low Value
15192.0,1666.39,1448,5,59,Medium Value
15193.0,499.32,144,1,19,Low Value
15194.0,12021.53,8922,28,281,High Value
15195.0,3861.0,1404,1,1,Medium Value
15196.0,313.7,130,2,34,Low Value
15197.0,1877.51,1058,6,48,Medium Value
15198.0,571.35,327,5,28,Low Value
15199.0,3122.4,894,10,17,Medium Value
15200.0,549.05,195,1,30,Low Value
15201.0,1842.95,1660,7,49,Medium Value
15202.0,6001.49,3,3,1,High Value
15203.0,4400.18,4182,15,166,Medium Value
15204.0,316.58,258,1,9,Low Value
15205.0,653.24,378,2,37,Low Value
15206.0,420.3,162,4,3,Low Value
15207.0,683.92,428,3,20,Low Value
15208.0,970.52,356,6,27,Low Value
15209.0,178.98,94,1,13,Low Value
15210.0,1176.19,841,3,66,Medium Value
15211.0,894.41,240,2,52,Low Value
15212.0,208.28,84,2,7,Low Value
15213.0,328.35,272,2,22,Low Value
15214.0,1661.44,1254,8,109,Medium Value
15215.0,2422.43,776,7,88,Medium Value
15216.0,486.09,217,2,24,Low Value
15217.0,426.24,190,1,28,Low Value
15218.0,11468.83,6530,22,149,High Value
15219.0,685.45,271,2,26,Low Value
15220.0,1778.96,1393,6,110,Medium Value
15221.0,2062.2,244,4,21,Medium Value
15222.0,3550.91,4458,11,99,Medium Value
15223.0,1417.95,385,5,26,Medium Value
15224.0,871.36,443,5,25,Low Value
15225.0,409.4,226,1,23,Low Value
15226.0,154.41,71,1,8,Low Value
15227.0,2488.49,1217,9,88,Medium Value
15228.0,5580.27,3375,6,185,High Value
15229.0,160.5,114,1,9,Low Value
15230.0,429.6,351,2,23,Low Value
15231.0,250.26,190,1,14,Low Value
15232.0,612.06,686,2,26,Low Value
15233.0,59.4,12,1,1,Low Value
15234.0,197.0,196,1,14,Low Value
15235.0,2772.76,1676,16,159,Medium Value
15236.0,321.05,269,1,15,Low Value
15237.0,1412.32,1071,4,94,Medium Value
15238.0,1071.99,692,3,49,Medium Value
15239.0,780.59,594,2,48,Low Value
15240.0,4459.98,3214,12,138,Medium Value
15241.0,3050.16,3328,11,126,Medium Value
15242.0,302.04,196,1,4,Low Value
15243.0,927.28,543,2,56,Low Value
15244.0,912.08,472,3,45,Low Value
15245.0,4610.84,3021,8,78,Medium Value
15246.0,780.4,359,3,45,Low Value
15247.0,976.06,514,3,13,Low Value
15248.0,1893.93,1065,3,103,Medium Value
15249.0,9266.0,4980,18,314,High Value
15250.0,60.0,48,1,3,Low Value
15251.0,20324.54,12108,21,184,High Value
15252.0,2103.41,1430,5,107,Medium Value
15253.0,2055.09,1588,8,104,Medium Value
15254.0,1088.35,711,3,64,Medium Value
15255.0,3706.02,2214,9,138,Medium Value
15256.0,170.4,92,2,7,Low Value
15257.0,685.9,71,2,12,Low Value
15258.0,623.16,142,2,32,Low Value
15259.0,1182.38,631,4,51,Medium Value
15260.0,8767.73,4468,25,199,High Value
15261.0,1508.0,806,4,87,Medium Value
15262.0,418.82,218,3,22,Low Value
15263.0,156.51,89,1,12,Low Value
15264.0,848.4,443,2,53,Low Value
15265.0,3345.64,1570,4,180,Medium Value
15266.0,852.21,236,5,39,Low Value
15267.0,1717.36,944,5,8,Medium Value
15268.0,961.9,428,3,21,Low Value
15269.0,1225.36,372,3,33,Medium Value
15270.0,8524.86,4010,21,67,High Value
15271.0,4528.54,2412,24,373,Medium Value
15272.0,2030.95,665,6,262,Medium Value
15273.0,228.96,216,1,1,Low Value
15274.0,716.57,619,2,44,Low Value
15275.0,615.14,498,1,41,Low Value
15276.0,619.8,317,4,160,Low Value
15277.0,476.34,373,2,23,Low Value
15278.0,496.16,458,4,29,Low Value
15279.0,1580.54,802,5,74,Medium Value
15280.0,397.52,507,3,48,Low Value
15281.0,8543.57,5233,16,428,High Value
15282.0,348.59,395,1,27,Low Value
15283.0,148.33,27,3,9,Low Value
15284.0,24.75,5,1,1,Low Value
15285.0,94.92,120,1,6,Low Value
15286.0,240.55,55,1,3,Low Value
15287.0,856.03,1010,5,25,Low Value
15288.0,3715.38,1336,10,128,Medium Value
15289.0,1593.09,1627,5,69,Medium Value
15290.0,10496.28,6567,26,110,High Value
15291.0,13517.76,4905,40,125,High Value
15292.0,178.39,55,1,23,Low Value
15293.0,247.5,178,1,19,Low Value
15294.0,233.35,97,1,15,Low Value
15295.0,207.04,139,1,50,Low Value
15296.0,10323.03,5452,12,368,High Value
15297.0,641.94,292,3,30,Low Value
15298.0,9061.77,6000,23,212,High Value
15299.0,6156.53,3356,10,9,High Value
15300.0,496.44,292,1,28,Low Value
15301.0,6909.67,3763,17,232,High Value
15302.0,308.0,102,1,15,Low Value
15303.0,1224.18,514,3,63,Medium Value
15304.0,796.4,112,9,8,Low Value
15305.0,93.6,40,1,5,Low Value
15306.0,3484.73,3074,9,124,Medium Value
15307.0,205.3,37,1,12,Low Value
15308.0,310.47,175,1,19,Low Value
15309.0,797.96,440,4,49,Low Value
15310.0,1634.64,1476,1,45,Medium Value
15311.0,114966.42,70149,208,947,High Value
15312.0,2930.19,1693,12,120,Medium Value
15313.0,52.0,25,1,1,Low Value
15314.0,820.45,750,3,49,Low Value
15315.0,570.5,862,2,35,Low Value
15316.0,165.0,100,1,1,Low Value
15317.0,129.75,45,1,5,Low Value
15318.0,312.62,642,1,33,Low Value
15319.0,204.5,175,1,16,Low Value
15320.0,267.13,326,1,36,Low Value
15321.0,6709.73,3653,12,247,High Value
15322.0,1390.86,971,2,77,Medium Value
15323.0,434.6,188,3,29,Low Value
15324.0,140.22,74,1,8,Low Value
15325.0,1601.46,1382,8,164,Medium Value
15326.0,1700.52,1351,5,94,Medium Value
15327.0,208.75,116,1,10,Low Value
15328.0,107.24,88,1,8,Low Value
15329.0,2958.83,1217,11,107,Medium Value
15330.0,714.96,1312,2,10,Low Value
15331.0,767.91,701,3,41,Low Value
15332.0,4892.68,2306,6,115,Medium Value
15333.0,1028.56,344,1,16,Medium Value
15334.0,350.82,273,3,67,Low Value
15335.0,170.22,79,1,34,Low Value
15336.0,240.5,84,1,15,Low Value
15337.0,373.02,200,1,21,Low Value
15338.0,277.93,148,1,56,Low Value
15339.0,1821.02,1138,7,162,Medium Value
15340.0,105.5,76,1,7,Low Value
15341.0,2402.72,1008,2,22,Medium Value
15342.0,406.09,283,1,24,Low Value
15343.0,364.5,84,1,21,Low Value
15344.0,563.94,116,3,21,Low Value
15345.0,393.54,81,1,20,Low Value
15346.0,596.12,260,3,36,Low Value
15347.0,1162.0,542,4,30,Medium Value
15348.0,158.04,84,1,9,Low Value
15349.0,463.91,321,2,66,Low Value
15350.0,547.6,272,2,26,Low Value
15351.0,3430.22,1350,10,206,Medium Value
15352.0,111.15,40,1,34,Low Value
15353.0,2794.47,1391,7,280,Medium Value
15354.0,284.4,3,3,1,Low Value
15355.0,277.05,45,2,9,Low Value
15356.0,3239.57,1892,13,292,Medium Value
15358.0,16425.86,14902,42,399,High Value
15359.0,181.35,145,8,10,Low Value
15360.0,427.93,223,1,13,Low Value
15361.0,689.07,373,4,10,Low Value
15362.0,613.08,368,2,38,Low Value
15363.0,678.11,383,2,32,Low Value
15364.0,913.19,493,2,29,Low Value
15365.0,4557.13,2131,13,134,Medium Value
15366.0,2389.08,2447,7,88,Medium Value
15367.0,5081.33,2944,11,222,High Value
15368.0,722.74,406,2,8,Low Value
15369.0,6251.26,3288,11,44,High Value
15370.0,3739.01,1397,8,90,Medium Value
15371.0,59.4,12,1,1,Low Value
15372.0,6017.06,6410,8,45,High Value
15373.0,3084.54,726,17,111,Medium Value
15374.0,307.32,290,2,8,Low Value
15375.0,60.96,84,1,6,Low Value
15376.0,1221.56,615,3,100,Medium Value
15377.0,1211.75,253,4,15,Medium Value
15378.0,246.5,130,2,8,Low Value
15379.0,4877.84,3000,8,179,Medium Value
15380.0,3248.96,954,11,27,Medium Value
15381.0,1890.57,802,5,20,Medium Value
15382.0,13733.55,9178,12,339,High Value
15384.0,2027.79,1767,4,85,Medium Value
15385.0,942.08,428,3,18,Low Value
15386.0,394.14,446,1,31,Low Value
15387.0,468.65,335,1,20,Low Value
15388.0,140.54,88,1,10,Low Value
15389.0,2733.8,3940,5,2,Medium Value
15390.0,1216.66,894,2,77,Medium Value
15391.0,289.87,109,1,12,Low Value
15392.0,2911.62,2144,7,103,Medium Value
15393.0,891.34,378,5,37,Low Value
15394.0,5286.8,2372,11,135,High Value
15395.0,107.45,17,1,7,Low Value
15396.0,796.38,278,2,16,Low Value
15397.0,94.0,20,1,6,Low Value
15398.0,1345.53,769,2,60,Medium Value
15399.0,815.77,611,3,45,Low Value
15400.0,1302.3,662,8,16,Medium Value
15401.0,216.95,93,2,14,Low Value
15402.0,1830.54,2034,6,79,Medium Value
15403.0,170.88,492,2,6,Low Value
15404.0,257.06,334,1,16,Low Value
15405.0,659.84,348,2,29,Low Value
15406.0,975.87,547,4,109,Low Value
15407.0,1046.74,552,4,142,Medium Value
15408.0,267.18,106,1,34,Low Value
15409.0,131.25,59,1,9,Low Value
15410.0,4685.72,1902,10,84,Medium Value
15411.0,1348.93,529,4,86,Medium Value
15412.0,190.53,108,1,10,Low Value
15413.0,6798.72,2694,5,20,High Value
15414.0,774.9,443,3,37,Low Value
15415.0,559.61,551,1,46,Low Value
15416.0,4572.82,2420,7,191,Medium Value
15417.0,508.8,284,1,28,Low Value
15418.0,449.42,264,2,64,Low Value
15419.0,135.86,230,1,8,Low Value
15420.0,743.0,844,6,52,Low Value
15421.0,3805.34,1927,10,203,Medium Value
15422.0,1619.97,710,7,91,Medium Value
15423.0,266.89,198,3,13,Low Value
15424.0,597.78,873,3,33,Low Value
15425.0,1941.12,1041,4,117,Medium Value
15426.0,2156.35,1041,9,330,Medium Value
15427.0,1430.54,967,3,233,Medium Value
15428.0,762.75,347,4,40,Low Value
15429.0,397.35,380,2,77,Low Value
15430.0,954.75,309,2,36,Low Value
15431.0,153.24,84,1,2,Low Value
15432.0,320.76,92,2,16,Low Value
15433.0,533.3,534,2,40,Low Value
15434.0,2567.06,1423,11,84,Medium Value
15435.0,149.29,54,1,29,Low Value
15436.0,1067.75,574,3,244,Medium Value
15437.0,393.45,177,2,56,Low Value
15438.0,156.58,59,1,25,Low Value
15439.0,1269.05,572,4,49,Medium Value
15440.0,383.68,197,3,50,Low Value
15441.0,1254.21,587,3,45,Medium Value
15442.0,594.0,120,1,2,Low Value
15443.0,5114.23,2699,14,414,High Value
15444.0,1411.21,759,2,191,Medium Value
15445.0,284.5,118,2,12,Low Value
15446.0,399.75,265,3,92,Low Value
15447.0,492.88,228,5,27,Low Value
15448.0,788.81,487,2,49,Low Value
15449.0,974.52,812,3,47,Low Value
15450.0,429.84,376,1,30,Low Value
15451.0,226.86,76,2,56,Low Value
15452.0,1785.11,1087,6,157,Medium Value
15453.0,1371.77,837,7,170,Medium Value
15454.0,305.99,146,2,35,Low Value
15455.0,38.25,3,1,2,Low Value
15456.0,2091.52,2727,10,132,Medium Value
15457.0,237.07,132,1,56,Low Value
15458.0,370.44,300,2,13,Low Value
15459.0,202.83,121,2,6,Low Value
15460.0,214.26,107,1,53,Low Value
15461.0,429.7,230,2,1,Low Value
15462.0,737.05,495,4,32,Low Value
15463.0,126.14,106,1,7,Low Value
15464.0,1044.65,348,1,154,Medium Value
15465.0,12100.4,2638,32,101,High Value
15466.0,1560.46,941,4,217,Medium Value
15467.0,524.88,310,3,41,Low Value
15468.0,1430.48,1400,3,80,Medium Value
15469.0,874.25,287,3,39,Low Value
15470.0,63.42,232,1,4,Low Value
15471.0,1292.01,670,3,123,Medium Value
15472.0,371.56,251,1,76,Low Value
15473.0,2046.0,776,8,5,Medium Value
15474.0,150.35,55,1,19,Low Value
15475.0,454.11,319,1,29,Low Value
15476.0,2209.98,1174,4,67,Medium Value
15477.0,368.4,216,1,2,Low Value
15478.0,1983.48,894,3,54,Medium Value
15479.0,147.4,38,1,9,Low Value
15480.0,6279.0,1852,5,199,High Value
15481.0,1993.34,1450,1,38,Medium Value
15482.0,14417.36,6516,19,76,High Value
15483.0,817.82,905,10,217,Low Value
15484.0,4652.1,4074,6,181,Medium Value
15485.0,4810.92,2153,7,82,Medium Value
15486.0,102.0,40,1,1,Low Value
15487.0,231.32,144,1,14,Low Value
15488.0,431.92,251,5,10,Low Value
15489.0,2419.61,1264,8,75,Medium Value
15490.0,210.85,82,1,22,Low Value
15491.0,3100.09,1646,6,109,Medium Value
15492.0,659.46,483,2,32,Low Value
15493.0,4121.68,1206,9,307,Medium Value
15494.0,3702.6,3052,5,309,Medium Value
15495.0,246.5,194,1,20,Low Value
15496.0,146.14,98,1,22,Low Value
15497.0,8657.39,2937,9,67,High Value
15498.0,24972.86,12134,44,617,High Value
15499.0,158.65,59,1,40,Low Value
15500.0,1131.56,572,4,64,Medium Value
15501.0,399.95,205,2,63,Low Value
15502.0,13003.87,5559,14,239,High Value
15503.0,257.3,130,2,113,Low Value
15504.0,402.7,141,4,42,Low Value
15505.0,3610.96,2390,5,90,Medium Value
15506.0,2030.33,1637,6,182,Medium Value
15507.0,475.86,160,1,41,Low Value
15508.0,1000.27,440,6,78,Medium Value
15509.0,152.41,58,1,26,Low Value
15510.0,250.0,2,1,1,Low Value
15511.0,900.53,269,5,117,Low Value
15512.0,331.58,235,4,29,Low Value
15513.0,26437.05,10477,35,301,High Value
15514.0,6392.06,4087,18,172,High Value
15515.0,171.81,131,1,7,Low Value
15516.0,62.43,27,3,15,Low Value
15517.0,267.03,293,1,27,Low Value
15518.0,4189.99,2810,15,260,Medium Value
15519.0,344.61,116,2,34,Low Value
15520.0,343.5,314,1,18,Low Value
15521.0,7098.24,4507,16,204,High Value
15522.0,397.99,572,2,47,Low Value
15523.0,17259.19,15633,16,75,High Value
15524.0,591.4,28,2,9,Low Value
15525.0,890.22,527,4,152,Low Value
15526.0,148.44,24,2,4,Low Value
15527.0,5554.89,2211,23,229,High Value
15528.0,229.33,123,1,26,Low Value
15529.0,4783.66,4271,12,459,Medium Value
15530.0,1808.68,1328,5,113,Medium Value
15531.0,1972.39,1085,2,196,Medium Value
15532.0,3738.85,1337,10,424,Medium Value
15533.0,807.57,289,3,73,Low Value
15534.0,162.25,63,1,8,Low Value
15535.0,1044.37,314,6,89,Medium Value
15536.0,259.09,242,1,16,Low Value
15537.0,110.92,29,1,24,Low Value
15538.0,3358.4,1016,6,3,Medium Value
15539.0,538.46,410,1,41,Low Value
15540.0,460.68,444,2,31,Low Value
15541.0,85.13,49,1,29,Low Value
15542.0,855.71,418,3,212,Low Value
15543.0,242.26,167,2,50,Low Value
15544.0,7807.89,6745,20,209,High Value
15545.0,288.97,162,2,78,Low Value
15546.0,1079.1,198,2,6,Medium Value
15547.0,10057.05,7278,26,677,High Value
15548.0,158.09,64,1,23,Low Value
15549.0,2334.16,936,8,143,Medium Value
15550.0,2211.05,1139,12,168,Medium Value
15551.0,1679.81,796,7,117,Medium Value
15552.0,252.52,166,2,29,Low Value
15553.0,428.93,449,1,51,Low Value
15554.0,217.2,74,1,14,Low Value
15555.0,11243.91,8511,36,682,High Value
15556.0,279.77,236,1,31,Low Value
15557.0,468.91,213,1,16,Low Value
15558.0,202.68,73,1,23,Low Value
15559.0,1109.4,526,1,62,Medium Value
15560.0,153.52,72,2,10,Low Value
15561.0,1934.39,1334,8,65,Medium Value
15562.0,671.43,560,3,32,Low Value
15563.0,2859.46,3005,7,183,Medium Value
15564.0,70.74,42,2,4,Low Value
15565.0,173.16,60,2,8,Low Value
15566.0,227.87,153,2,9,Low Value
15567.0,186.01,223,1,7,Low Value
15568.0,758.29,461,3,27,Low Value
15569.0,3583.45,1734,10,124,Medium Value
15570.0,8736.49,4079,25,444,High Value
15571.0,3892.35,2411,14,447,Medium Value
15572.0,3965.2,2089,10,260,Medium Value
15573.0,1188.42,770,5,184,Medium Value
15574.0,1101.44,750,6,191,Medium Value
15575.0,30.1,6,1,3,Low Value
15576.0,921.37,394,1,43,Low Value
15577.0,396.03,120,5,58,Low Value
15578.0,127.1,52,1,13,Low Value
15579.0,1250.63,713,5,140,Medium Value
15580.0,1375.39,955,8,155,Medium Value
15581.0,7480.4,3028,38,549,High Value
15582.0,682.91,453,3,39,Low Value
15583.0,95.96,56,1,37,Low Value
15584.0,1268.2,483,6,176,Medium Value
15585.0,455.3,320,1,31,Low Value
15586.0,1139.1,1338,3,30,Medium Value
15587.0,1522.08,528,7,3,Medium Value
15588.0,579.6,96,1,4,Low Value
15589.0,478.53,243,3,28,Low Value
15590.0,1496.6,832,5,75,Medium Value
15591.0,217.9,58,3,6,Low Value
15592.0,388.58,354,1,24,Low Value
15593.0,199.8,60,1,5,Low Value
15594.0,1771.78,983,5,85,Medium Value
15595.0,357.6,144,1,4,Low Value
15596.0,2727.72,1208,9,89,Medium Value
15597.0,563.37,393,2,35,Low Value
15598.0,548.02,404,2,32,Low Value
15599.0,1250.06,1098,3,80,Medium Value
15600.0,1199.31,657,4,55,Medium Value
15601.0,14191.74,10395,30,323,High Value
15602.0,3137.96,2292,16,64,Medium Value
15603.0,88.48,128,2,4,Low Value
15604.0,216.39,159,1,17,Low Value
15605.0,1741.95,641,9,86,Medium Value
15606.0,5230.99,1615,17,85,High Value
15607.0,1708.97,1470,9,95,Medium Value
15608.0,1785.98,1262,5,95,Medium Value
15609.0,298.48,148,1,16,Low Value
15610.0,112.46,66,1,6,Low Value
15611.0,2997.28,747,26,46,Medium Value
15612.0,195.15,52,2,4,Low Value
15613.0,433.72,700,1,27,Low Value
15614.0,3147.36,1632,4,75,Medium Value
15615.0,21373.97,12090,47,315,High Value
15616.0,317.11,137,1,13,Low Value
15617.0,828.55,485,3,41,Low Value
15618.0,776.85,454,4,39,Low Value
15619.0,336.4,136,1,3,Low Value
15620.0,1942.36,1249,4,115,Medium Value
15621.0,1293.03,501,4,12,Medium Value
15622.0,7852.61,4091,17,343,High Value
15623.0,2437.05,1087,8,93,Medium Value
15624.0,588.13,357,4,26,Low Value
15625.0,3236.4,3020,9,106,Medium Value
15626.0,1067.52,1138,3,73,Medium Value
15627.0,566.9,344,2,23,Low Value
15628.0,5333.08,3569,17,146,High Value
15629.0,2240.9,1518,4,43,Medium Value
15630.0,1481.4,987,3,76,Medium Value
15631.0,596.67,525,1,39,Low Value
15632.0,3285.31,2109,8,107,Medium Value
15633.0,4335.96,2048,13,83,Medium Value
15634.0,554.65,227,2,34,Low Value
15635.0,100.35,5,1,2,Low Value
15636.0,1444.58,560,4,40,Medium Value
15637.0,797.59,651,5,37,Low Value
15638.0,2265.2,1134,6,20,Medium Value
15639.0,1065.08,849,3,62,Medium Value
15640.0,23494.31,12140,29,324,High Value
15641.0,5345.55,4422,12,253,High Value
15642.0,105.78,270,1,6,Low Value
15643.0,664.0,246,3,31,Low Value
15644.0,803.54,550,4,166,Low Value
15645.0,1055.17,396,3,60,Medium Value
15646.0,784.81,821,5,65,Low Value
15647.0,169.0,124,1,11,Low Value
15648.0,639.5,218,2,23,Low Value
15649.0,1660.35,365,4,8,Medium Value
15650.0,553.88,210,2,33,Low Value
15651.0,1259.06,871,5,52,Medium Value
15652.0,1405.94,657,5,93,Medium Value
15653.0,877.44,1200,2,4,Low Value
15654.0,922.53,475,2,15,Low Value
15655.0,560.67,324,1,34,Low Value
15656.0,748.5,343,4,46,Low Value
15657.0,30.0,24,1,1,Low Value
15658.0,2117.27,627,8,81,Medium Value
15659.0,532.49,161,3,17,Low Value
15660.0,2603.69,1783,15,80,Medium Value
15661.0,1215.95,779,8,27,Medium Value
15662.0,283.73,145,2,12,Low Value
15663.0,138.14,106,1,9,Low Value
15664.0,1254.03,530,4,54,Medium Value
15665.0,3987.07,2777,5,174,Medium Value
15666.0,632.94,469,2,63,Low Value
15667.0,301.32,240,1,13,Low Value
15668.0,76.32,72,1,1,Low Value
15669.0,684.34,342,4,31,Low Value
15670.0,325.2,132,2,19,Low Value
15671.0,2657.13,1699,7,52,Medium Value
15672.0,45.3,10,1,3,Low Value
15673.0,6204.32,3274,9,181,High Value
15674.0,6948.23,3648,13,270,High Value
15675.0,542.04,624,4,32,Low Value
15676.0,3435.76,2252,3,190,Medium Value
15677.0,1305.63,675,3,64,Medium Value
15678.0,1825.94,1022,3,77,Medium Value
15679.0,781.28,1170,4,98,Low Value
15680.0,4028.69,2743,10,160,Medium Value
15681.0,2989.7,1392,14,49,Medium Value
15682.0,318.24,222,2,25,Low Value
15683.0,524.54,332,2,26,Low Value
15684.0,173.95,77,3,9,Low Value
15685.0,55.98,36,1,17,Low Value
15686.0,90.0,72,1,1,Low Value
15687.0,2993.1,1310,9,120,Medium Value
15688.0,190.57,95,1,26,Low Value
15689.0,521.03,207,3,20,Low Value
15690.0,239.76,408,2,19,Low Value
15691.0,571.3,212,4,12,Low Value
15692.0,191.04,138,1,12,Low Value
15693.0,37.5,30,1,1,Low Value
15694.0,9978.48,2467,24,65,High Value
15695.0,1131.04,484,4,55,Medium Value
15696.0,3881.22,1386,13,165,Medium Value
15697.0,246.75,127,1,14,Low Value
15698.0,46.2,60,1,2,Low Value
15699.0,309.65,113,1,18,Low Value
15700.0,696.68,357,2,85,Low Value
15701.0,1529.0,912,4,193,Medium Value
15702.0,140.39,103,2,30,Low Value
15703.0,211.5,66,1,5,Low Value
15704.0,3734.66,1709,6,134,Medium Value
15705.0,143.1,62,1,6,Low Value
15706.0,1060.56,321,4,50,Medium Value
15707.0,916.98,594,4,127,Low Value
15708.0,3887.15,1465,9,136,Medium Value
15709.0,327.85,169,2,26,Low Value
15710.0,898.87,641,1,110,Low Value
15711.0,420.25,199,2,25,Low Value
15712.0,3472.41,1277,12,96,Medium Value
15713.0,839.64,451,4,48,Low Value
15714.0,783.96,361,5,45,Low Value
15715.0,658.02,246,5,34,Low Value
15716.0,2485.26,1379,11,190,Medium Value
15717.0,607.0,224,5,17,Low Value
15718.0,293.79,95,1,18,Low Value
15719.0,10195.97,5356,31,480,High Value
15720.0,739.22,327,2,152,Low Value
15721.0,471.4,388,1,80,Low Value
15722.0,5234.0,2279,11,91,High Value
15723.0,930.7,427,4,108,Low Value
15724.0,310.85,117,3,17,Low Value
15725.0,415.25,221,1,32,Low Value
15726.0,321.91,123,1,23,Low Value
15727.0,9371.71,5908,15,446,High Value
15728.0,544.6,132,2,10,Low Value
15729.0,192.55,47,3,10,Low Value
15730.0,1726.58,1061,5,102,Medium Value
15731.0,125.3,122,1,8,Low Value
15732.0,1543.97,1264,10,61,Medium Value
15733.0,162.3,62,1,10,Low Value
15734.0,2263.3,516,4,36,Medium Value
15735.0,327.68,206,1,19,Low Value
15736.0,1767.12,1208,2,95,Medium Value
15737.0,1188.12,597,8,60,Medium Value
15738.0,13043.32,9030,41,97,High Value
15739.0,449.12,472,1,8,Low Value
15740.0,154.88,152,1,9,Low Value
15741.0,208.62,70,2,11,Low Value
15742.0,156.87,51,1,41,Low Value
15743.0,775.96,214,4,59,Low Value
15744.0,34.8,120,1,3,Low Value
15745.0,1094.59,421,4,57,Medium Value
15746.0,196.88,178,1,28,Low Value
15747.0,2499.81,1344,9,119,Medium Value
15748.0,609.81,261,3,34,Low Value
15749.0,44534.3,18028,3,5,High Value
15750.0,6452.99,4281,18,403,High Value
15751.0,1380.44,443,11,91,Medium Value
15752.0,3924.91,2792,9,361,Medium Value
15753.0,79.2,144,1,1,Low Value
15754.0,3037.61,1762,9,117,Medium Value
15755.0,5993.12,4034,17,289,High Value
15756.0,528.01,241,4,160,Low Value
15757.0,2940.36,1757,6,164,Medium Value
15758.0,205.25,47,1,9,Low Value
15759.0,830.93,523,7,10,Low Value
15760.0,13916.34,2,2,1,High Value
15761.0,143.05,31,1,5,Low Value
15762.0,583.75,251,2,37,Low Value
15763.0,1086.92,271,2,58,Medium Value
15764.0,4503.08,2945,8,194,Medium Value
15765.0,370.63,335,1,25,Low Value
15766.0,831.06,334,3,21,Low Value
15768.0,15308.89,4215,34,450,High Value
15769.0,88612.52,49068,46,32,High Value
15770.0,321.45,67,1,18,Low Value
15771.0,1006.54,512,3,26,Medium Value
15772.0,280.88,110,1,16,Low Value
15773.0,774.52,410,2,46,Low Value
15774.0,1288.34,465,6,88,Medium Value
15775.0,150.5,260,2,9,Low Value
15776.0,241.62,138,1,18,Low Value
15777.0,1762.61,599,7,29,Medium Value
15778.0,307.95,101,1,17,Low Value
15779.0,124.08,20,2,8,Low Value
15780.0,475.28,220,3,26,Low Value
15781.0,345.46,180,3,20,Low Value
15782.0,4014.1,1844,4,51,Medium Value
15783.0,246.3,212,1,14,Low Value
15784.0,848.33,381,2,39,Low Value
15785.0,5969.93,4479,16,110,High Value
15786.0,8501.62,5957,5,376,High Value
15787.0,933.26,534,3,157,Low Value
15788.0,221.83,115,1,14,Low Value
15789.0,1962.01,2499,6,111,Medium Value
15790.0,218.75,113,1,34,Low Value
15791.0,3608.34,1970,5,130,Medium Value
15792.0,933.84,606,2,57,Low Value
15793.0,2399.57,1685,8,13,Medium Value
15794.0,777.0,288,2,15,Low Value
15795.0,1979.87,1411,8,111,Medium Value
15796.0,5171.63,1733,17,144,High Value
15797.0,2821.08,1281,6,12,Medium Value
15798.0,1535.37,915,3,71,Medium Value
15799.0,1421.34,1341,4,143,Medium Value
15800.0,1227.07,575,7,200,Medium Value
15801.0,1063.95,570,3,61,Medium Value
15802.0,451.42,1,1,1,Low Value
15803.0,1929.66,1030,4,49,Medium Value
15804.0,4206.39,2565,13,170,Medium Value
15805.0,10148.93,6205,30,353,High Value
15806.0,784.58,602,3,24,Low Value
15807.0,1817.52,1532,5,85,Medium Value
15808.0,17180.25,6753,21,365,High Value
15809.0,1274.44,700,7,51,Medium Value
15810.0,2999.04,1653,8,112,Medium Value
15811.0,3486.15,1781,7,205,Medium Value
15812.0,5201.47,3450,12,89,High Value
15813.0,1303.91,603,2,40,Medium Value
15814.0,2634.44,1728,6,83,Medium Value
15815.0,2100.6,1856,5,33,Medium Value
15816.0,144.15,54,2,11,Low Value
15817.0,2766.4,1596,3,132,Medium Value
15818.0,340.5,284,1,11,Low Value
15819.0,3934.79,2928,10,185,Medium Value
15820.0,206.98,128,1,17,Low Value
15821.0,570.96,202,2,57,Low Value
15822.0,1840.06,950,6,46,Medium Value
15823.0,3882.17,1774,3,155,Medium Value
15824.0,890.94,478,2,25,Low Value
15825.0,532.94,220,1,20,Low Value
15826.0,2598.28,1824,4,102,Medium Value
15827.0,3603.14,1715,28,130,Medium Value
15828.0,1108.82,367,1,74,Medium Value
15829.0,636.14,996,2,44,Low Value
15830.0,576.0,415,1,39,Low Value
15831.0,794.64,1092,3,63,Low Value
15832.0,836.79,465,1,54,Low Value
15833.0,80.4,24,1,5,Low Value
15834.0,3764.39,1815,7,333,Medium Value
15835.0,954.09,439,4,47,Low Value
15836.0,137.37,26,1,10,Low Value
15837.0,777.01,405,2,52,Low Value
15838.0,73205.5,64114,34,63,High Value
15839.0,1048.49,675,3,56,Medium Value
15840.0,355.56,396,2,26,Low Value
15841.0,2742.41,2391,9,71,Medium Value
15842.0,548.8,296,2,24,Low Value
15843.0,118.95,27,1,8,Low Value
15844.0,130.74,134,1,11,Low Value
15845.0,4426.28,2128,11,130,Medium Value
15846.0,107.01,79,1,27,Low Value
15847.0,822.57,643,5,39,Low Value
15848.0,137.99,45,1,34,Low Value
15850.0,1006.75,1334,6,271,Medium Value
15851.0,109.73,67,1,8,Low Value
15852.0,257.26,60,3,31,Low Value
15853.0,110.8,135,1,29,Low Value
15854.0,5578.28,1691,21,170,High Value
15855.0,1052.72,712,6,72,Medium Value
15856.0,32275.95,19550,52,399,High Value
15857.0,570.48,584,2,21,Low Value
15858.0,3552.41,2715,13,287,Medium Value
15859.0,438.46,174,1,22,Low Value
15860.0,2361.3,1259,17,252,Medium Value
15861.0,4369.2,3837,12,482,Medium Value
15862.0,2512.29,1520,13,421,Medium Value
15863.0,355.1,162,5,74,Low Value
15864.0,2180.76,1486,7,18,Medium Value
15865.0,2241.42,1141,5,119,Medium Value
15866.0,211.89,124,1,43,Low Value
15867.0,8923.3,5067,31,574,High Value
15868.0,94.53,57,1,4,Low Value
15869.0,321.11,273,3,29,Low Value
15870.0,857.46,504,4,127,Low Value
15871.0,33.1,5,1,5,Low Value
15872.0,729.25,467,4,163,Low Value
15873.0,313.92,1152,4,3,Low Value
15874.0,11284.76,5102,21,267,High Value
15875.0,108.52,74,1,18,Low Value
15876.0,1449.14,886,2,11,Medium Value
15877.0,490.33,368,2,122,Low Value
15878.0,330.77,243,2,47,Low Value
15879.0,1137.8,639,4,172,Medium Value
15880.0,329.03,202,1,95,Low Value
15881.0,501.39,260,5,26,Low Value
15882.0,1124.66,650,8,50,Medium Value
15883.0,396.48,223,2,42,Low Value
15884.0,244.6,152,2,14,Low Value
15885.0,1951.82,622,15,83,Medium Value
15886.0,1052.87,667,4,58,Medium Value
15887.0,1027.15,605,3,27,Medium Value
15888.0,429.16,139,3,33,Low Value
15889.0,1427.6,800,8,257,Medium Value
15890.0,535.65,119,5,10,Low Value
15891.0,511.68,418,1,60,Low Value
15892.0,128.2,46,1,38,Low Value
15893.0,305.28,288,1,1,Low Value
15894.0,258.25,164,2,35,Low Value
15895.0,179.17,94,1,11,Low Value
15897.0,208.59,223,2,17,Low Value
15898.0,4996.45,2160,25,294,Medium Value
15899.0,56.25,39,1,4,Low Value
15900.0,886.57,656,4,100,Low Value
15901.0,687.72,695,7,146,Low Value
15902.0,145.01,124,1,18,Low Value
15903.0,8939.84,3926,12,59,High Value
15904.0,164.68,84,1,30,Low Value
15905.0,114.69,82,1,22,Low Value
15906.0,2530.19,749,10,145,Medium Value
15907.0,882.72,478,3,176,Low Value
15908.0,758.62,173,2,37,Low Value
15909.0,191.94,98,1,7,Low Value
15910.0,2661.17,2158,15,400,Medium Value
15911.0,1700.24,810,8,163,Medium Value
15912.0,1074.7,759,9,83,Medium Value
15913.0,6.3,3,1,1,Low Value
15914.0,205.99,149,2,13,Low Value
15915.0,364.45,414,1,105,Low Value
15916.0,3145.24,1618,13,232,Medium Value
15917.0,530.17,248,5,128,Low Value
15918.0,582.88,240,3,49,Low Value
15919.0,525.69,385,2,104,Low Value
15920.0,569.14,238,9,93,Low Value
15921.0,775.26,335,4,69,Low Value
15922.0,369.5,138,1,11,Low Value
15923.0,127.08,122,1,21,Low Value
15924.0,102.82,103,1,14,Low Value
15925.0,207.15,93,1,12,Low Value
15926.0,134.44,155,1,7,Low Value
15927.0,106.54,66,1,13,Low Value
15928.0,293.53,164,1,11,Low Value
15929.0,594.0,120,1,1,Low Value
15930.0,426.63,139,1,21,Low Value
15931.0,239.9,118,1,14,Low Value
15932.0,2495.87,2325,8,92,Medium Value
15933.0,1107.46,885,3,63,Medium Value
15934.0,2190.66,2166,2,29,Medium Value
15935.0,416.86,115,2,12,Low Value
15936.0,282.79,211,2,16,Low Value
15937.0,145.35,73,1,7,Low Value
15938.0,734.81,449,9,28,Low Value
15939.0,9060.39,6260,16,53,High Value
15940.0,35.8,4,1,1,Low Value
15941.0,405.0,60,1,6,Low Value
15942.0,337.44,232,1,14,Low Value
15943.0,271.29,183,2,12,Low Value
15944.0,2164.24,859,4,26,Medium Value
15945.0,646.27,345,4,24,Low Value
15946.0,2304.18,1614,3,25,Medium Value
15947.0,1708.24,898,1,29,Medium Value
15948.0,1509.09,852,3,63,Medium Value
15949.0,364.72,284,2,12,Low Value
15950.0,7120.91,3354,10,249,High Value
15951.0,1013.17,420,3,46,Medium Value
15952.0,781.91,391,4,66,Low Value
15953.0,3440.34,1741,18,102,Medium Value
15954.0,190.75,119,1,20,Low Value
15955.0,8085.98,3967,22,222,High Value
15956.0,617.6,278,2,18,Low Value
15957.0,921.25,453,3,122,Low Value
15958.0,462.12,154,4,50,Low Value
15959.0,542.89,269,3,58,Low Value
15960.0,410.95,258,4,24,Low Value
15961.0,451.29,154,1,42,Low Value
15962.0,289.48,228,1,43,Low Value
15963.0,470.76,298,2,26,Low Value
15964.0,269.21,93,1,20,Low Value
15965.0,2771.94,1313,13,206,Medium Value
15966.0,426.53,275,1,27,Low Value
15967.0,2966.0,1183,12,322,Medium Value
15968.0,404.55,247,1,69,Low Value
15969.0,1127.05,223,5,31,Medium Value
15970.0,1017.32,498,2,23,Medium Value
15971.0,5902.83,2251,18,13,High Value
15972.0,1769.33,468,5,104,Medium Value
15973.0,680.62,195,3,8,Low Value
15974.0,3442.15,2262,7,141,Medium Value
15975.0,371.01,243,1,24,Low Value
15976.0,1694.41,1053,6,270,Medium Value
15977.0,1054.73,1016,2,48,Medium Value
15978.0,3279.42,2444,3,109,Medium Value
15979.0,329.22,450,1,22,Low Value
15980.0,6543.68,4822,7,101,High Value
15981.0,9362.77,4827,21,160,High Value
15982.0,324.51,131,1,45,Low Value
15983.0,3110.37,1872,8,138,Medium Value
15984.0,8393.02,5730,30,467,High Value
15985.0,2715.28,2750,7,53,Medium Value
15986.0,354.42,368,2,25,Low Value
15987.0,1535.99,1599,8,143,Medium Value
15988.0,738.89,476,3,114,Low Value
15989.0,368.31,169,2,81,Low Value
15990.0,1997.75,1086,7,123,Medium Value
15991.0,150.55,41,1,6,Low Value
15992.0,896.6,514,3,53,Low Value
15993.0,2777.67,2037,7,335,Medium Value
15994.0,1175.68,462,3,93,Medium Value
15995.0,694.54,352,1,108,Low Value
15996.0,1386.4,643,7,140,Medium Value
15998.0,8274.14,5350,16,736,High Value
15999.0,20.4,24,1,1,Low Value
16000.0,12393.7,5110,3,9,High Value
16001.0,583.39,337,1,29,Low Value
16002.0,169.21,70,1,42,Low Value
16003.0,5613.83,2210,10,162,High Value
16004.0,2146.39,1076,5,66,Medium Value
16005.0,2365.49,1269,10,321,Medium Value
16006.0,332.82,205,2,75,Low Value
16007.0,3053.06,2631,7,347,Medium Value
16008.0,5339.13,3237,15,70,High Value
16009.0,972.11,366,4,68,Low Value
16010.0,1694.86,919,11,122,Medium Value
16011.0,5601.01,3323,29,191,High Value
16012.0,2978.59,1760,5,209,Medium Value
16013.0,56078.44,25520,84,55,High Value
16014.0,1100.28,462,5,220,Medium Value
16015.0,704.55,907,3,146,Low Value
16016.0,2083.4,881,11,182,Medium Value
16017.0,1545.58,635,5,100,Medium Value
16018.0,698.13,503,4,49,Low Value
16019.0,17329.16,6959,28,257,High Value
16020.0,851.01,487,3,42,Low Value
16021.0,487.03,276,2,117,Low Value
16022.0,602.63,255,1,68,Low Value
16023.0,719.81,358,3,90,Low Value
16024.0,483.99,504,3,78,Low Value
16025.0,439.66,338,1,28,Low Value
16026.0,236.09,243,1,30,Low Value
16027.0,2048.36,2099,15,20,Medium Value
16028.0,82.2,18,1,5,Low Value
16029.0,117763.62,54450,107,60,High Value
16030.0,331.24,283,1,28,Low Value
16031.0,547.9,421,2,91,Low Value
16032.0,1965.72,1467,6,130,Medium Value
16033.0,10608.81,4200,27,608,High Value
16034.0,911.32,585,6,43,Low Value
16035.0,217.73,33,1,21,Low Value
16036.0,2556.84,1369,4,121,Medium Value
16037.0,1509.34,766,5,64,Medium Value
16038.0,471.78,244,3,24,Low Value
16039.0,456.4,409,2,29,Low Value
16040.0,2416.9,1185,7,98,Medium Value
16041.0,3166.4,1584,3,6,Medium Value
16042.0,2245.32,1430,8,88,Medium Value
16043.0,1856.59,1011,8,57,Medium Value
16044.0,340.84,170,1,19,Low Value
16045.0,3434.93,2108,8,114,Medium Value
16046.0,235.78,248,1,22,Low Value
16047.0,107.14,1,1,1,Low Value
16048.0,818.79,425,4,30,Low Value
16049.0,1852.15,1132,6,385,Medium Value
16050.0,300.7,388,3,19,Low Value
16051.0,188.44,80,1,12,Low Value
16052.0,362.06,282,1,34,Low Value
16053.0,3634.84,3067,6,177,Medium Value
16054.0,2111.88,791,4,113,Medium Value
16055.0,134.8,22,1,8,Low Value
16056.0,650.75,345,1,66,Low Value
16057.0,3854.85,1691,10,189,Medium Value
16058.0,62.7,18,1,2,Low Value
16059.0,3053.57,1431,12,236,Medium Value
16060.0,541.95,243,3,22,Low Value
16061.0,89.65,19,1,3,Low Value
16062.0,2863.45,2035,8,136,Medium Value
16063.0,335.32,262,1,23,Low Value
16064.0,109.31,55,1,17,Low Value
16065.0,1992.13,1207,8,215,Medium Value
16066.0,1521.04,935,5,77,Medium Value
16067.0,3269.11,1236,3,61,Medium Value
16068.0,115.73,48,1,34,Low Value
16069.0,457.7,138,1,25,Low Value
16070.0,852.15,457,2,32,Low Value
16071.0,1076.8,697,4,64,Medium Value
16072.0,4180.09,1580,4,423,Medium Value
16073.0,122.4,48,1,1,Low Value
16074.0,252.5,38,1,23,Low Value
16075.0,736.93,271,2,41,Low Value
16076.0,2234.73,1435,10,71,Medium Value
16077.0,2300.4,840,1,8,Medium Value
16078.0,362.99,200,2,39,Low Value
16079.0,1352.0,864,3,18,Medium Value
16080.0,602.56,298,4,29,Low Value
16081.0,4278.96,2177,8,241,Medium Value
16082.0,106.75,39,1,16,Low Value
16083.0,2351.42,1514,4,63,Medium Value
16084.0,436.18,216,1,38,Low Value
16085.0,2341.03,1382,12,260,Medium Value
16086.0,2687.73,1450,10,68,Medium Value
16087.0,1739.92,664,5,6,Medium Value
16088.0,1437.43,373,2,3,Medium Value
16089.0,263.49,119,2,42,Low Value
16090.0,180.56,58,1,18,Low Value
16091.0,315.06,154,2,16,Low Value
16092.0,1587.94,1188,6,61,Medium Value
16093.0,17.0,20,1,1,Low Value
16094.0,3695.56,2020,11,105,Medium Value
16095.0,447.05,265,1,30,Low Value
16096.0,1584.97,700,4,59,Medium Value
16097.0,185.05,87,1,10,Low Value
16098.0,4010.7,2008,14,86,Medium Value
16099.0,1573.2,960,7,45,Medium Value
16100.0,582.64,438,1,37,Low Value
16101.0,3229.16,1844,4,157,Medium Value
16102.0,1842.14,942,3,41,Medium Value
16103.0,6191.71,2639,22,119,High Value
16104.0,2774.46,1047,9,192,Medium Value
16105.0,2386.19,2125,5,92,Medium Value
16106.0,108.38,74,1,6,Low Value
16107.0,3204.16,1176,7,16,Medium Value
16108.0,2235.92,1473,4,127,Medium Value
16109.0,939.48,1092,3,30,Low Value
16110.0,1781.59,880,4,345,Medium Value
16111.0,549.33,233,1,72,Low Value
16112.0,195.74,574,4,15,Low Value
16113.0,161.38,176,1,30,Low Value
16114.0,135.75,43,1,8,Low Value
16115.0,2553.8,1589,12,244,Medium Value
16116.0,612.78,248,1,34,Low Value
16117.0,654.4,321,3,65,Low Value
16118.0,4376.25,2851,1,41,Medium Value
16119.0,1720.81,811,8,37,Medium Value
16120.0,2967.51,2161,6,84,Medium Value
16121.0,1450.04,879,5,265,Medium Value
16122.0,895.62,1280,6,27,Low Value
16123.0,307.78,170,1,16,Low Value
16124.0,1772.49,797,4,65,Medium Value
16125.0,4292.35,1819,14,181,Medium Value
16126.0,14644.6,6140,15,149,High Value
16127.0,801.31,391,2,75,Low Value
16128.0,3801.05,2445,11,155,Medium Value
16129.0,1396.05,1261,3,92,Medium Value
16130.0,987.48,296,4,53,Low Value
16131.0,9957.42,4768,12,139,High Value
16132.0,664.2,280,2,14,Low Value
16133.0,22992.26,13653,56,307,High Value
16134.0,2145.34,1637,5,88,Medium Value
16135.0,819.45,395,2,35,Low Value
16136.0,946.8,674,4,44,Low Value
16137.0,422.7,210,1,28,Low Value
16138.0,910.35,774,3,35,Low Value
16139.0,1111.15,602,5,47,Medium Value
16140.0,1433.46,1272,3,51,Medium Value
16141.0,955.94,410,2,50,Low Value
16142.0,535.34,422,1,37,Low Value
16143.0,4555.08,1866,12,117,Medium Value
16144.0,175.2,16,1,1,Low Value
16145.0,6805.44,5270,19,221,High Value
16146.0,946.38,544,4,34,Low Value
16147.0,2398.91,1395,5,115,Medium Value
16148.0,386.62,250,2,9,Low Value
16149.0,422.22,598,3,30,Low Value
16150.0,4002.17,1990,10,144,Medium Value
16152.0,1829.04,642,1,29,Medium Value
16153.0,5133.49,3693,11,173,High Value
16155.0,796.9,495,5,45,Low Value
16156.0,6188.18,3205,20,201,High Value
16157.0,656.69,347,3,12,Low Value
16158.0,628.32,182,9,29,Low Value
16159.0,1232.79,635,4,39,Medium Value
16160.0,1025.44,1162,2,20,Medium Value
16161.0,12580.06,6255,43,475,High Value
16162.0,37.4,4,1,2,Low Value
16163.0,2407.98,676,6,59,Medium Value
16164.0,822.48,433,3,27,Low Value
16165.0,79.9,2,1,1,Low Value
16166.0,435.83,173,2,20,Low Value
16167.0,1386.12,1494,5,52,Medium Value
16168.0,10360.67,4975,66,132,High Value
16169.0,1822.97,1325,4,71,Medium Value
16170.0,6869.0,6056,20,267,High Value
16171.0,73.2,24,1,3,Low Value
16172.0,1884.55,1419,8,81,Medium Value
16173.0,1418.32,575,6,70,Medium Value
16174.0,2246.75,1431,7,30,Medium Value
16175.0,1836.44,932,7,59,Medium Value
16176.0,2052.69,952,4,56,Medium Value
16177.0,2247.31,1021,8,80,Medium Value
16178.0,612.6,304,2,24,Low Value
16179.0,215.83,99,1,11,Low Value
16180.0,16249.87,9813,13,182,High Value
16181.0,305.54,152,1,11,Low Value
16182.0,9971.65,5887,9,24,High Value
16183.0,1077.81,351,4,32,Medium Value
16184.0,1158.79,561,6,26,Medium Value
16185.0,644.72,321,3,40,Low Value
16186.0,8718.43,6594,26,183,High Value
16187.0,6911.44,5048,15,160,High Value
16188.0,1087.66,838,5,72,Medium Value
16189.0,215.48,134,2,9,Low Value
16190.0,2723.55,1231,8,92,Medium Value
16191.0,15677.82,9348,24,114,High Value
16192.0,351.3,208,1,11,Low Value
16193.0,630.43,379,2,38,Low Value
16194.0,308.6,140,1,8,Low Value
16195.0,323.25,123,1,16,Low Value
16196.0,93.3,26,1,4,Low Value
16197.0,2016.71,1420,9,52,Medium Value
16198.0,1030.04,384,2,32,Medium Value
16199.0,942.75,321,7,2,Low Value
16200.0,5608.1,3068,12,373,High Value
16201.0,2112.12,1421,5,86,Medium Value
16202.0,2501.99,1307,9,108,Medium Value
16203.0,943.84,537,6,56,Low Value
16204.0,918.71,671,3,85,Low Value
16205.0,1820.11,1452,7,151,Medium Value
16206.0,2589.87,1379,13,188,Medium Value
16207.0,394.38,140,1,19,Low Value
16208.0,3440.45,1541,10,181,Medium Value
16209.0,4146.78,1895,9,52,Medium Value
16210.0,33750.97,12397,35,154,High Value
16211.0,1090.59,519,3,36,Medium Value
16212.0,1293.71,571,4,74,Medium Value
16213.0,159.0,48,1,6,Low Value
16214.0,2038.25,1308,4,87,Medium Value
16215.0,242.35,104,1,14,Low Value
16216.0,914.93,254,1,37,Low Value
16217.0,304.25,91,2,13,Low Value
16218.0,3968.67,2799,13,86,Medium Value
16219.0,40.8,48,1,1,Low Value
16221.0,2019.92,1449,9,177,Medium Value
16222.0,1272.05,463,2,134,Medium Value
16223.0,1087.05,643,2,101,Medium Value
16224.0,1616.54,1555,5,107,Medium Value
16225.0,2859.31,1281,15,195,Medium Value
16226.0,672.17,521,5,23,Low Value
16227.0,1027.22,436,3,28,Medium Value
16228.0,885.71,555,3,45,Low Value
16229.0,2867.86,1292,6,152,Medium Value
16230.0,542.03,365,2,32,Low Value
16231.0,1074.47,563,4,71,Medium Value
16232.0,2712.97,1849,7,61,Medium Value
16233.0,1818.31,677,9,50,Medium Value
16234.0,333.18,170,3,13,Low Value
16235.0,2053.71,788,9,80,Medium Value
16236.0,432.2,184,1,20,Low Value
16237.0,136.65,57,1,7,Low Value
16238.0,63.66,85,1,6,Low Value
16239.0,1492.2,692,6,24,Medium Value
16240.0,3718.8,1641,2,126,Medium Value
16241.0,3992.86,2258,16,508,Medium Value
16242.0,7404.65,3921,14,367,High Value
16243.0,409.1,110,2,49,Low Value
16244.0,1522.75,855,2,88,Medium Value
16245.0,1413.66,1014,3,80,Medium Value
16246.0,821.35,336,2,79,Low Value
16247.0,114.56,182,1,16,Low Value
16248.0,152.94,78,1,7,Low Value
16249.0,1800.07,950,5,67,Medium Value
16250.0,565.24,268,3,29,Low Value
16251.0,128.31,44,1,20,Low Value
16252.0,295.09,158,1,21,Low Value
16253.0,7272.2,6030,7,222,High Value
16254.0,967.44,543,3,65,Low Value
16255.0,4530.0,2876,15,246,Medium Value
16256.0,1629.37,1590,3,28,Medium Value
16257.0,46.95,2,1,2,Low Value
16258.0,11942.52,7200,15,256,High Value
16259.0,340.94,143,3,76,Low Value
16260.0,1035.45,311,1,18,Medium Value
16261.0,1041.16,454,6,116,Medium Value
16262.0,755.15,446,1,46,Low Value
16263.0,348.16,197,1,19,Low Value
16264.0,823.53,616,2,62,Low Value
16265.0,6935.17,3214,12,195,High Value
16266.0,1757.95,791,14,75,Medium Value
16267.0,186.66,198,1,7,Low Value
16268.0,667.65,533,2,45,Low Value
16269.0,717.57,579,1,53,Low Value
16270.0,1141.24,688,1,54,Medium Value
16271.0,3397.82,2359,10,184,Medium Value
16272.0,411.7,224,1,25,Low Value
16273.0,318.34,40,2,15,Low Value
16274.0,351.75,153,1,64,Low Value
16275.0,2151.11,1268,3,107,Medium Value
16276.0,2629.39,1467,3,20,Medium Value
16277.0,188.69,33,1,23,Low Value
16278.0,1117.84,342,3,50,Medium Value
16279.0,5698.28,3683,9,254,High Value
16280.0,238.05,101,1,16,Low Value
16281.0,3424.02,1570,3,29,Medium Value
16282.0,1307.58,790,3,31,Medium Value
16283.0,4350.32,2867,8,397,Medium Value
16284.0,1018.48,674,3,110,Medium Value
16285.0,176.9,60,1,31,Low Value
16286.0,328.95,101,2,17,Low Value
16287.0,1006.98,1426,5,19,Medium Value
16288.0,129.85,19,1,7,Low Value
16289.0,136.31,97,1,21,Low Value
16290.0,1957.7,957,4,85,Medium Value
16291.0,117.72,1,1,1,Low Value
16292.0,1253.76,688,5,52,Medium Value
16293.0,4279.2,1833,15,170,Medium Value
16294.0,126.05,54,1,8,Low Value
16295.0,1328.55,841,4,70,Medium Value
16296.0,1313.67,645,4,56,Medium Value
16297.0,301.9,206,1,20,Low Value
16298.0,1085.7,308,7,32,Medium Value
16299.0,193.65,107,1,12,Low Value
16300.0,1367.32,643,3,193,Medium Value
16301.0,107.33,41,1,6,Low Value
16302.0,233.22,158,1,11,Low Value
16303.0,7928.27,3859,7,161,High Value
16304.0,381.66,228,1,25,Low Value
16305.0,361.22,256,1,22,Low Value
16306.0,1124.72,712,7,55,Medium Value
16307.0,1194.92,1123,3,70,Medium Value
16308.0,5120.0,16000,7,1,High Value
16309.0,706.57,467,2,39,Low Value
16310.0,460.08,270,2,26,Low Value
16311.0,616.26,394,2,35,Low Value
16312.0,171.15,53,1,10,Low Value
16313.0,274.15,165,2,16,Low Value
16314.0,1491.4,636,3,58,Medium Value
16315.0,402.71,143,2,21,Low Value
16316.0,5744.91,3057,13,197,High Value
16317.0,2192.51,1236,5,104,Medium Value
16318.0,328.15,199,1,19,Low Value
16319.0,404.4,72,1,3,Low Value
16320.0,5628.99,3319,6,194,High Value
16321.0,604.55,259,7,16,Low Value
16322.0,326.75,231,2,28,Low Value
16323.0,353.66,146,2,4,Low Value
16324.0,408.59,270,3,100,Low Value
16325.0,3597.5,2464,12,104,Medium Value
16326.0,4721.25,1083,24,256,Medium Value
16327.0,10159.64,8124,16,311,High Value
16328.0,310.83,141,1,16,Low Value
16329.0,1664.92,797,4,83,Medium Value
16330.0,625.38,326,7,107,Low Value
16331.0,2037.7,756,6,33,Medium Value
16332.0,2000.01,1128,11,159,Medium Value
16333.0,26626.8,32184,22,9,High Value
16334.0,263.73,206,1,52,Low Value
16335.0,2753.52,1004,7,199,Medium Value
16336.0,3517.69,1473,4,64,Medium Value
16337.0,151.05,87,1,10,Low Value
16338.0,214.8,94,1,11,Low Value
16339.0,94.05,21,1,17,Low Value
16340.0,1496.24,1319,3,280,Medium Value
16341.0,3850.79,3022,7,111,Medium Value
16342.0,322.41,157,4,10,Low Value
16343.0,614.12,345,3,54,Low Value
16344.0,842.42,706,4,43,Low Value
16345.0,1178.79,611,2,96,Medium Value
16346.0,224.51,289,1,15,Low Value
16347.0,3442.96,1715,11,216,Medium Value
16348.0,1744.42,1164,8,181,Medium Value
16349.0,53.5,9,1,9,Low Value
16350.0,2253.89,1077,9,73,Medium Value
16351.0,3330.03,2165,13,127,Medium Value
16352.0,494.44,300,2,28,Low Value
16353.0,9795.46,3483,38,79,High Value
16354.0,1119.46,592,5,117,Medium Value
16355.0,416.35,179,1,47,Low Value
16356.0,415.87,190,6,27,Low Value
16357.0,868.37,389,4,43,Low Value
16358.0,2919.65,2065,5,119,Medium Value
16359.0,2697.75,1764,16,78,Medium Value
16360.0,3450.41,2110,6,365,Medium Value
16361.0,891.21,418,4,87,Low Value
16362.0,922.16,467,6,69,Low Value
16363.0,109.36,52,1,5,Low Value
16364.0,705.79,279,2,48,Low Value
16365.0,3167.34,1034,15,99,Medium Value
16366.0,1548.13,882,4,74,Medium Value
16367.0,1350.48,1103,3,196,Medium Value
16368.0,621.44,307,3,74,Low Value
16369.0,2656.56,1589,7,116,Medium Value
16370.0,1301.91,640,4,143,Medium Value
16371.0,157.2,108,1,11,Low Value
16372.0,1290.31,722,5,270,Medium Value
16373.0,309.49,119,2,25,Low Value
16374.0,1723.4,771,5,280,Medium Value
16375.0,104.0,74,2,11,Low Value
16376.0,974.96,691,2,104,Low Value
16377.0,1308.48,2928,2,6,Medium Value
16378.0,362.95,267,3,22,Low Value
16379.0,2157.4,1410,4,87,Medium Value
16380.0,1743.15,1428,1,28,Medium Value
16381.0,247.85,108,2,60,Low Value
16382.0,353.1,167,2,43,Low Value
16383.0,2896.69,1596,7,248,Medium Value
16384.0,1358.95,861,4,80,Medium Value
16385.0,881.35,476,5,97,Low Value
16386.0,1068.16,700,3,129,Medium Value
16387.0,882.46,448,5,70,Low Value
16388.0,186.05,83,1,13,Low Value
16389.0,1382.07,1242,4,33,Medium Value
16390.0,467.5,122,3,16,Low Value
16391.0,1052.26,715,4,263,Medium Value
16392.0,756.7,604,3,128,Low Value
16393.0,5297.77,3001,23,328,High Value
16394.0,1555.34,2604,5,62,Medium Value
16395.0,3518.41,2901,14,427,Medium Value
16396.0,137.8,80,1,8,Low Value
16397.0,123.13,43,1,9,Low Value
16398.0,1705.8,758,2,76,Medium Value
16399.0,630.22,452,3,97,Low Value
16400.0,3059.85,2066,9,215,Medium Value
16401.0,6849.15,6035,23,130,High Value
16402.0,293.45,146,2,55,Low Value
16403.0,177.5,114,1,10,Low Value
16404.0,443.05,157,1,23,Low Value
16405.0,167.25,187,2,3,Low Value
16406.0,528.36,257,3,136,Low Value
16407.0,2761.65,1448,14,121,Medium Value
16408.0,231.93,227,1,45,Low Value
16409.0,5652.74,3664,12,359,High Value
16410.0,130.32,348,1,5,Low Value
16411.0,756.39,461,4,139,Low Value
16412.0,593.19,288,5,86,Low Value
16413.0,522.03,283,2,55,Low Value
16414.0,551.21,201,5,60,Low Value
16415.0,696.76,508,3,121,Low Value
16416.0,2957.88,2198,9,146,Medium Value
16417.0,35.7,6,1,1,Low Value
16418.0,1028.74,564,5,121,Medium Value
16419.0,1463.7,701,8,62,Medium Value
16420.0,75.0,120,1,2,Low Value
16421.0,526.27,123,3,35,Low Value
16422.0,61920.87,64225,109,127,High Value
16423.0,346.12,230,1,18,Low Value
16424.0,443.06,212,2,11,Low Value
16425.0,302.7,199,1,21,Low Value
16426.0,1863.76,1215,10,211,Medium Value
16427.0,241.06,156,2,8,Low Value
16428.0,638.49,575,3,121,Low Value
16429.0,284.55,9,1,2,Low Value
16430.0,1117.94,307,7,20,Medium Value
16431.0,623.28,442,3,51,Low Value
16432.0,287.4,276,1,8,Low Value
16433.0,384.52,214,2,33,Low Value
16434.0,2673.69,1310,12,128,Medium Value
16435.0,1003.07,608,3,118,Medium Value
16436.0,319.14,227,3,37,Low Value
16437.0,301.25,197,2,17,Low Value
16438.0,798.35,463,5,73,Low Value
16439.0,310.7,74,1,9,Low Value
16440.0,3856.97,2108,6,203,Medium Value
16441.0,1019.13,478,5,68,Medium Value
16442.0,891.98,580,5,233,Low Value
16443.0,162.24,96,1,1,Low Value
16444.0,3625.88,1945,17,220,Medium Value
16445.0,583.16,287,4,143,Low Value
16446.0,168472.5,80997,2,3,High Value
16447.0,727.1,315,3,61,Low Value
16448.0,361.12,176,2,45,Low Value
16449.0,707.69,367,2,40,Low Value
16450.0,1505.73,681,3,36,Medium Value
16451.0,1013.15,524,3,62,Medium Value
16452.0,332.17,199,2,14,Low Value
16453.0,251.71,139,2,15,Low Value
16454.0,30.95,9,4,4,Low Value
16455.0,3995.57,2851,11,112,Medium Value
16456.0,6000.94,3296,13,246,High Value
16457.0,208.36,140,1,9,Low Value
16458.0,5690.89,3395,30,95,High Value
16459.0,71.79,59,1,5,Low Value
16460.0,811.23,876,3,128,Low Value
16461.0,1545.83,933,3,224,Medium Value
16462.0,136.0,16,3,1,Low Value
16463.0,1422.4,1163,4,74,Medium Value
16464.0,1298.66,952,3,152,Medium Value
16465.0,746.24,504,2,45,Low Value
16466.0,3767.09,1777,15,212,Medium Value
16467.0,2869.16,7384,7,14,Medium Value
16468.0,787.52,371,3,39,Low Value
16469.0,803.9,332,5,167,Low Value
16470.0,2416.85,1335,11,289,Medium Value
16471.0,1189.98,670,4,49,Medium Value
16472.0,789.6,252,2,39,Low Value
16473.0,470.83,296,4,26,Low Value
16474.0,1810.65,909,7,237,Medium Value
16475.0,544.3,319,4,23,Low Value
16476.0,350.35,187,1,24,Low Value
16477.0,4094.37,2507,11,178,Medium Value
16478.0,331.0,224,3,15,Low Value
16479.0,300.83,102,2,35,Low Value
16480.0,769.29,455,1,51,Low Value
16481.0,453.38,201,1,16,Low Value
16482.0,220.62,346,1,18,Low Value
16483.0,139.35,44,1,19,Low Value
16484.0,404.3,200,2,25,Low Value
16485.0,2287.19,1153,5,128,Medium Value
16486.0,134.36,24,1,7,Low Value
16487.0,209.4,163,2,28,Low Value
16488.0,498.8,728,3,28,Low Value
16489.0,303.7,38,2,4,Low Value
16490.0,205.41,113,1,13,Low Value
16491.0,1533.16,1060,2,86,Medium Value
16492.0,385.56,235,1,23,Low Value
16493.0,2132.09,1988,7,80,Medium Value
16494.0,826.53,675,1,47,Low Value
16495.0,648.26,328,3,78,Low Value
16496.0,2330.77,1764,6,120,Medium Value
16497.0,6695.28,3050,23,242,High Value
16498.0,100.97,45,2,15,Low Value
16499.0,2578.34,1364,8,105,Medium Value
16500.0,843.91,386,9,24,Low Value
16501.0,1191.23,628,1,181,Medium Value
16502.0,258.55,220,2,41,Low Value
16503.0,3614.34,1535,11,170,Medium Value
16504.0,465.88,510,1,76,Low Value
16505.0,777.6,576,1,4,Low Value
16506.0,90.3,42,2,3,Low Value
16507.0,142.71,111,1,37,Low Value
16508.0,240.95,103,1,42,Low Value
16509.0,363.7,64,1,13,Low Value
16510.0,1777.5,930,6,94,Medium Value
16511.0,1760.49,769,6,238,Medium Value
16513.0,874.59,407,4,33,Low Value
16515.0,3179.06,1573,10,185,Medium Value
16516.0,101.7,58,1,6,Low Value
16517.0,162.7,96,1,17,Low Value
16518.0,959.37,524,4,63,Low Value
16519.0,439.06,150,4,32,Low Value
16520.0,2148.38,1045,6,257,Medium Value
16521.0,1140.11,1014,3,212,Medium Value
16522.0,433.36,212,2,16,Low Value
16523.0,11916.33,4979,28,195,High Value
16524.0,306.19,259,2,51,Low Value
16525.0,24151.3,14430,48,128,High Value
16526.0,717.21,279,2,33,Low Value
16527.0,1232.94,708,2,66,Medium Value
16528.0,244.41,171,1,17,Low Value
16529.0,1986.8,739,4,90,Medium Value
16530.0,48.35,17,1,3,Low Value
16531.0,2298.33,1863,11,109,Medium Value
16532.0,8756.64,2544,5,2,High Value
16533.0,1082.81,611,3,112,Medium Value
16534.0,635.9,168,1,36,Low Value
16535.0,972.04,664,3,67,Low Value
16536.0,548.12,250,1,49,Low Value
16537.0,23.35,59,1,3,Low Value
16538.0,395.07,254,3,35,Low Value
16539.0,3289.66,1014,10,83,Medium Value
16540.0,205.75,105,1,25,Low Value
16541.0,424.03,173,1,38,Low Value
16542.0,257.32,142,2,13,Low Value
16543.0,292.21,317,1,18,Low Value
16544.0,376.7,150,4,8,Low Value
16545.0,689.82,322,2,6,Low Value
16546.0,5307.07,4211,5,77,High Value
16547.0,104.26,108,1,25,Low Value
16548.0,30.15,6,1,6,Low Value
16549.0,12781.8,7087,34,887,High Value
16550.0,8813.58,5405,18,307,High Value
16551.0,2237.12,2076,7,68,Medium Value
16552.0,379.73,219,2,17,Low Value
16553.0,16584.01,16427,33,196,High Value
16554.0,2841.72,1346,8,112,Medium Value
16555.0,1915.68,1816,6,59,Medium Value
16556.0,8012.58,4353,17,298,High Value
16557.0,281.85,111,2,11,Low Value
16558.0,13304.11,7813,38,391,High Value
16559.0,175.0,61,1,17,Low Value
16560.0,3048.38,1603,8,150,Medium Value
16561.0,511.12,244,2,29,Low Value
16562.0,223.86,264,1,34,Low Value
16563.0,4412.56,2584,6,56,Medium Value
16564.0,87.8,40,1,5,Low Value
16565.0,773.05,211,4,7,Low Value
16566.0,614.66,362,5,14,Low Value
16567.0,865.6,996,2,34,Low Value
16568.0,1020.9,366,2,5,Medium Value
16569.0,1455.23,988,5,27,Medium Value
16570.0,7434.31,4292,20,119,High Value
16571.0,4248.74,3703,10,153,Medium Value
16572.0,1009.6,532,3,40,Medium Value
16573.0,663.61,360,2,40,Low Value
16574.0,1301.78,1002,3,86,Medium Value
16576.0,540.87,323,2,32,Low Value
16577.0,380.0,142,1,23,Low Value
16578.0,156.6,108,1,9,Low Value
16579.0,295.05,119,1,14,Low Value
16581.0,105.84,134,1,9,Low Value
16582.0,313.62,164,1,6,Low Value
16583.0,297.95,153,2,18,Low Value
16584.0,3156.17,1913,5,62,Medium Value
16585.0,341.59,151,2,16,Low Value
16586.0,1462.78,348,3,27,Medium Value
16587.0,225.15,71,1,13,Low Value
16588.0,1361.28,882,4,67,Medium Value
16589.0,612.36,536,4,41,Low Value
16590.0,605.9,240,2,26,Low Value
16591.0,213.5,41,1,10,Low Value
16592.0,7807.91,5504,28,235,High Value
16593.0,1071.14,377,8,58,Medium Value
16594.0,181.09,64,1,53,Low Value
16595.0,1757.75,1331,5,345,Medium Value
16596.0,458.98,180,4,23,Low Value
16597.0,90.04,184,1,7,Low Value
16598.0,145.05,73,1,10,Low Value
16599.0,172.8,159,1,12,Low Value
16600.0,2153.41,2420,13,106,Medium Value
16601.0,677.0,391,3,60,Low Value
16602.0,763.33,429,2,38,Low Value
16603.0,482.47,480,2,34,Low Value
16604.0,432.45,175,2,10,Low Value
16605.0,60.48,144,1,1,Low Value
16606.0,357.66,148,2,16,Low Value
16607.0,5706.87,4436,25,216,High Value
16608.0,1286.62,612,2,94,Medium Value
16609.0,5493.46,2420,7,158,High Value
16610.0,75.66,66,1,6,Low Value
16611.0,1785.13,874,6,87,Medium Value
16612.0,3245.43,1419,9,107,Medium Value
16613.0,618.59,293,1,30,Low Value
16614.0,1179.79,349,3,44,Medium Value
16615.0,291.5,211,1,19,Low Value
16616.0,500.42,370,2,31,Low Value
16617.0,151.85,91,1,5,Low Value
16618.0,2647.59,1363,5,79,Medium Value
16619.0,1938.33,1055,4,105,Medium Value
16620.0,1758.93,1146,6,81,Medium Value
16621.0,813.48,302,4,22,Low Value
16622.0,225.4,44,1,12,Low Value
16623.0,1015.24,442,4,44,Medium Value
16624.0,810.57,488,2,44,Low Value
16625.0,1654.03,1057,5,82,Medium Value
16626.0,4413.1,2690,17,87,Medium Value
16627.0,322.8,162,1,20,Low Value
16628.0,2318.1,1260,7,84,Medium Value
16629.0,408.63,489,2,58,Low Value
16630.0,106.8,72,1,4,Low Value
16631.0,1892.52,775,7,50,Medium Value
16632.0,406.4,256,2,23,Low Value
16633.0,2883.1,1138,6,115,Medium Value
16634.0,1649.81,1257,6,73,Medium Value
16635.0,473.0,277,1,25,Low Value
16636.0,3802.04,2186,4,63,Medium Value
16637.0,1154.47,927,4,66,Medium Value
16638.0,2380.13,1627,15,132,Medium Value
16639.0,1747.98,751,4,76,Medium Value
16640.0,179.4,146,1,13,Low Value
16641.0,554.5,454,2,36,Low Value
16642.0,1077.45,775,3,50,Medium Value
16643.0,923.11,553,2,48,Low Value
16644.0,833.78,826,2,62,Low Value
16645.0,160.39,117,1,14,Low Value
16646.0,678.8,1072,1,29,Low Value
16647.0,541.9,396,4,28,Low Value
16648.0,672.8,503,3,37,Low Value
16649.0,306.58,82,1,20,Low Value
16650.0,1916.11,1511,7,71,Medium Value
16651.0,136.2,60,1,6,Low Value
16652.0,17550.39,7477,16,133,High Value
16653.0,1212.66,733,2,67,Medium Value
16654.0,1484.07,640,8,65,Medium Value
16655.0,6423.26,3938,13,412,High Value
16656.0,16833.17,15433,30,23,High Value
16657.0,874.43,1130,4,158,Low Value
16658.0,690.83,277,6,49,Low Value
16659.0,39.12,72,1,2,Low Value
16660.0,1879.55,991,7,20,Medium Value
16661.0,932.76,364,4,50,Low Value
16662.0,151.05,35,1,28,Low Value
16663.0,165.0,100,1,1,Low Value
16664.0,109.2,24,1,8,Low Value
16665.0,135.4,59,1,9,Low Value
16666.0,217.71,354,2,41,Low Value
16667.0,567.18,236,2,52,Low Value
16668.0,862.42,773,13,28,Low Value
16669.0,1348.88,881,3,141,Medium Value
16670.0,8030.15,4534,20,287,High Value
16671.0,1692.27,875,3,3,Medium Value
16672.0,8134.94,2832,20,22,High Value
16673.0,171.13,95,1,19,Low Value
16674.0,304.24,181,2,89,Low Value
16675.0,608.86,296,2,21,Low Value
16676.0,2361.9,927,6,108,Medium Value
16677.0,880.62,457,2,45,Low Value
16678.0,3109.99,2397,12,93,Medium Value
16679.0,663.31,247,3,15,Low Value
16680.0,821.45,377,3,25,Low Value
16681.0,1921.84,1492,7,23,Medium Value
16682.0,1028.0,1040,5,15,Medium Value
16683.0,320.25,190,1,18,Low Value
16684.0,147142.77,104810,55,202,High Value
16685.0,324.24,396,2,60,Low Value
16686.0,4881.07,3419,16,575,Medium Value
16687.0,157.63,141,1,8,Low Value
16688.0,1260.86,804,4,52,Medium Value
16689.0,422.6,330,2,12,Low Value
16690.0,353.03,209,4,12,Low Value
16691.0,178.83,92,2,11,Low Value
16692.0,1914.7,878,4,3,Medium Value
16693.0,1179.48,658,5,151,Medium Value
16694.0,98.3,26,1,3,Low Value
16695.0,191.9,184,2,30,Low Value
16696.0,657.9,146,4,7,Low Value
16697.0,112.75,27,1,20,Low Value
16698.0,1998.0,840,2,4,Medium Value
16699.0,994.6,640,7,51,Low Value
16700.0,8830.77,6644,25,280,High Value
16701.0,9916.73,11046,26,166,High Value
16702.0,1110.83,692,4,84,Medium Value
16704.0,664.16,433,2,50,Low Value
16705.0,43515.05,22302,42,425,High Value
16706.0,531.35,249,3,108,Low Value
16707.0,533.41,396,4,64,Low Value
16708.0,656.63,285,1,27,Low Value
16709.0,9056.01,3261,14,228,High Value
16710.0,5921.35,4174,22,560,High Value
16711.0,2868.48,1212,9,26,Medium Value
16712.0,4232.87,2074,13,303,Medium Value
16713.0,14115.56,8482,32,592,High Value
16714.0,1497.33,828,4,96,Medium Value
16715.0,625.52,1174,2,27,Low Value
16716.0,2149.68,912,3,7,Medium Value
16717.0,6663.68,3145,14,280,High Value
16718.0,3006.08,1924,5,126,Medium Value
16719.0,3513.62,2356,14,210,Medium Value
16720.0,758.74,460,3,131,Low Value
16721.0,292.47,172,1,37,Low Value
16722.0,8189.56,7986,22,160,High Value
16723.0,1231.36,958,4,108,Medium Value
16724.0,147.35,69,1,17,Low Value
16725.0,1688.26,700,14,243,Medium Value
16726.0,2063.88,1323,7,151,Medium Value
16727.0,1377.77,1066,4,161,Medium Value
16728.0,1048.28,671,4,219,Medium Value
16729.0,7205.33,5722,21,239,High Value
16730.0,743.11,994,3,75,Low Value
16731.0,170.3,124,1,40,Low Value
16732.0,4387.64,2414,4,203,Medium Value
16733.0,259.68,112,1,12,Low Value
16734.0,646.76,345,3,44,Low Value
16735.0,6217.41,4240,14,183,High Value
16736.0,2956.56,1050,5,117,Medium Value
16737.0,835.2,576,2,1,Low Value
16738.0,3.75,3,1,1,Low Value
16739.0,786.43,391,2,33,Low Value
16740.0,226.91,110,1,30,Low Value
16741.0,173.06,81,1,11,Low Value
16742.0,2799.87,2558,14,51,Medium Value
16743.0,4212.15,3707,14,120,Medium Value
16744.0,1291.91,798,7,198,Medium Value
16745.0,7180.7,6719,17,150,High Value
16746.0,18046.75,11900,42,415,High Value
16747.0,836.06,583,2,35,Low Value
16748.0,3637.33,2127,14,65,Medium Value
16749.0,4157.88,1910,2,54,Medium Value
16750.0,623.93,214,5,74,Low Value
16751.0,1764.72,1031,1,24,Medium Value
16752.0,207.5,54,1,9,Low Value
16753.0,223.92,189,1,34,Low Value
16754.0,65500.07,63551,29,38,High Value
16755.0,2864.68,1985,7,226,Medium Value
16756.0,1312.37,707,7,64,Medium Value
16757.0,270.48,180,2,13,Low Value
16758.0,369.34,203,1,22,Low Value
16759.0,789.79,609,3,40,Low Value
16760.0,228.0,168,1,17,Low Value
16761.0,316.62,341,1,13,Low Value
16762.0,1207.24,480,3,51,Medium Value
16763.0,964.7,492,2,44,Low Value
16764.0,2790.95,1253,13,210,Medium Value
16765.0,454.75,311,2,52,Low Value
16766.0,1145.6,536,2,17,Medium Value
16767.0,8056.76,7102,15,210,High Value
16768.0,1698.57,774,9,108,Medium Value
16769.0,1117.05,295,4,76,Medium Value
16770.0,1778.93,1052,9,203,Medium Value
16771.0,3949.6,2308,10,310,Medium Value
16772.0,3698.05,687,3,57,Medium Value
16773.0,421.24,252,3,54,Low Value
16774.0,1567.48,774,8,92,Medium Value
16775.0,2820.84,957,16,134,Medium Value
16776.0,592.51,435,2,105,Low Value
16777.0,1292.18,470,5,126,Medium Value
16778.0,245.94,194,2,16,Low Value
16779.0,32809.03,19411,53,330,High Value
16780.0,596.4,352,3,75,Low Value
16781.0,623.0,192,2,38,Low Value
16782.0,9636.12,4027,38,614,High Value
16783.0,391.95,163,1,25,Low Value
16784.0,892.33,494,5,140,Low Value
16785.0,533.78,313,1,35,Low Value
16786.0,51.84,72,1,1,Low Value
16787.0,1017.53,472,4,102,Medium Value
16788.0,1928.93,965,5,359,Medium Value
16789.0,80.8,32,1,5,Low Value
16790.0,1545.62,898,6,88,Medium Value
16791.0,3957.63,1854,15,408,Medium Value
16792.0,623.46,324,5,91,Low Value
16793.0,243.84,146,1,16,Low Value
16794.0,2052.7,1576,15,259,Medium Value
16795.0,2062.41,1214,3,308,Medium Value
16796.0,305.62,186,1,18,Low Value
16797.0,1802.02,898,5,304,Medium Value
16798.0,841.16,205,3,141,Low Value
16799.0,452.78,162,2,80,Low Value
16800.0,1162.65,524,1,148,Medium Value
16801.0,1594.23,493,4,72,Medium Value
16802.0,582.61,369,2,48,Low Value
16803.0,332.3,245,1,24,Low Value
16804.0,536.99,246,3,59,Low Value
16805.0,1091.34,1120,5,214,Medium Value
16806.0,762.16,356,4,68,Low Value
16807.0,2123.88,1433,6,113,Medium Value
16808.0,288.42,196,2,21,Low Value
16809.0,1727.43,1093,9,124,Medium Value
16810.0,842.04,372,2,34,Low Value
16811.0,547.07,477,2,26,Low Value
16812.0,2392.0,1116,4,99,Medium Value
16813.0,1652.18,1501,10,250,Medium Value
16814.0,11924.85,4844,36,252,High Value
16815.0,406.02,237,2,66,Low Value
16816.0,417.06,274,4,28,Low Value
16817.0,2560.7,1401,13,107,Medium Value
16818.0,3349.57,2164,11,172,Medium Value
16819.0,182.59,253,2,17,Low Value
16820.0,497.61,307,1,26,Low Value
16821.0,113.35,13,1,7,Low Value
16822.0,181.39,171,1,11,Low Value
16823.0,2243.09,1166,7,150,Medium Value
16824.0,686.24,390,3,34,Low Value
16825.0,1826.89,1297,5,50,Medium Value
16826.0,341.7,158,1,22,Low Value
16827.0,392.13,125,5,10,Low Value
16828.0,128.5,59,2,8,Low Value
16829.0,513.32,215,2,26,Low Value
16830.0,1207.5,699,4,66,Medium Value
16831.0,91.8,48,1,6,Low Value
16832.0,417.61,179,5,19,Low Value
16833.0,2409.04,878,6,87,Medium Value
16834.0,898.96,760,2,42,Low Value
16835.0,1456.66,496,6,59,Medium Value
16836.0,782.37,539,4,42,Low Value
16837.0,3170.98,1563,11,123,Medium Value
16838.0,1159.61,509,4,53,Medium Value
16839.0,21758.25,11295,44,141,High Value
16840.0,139.85,117,2,9,Low Value
16841.0,4006.06,3478,12,187,Medium Value
16842.0,1264.19,693,3,47,Medium Value
16843.0,19571.43,18502,35,335,High Value
16844.0,614.34,281,2,26,Low Value
16845.0,253.88,167,1,20,Low Value
16846.0,842.41,517,3,47,Low Value
16847.0,614.89,255,2,37,Low Value
16848.0,1411.62,780,4,76,Medium Value
16849.0,124.57,33,1,8,Low Value
16850.0,332.41,249,1,19,Low Value
16851.0,342.45,271,3,17,Low Value
16852.0,144.91,56,2,9,Low Value
16854.0,1408.96,997,2,72,Medium Value
16855.0,328.4,164,2,19,Low Value
16856.0,358.49,171,3,17,Low Value
16857.0,352.8,168,1,11,Low Value
16858.0,4292.59,1423,10,88,Medium Value
16859.0,1932.41,1899,7,90,Medium Value
16860.0,1610.62,625,3,35,Medium Value
16861.0,946.59,616,5,40,Low Value
16862.0,662.33,513,4,34,Low Value
16863.0,834.27,640,3,43,Low Value
16864.0,409.25,283,2,17,Low Value
16865.0,130.95,157,1,15,Low Value
16866.0,207.74,60,3,10,Low Value
16867.0,76.74,58,1,6,Low Value
16868.0,384.56,112,3,47,Low Value
16869.0,817.12,583,4,113,Low Value
16870.0,450.16,278,1,28,Low Value
16871.0,2812.34,1253,6,131,Medium Value
16872.0,1213.13,1079,6,12,Medium Value
16873.0,14617.39,8601,12,265,High Value
16874.0,209.89,78,1,31,Low Value
16875.0,4234.53,2099,11,171,Medium Value
16876.0,136.01,181,1,32,Low Value
16877.0,846.62,458,6,111,Low Value
16878.0,13.3,12,1,3,Low Value
16880.0,1813.21,904,8,129,Medium Value
16881.0,432.0,600,1,1,Low Value
16882.0,705.12,424,3,39,Low Value
16883.0,2246.06,1016,19,159,Medium Value
16884.0,1070.97,520,4,63,Medium Value
16885.0,684.6,358,4,121,Low Value
16886.0,134.0,48,1,8,Low Value
16887.0,658.17,423,3,95,Low Value
16888.0,434.2,145,3,43,Low Value
16889.0,2526.65,1611,6,166,Medium Value
16890.0,285.41,243,3,17,Low Value
16891.0,1727.94,652,11,341,Medium Value
16892.0,754.75,367,7,120,Low Value
16893.0,249.89,117,2,80,Low Value
16894.0,1306.96,503,3,186,Medium Value
16895.0,1102.9,421,5,138,Medium Value
16896.0,103.95,18,1,18,Low Value
16897.0,289.78,73,2,37,Low Value
16898.0,885.21,695,5,224,Low Value
16899.0,1695.77,811,8,102,Medium Value
16900.0,887.11,833,3,78,Low Value
16901.0,204.26,42,1,23,Low Value
16902.0,1706.88,629,1,43,Medium Value
16903.0,1041.75,717,3,149,Medium Value
16904.0,4675.36,2607,21,481,Medium Value
16905.0,4706.77,1913,17,175,Medium Value
16906.0,1410.92,590,7,180,Medium Value
16907.0,1470.89,451,9,109,Medium Value
16908.0,252.59,61,1,20,Low Value
16909.0,379.14,436,1,18,Low Value
16910.0,1508.96,884,8,318,Medium Value
16911.0,255.25,161,2,30,Low Value
16912.0,4460.51,1689,15,138,Medium Value
16913.0,423.91,229,3,18,Low Value
16914.0,183.76,112,1,25,Low Value
16915.0,1543.18,190,11,54,Medium Value
16916.0,902.02,649,4,180,Low Value
16917.0,1851.88,792,2,45,Medium Value
16918.0,3206.54,2066,16,291,Medium Value
16919.0,4909.66,2333,24,236,Medium Value
16920.0,355.45,81,1,23,Low Value
16921.0,409.21,275,3,78,Low Value
16922.0,611.08,281,1,122,Low Value
16923.0,13157.13,6190,32,454,High Value
16924.0,829.89,467,3,69,Low Value
16925.0,125.65,123,1,18,Low Value
16926.0,1169.61,197,5,63,Medium Value
16927.0,543.05,993,3,5,Low Value
16928.0,3897.53,2587,29,135,Medium Value
16929.0,1295.39,929,7,51,Medium Value
16930.0,378.89,339,3,47,Low Value
16931.0,5032.22,3357,23,469,High Value
16932.0,412.55,217,3,117,Low Value
16933.0,3099.3,1533,9,216,Medium Value
16934.0,2083.14,936,6,130,Medium Value
16935.0,530.86,273,3,55,Low Value
16936.0,548.29,339,2,125,Low Value
16937.0,196.25,123,1,49,Low Value
16938.0,6995.36,5041,9,575,High Value
16939.0,433.85,229,3,38,Low Value
16940.0,6427.66,4503,8,389,High Value
16941.0,33.0,12,1,2,Low Value
16942.0,1904.99,805,9,161,Medium Value
16943.0,1299.49,147,5,24,Medium Value
16944.0,101.36,27,1,7,Low Value
16945.0,8548.16,5889,33,249,High Value
16946.0,1222.04,509,5,69,Medium Value
16947.0,955.21,655,5,51,Low Value
16948.0,868.77,2091,7,22,Low Value
16949.0,1286.27,791,6,57,Medium Value
16950.0,3541.77,2432,10,112,Medium Value
16951.0,1277.75,1318,3,73,Medium Value
16952.0,795.83,343,5,77,Low Value
16953.0,20.8,10,1,1,Low Value
16954.0,6081.88,4086,20,88,High Value
16955.0,1120.31,723,6,39,Medium Value
16956.0,308.74,114,1,16,Low Value
16957.0,416.64,172,2,15,Low Value
16958.0,778.49,514,1,69,Low Value
16959.0,117.35,49,1,7,Low Value
16960.0,1990.88,1492,8,340,Medium Value
16961.0,794.56,482,3,52,Low Value
16962.0,251.04,158,1,15,Low Value
16963.0,110.55,35,1,7,Low Value
16964.0,207.85,49,2,6,Low Value
16965.0,201.19,291,1,26,Low Value
16966.0,2154.97,1981,7,8,Medium Value
16967.0,319.02,333,1,21,Low Value
16968.0,439.43,326,2,31,Low Value
16969.0,650.41,816,3,42,Low Value
16970.0,71.4,12,1,2,Low Value
16971.0,357.21,72,1,40,Low Value
16972.0,749.0,183,2,57,Low Value
16973.0,127.0,60,1,6,Low Value
16974.0,365.5,70,2,5,Low Value
16975.0,926.12,586,3,44,Low Value
16976.0,251.52,88,1,2,Low Value
16977.0,496.0,142,4,25,Low Value
16978.0,768.88,285,3,65,Low Value
16979.0,2859.74,1451,9,83,Medium Value
16980.0,1422.83,990,3,91,Medium Value
16982.0,384.06,182,1,22,Low Value
16983.0,3490.53,2315,11,152,Medium Value
16984.0,10350.53,5127,9,701,High Value
16985.0,10923.16,3103,23,142,High Value
16986.0,4888.75,2539,11,66,Medium Value
16987.0,2521.4,671,11,164,Medium Value
16988.0,382.67,158,2,20,Low Value
16989.0,1133.25,1233,6,8,Medium Value
16990.0,344.0,200,2,1,Low Value
16991.0,1041.21,793,1,74,Medium Value
16992.0,5476.5,2061,13,217,High Value
16993.0,1950.95,285,2,20,Medium Value
16996.0,2123.61,919,9,33,Medium Value
16997.0,702.0,360,3,8,Low Value
16998.0,402.0,104,5,2,Low Value
16999.0,484.82,294,2,21,Low Value
17000.0,406.3,305,2,26,Low Value
17001.0,6640.8,3782,19,113,High Value
17002.0,2571.55,1265,7,65,Medium Value
17003.0,828.21,494,4,91,Low Value
17004.0,2324.36,1233,4,49,Medium Value
17005.0,622.36,691,2,14,Low Value
17006.0,1635.27,572,8,104,Medium Value
17007.0,1120.1,717,7,64,Medium Value
17008.0,81.36,24,1,1,Low Value
17009.0,242.06,336,1,10,Low Value
17010.0,195.36,118,1,11,Low Value
17011.0,671.7,792,3,27,Low Value
17012.0,360.61,251,1,34,Low Value
17014.0,583.43,243,3,63,Low Value
17015.0,1838.61,1978,3,183,Medium Value
17016.0,552.4,309,1,41,Low Value
17017.0,12576.99,9397,29,131,High Value
17018.0,2287.7,456,6,30,Medium Value
17019.0,3602.29,2396,11,365,Medium Value
17020.0,935.62,860,2,67,Low Value
17021.0,1182.22,992,6,35,Medium Value
17022.0,260.0,180,2,16,Low Value
17023.0,800.18,530,3,48,Low Value
17024.0,95.85,69,3,2,Low Value
17025.0,1349.67,885,5,31,Medium Value
17026.0,175.83,107,3,4,Low Value
17027.0,1310.63,645,9,126,Medium Value
17028.0,1593.83,856,3,85,Medium Value
17029.0,2137.3,1265,7,23,Medium Value
17030.0,146.87,146,1,11,Low Value
17031.0,2773.85,1595,6,38,Medium Value
17032.0,2984.32,1667,8,186,Medium Value
17033.0,1332.79,871,4,34,Medium Value
17034.0,1276.42,694,5,49,Medium Value
17035.0,613.59,327,4,29,Low Value
17036.0,176.9,76,1,12,Low Value
17037.0,1267.32,656,1,75,Medium Value
17038.0,743.17,535,2,61,Low Value
17039.0,1954.99,689,1,44,Medium Value
17040.0,463.25,189,2,15,Low Value
17041.0,1655.2,1303,6,99,Medium Value
17042.0,1036.58,990,5,74,Medium Value
17043.0,2593.65,1616,8,176,Medium Value
17044.0,11962.3,5722,12,96,High Value
17045.0,827.68,294,5,44,Low Value
17046.0,1906.07,1636,5,79,Medium Value
17047.0,2289.23,1184,6,119,Medium Value
17048.0,2071.68,1068,7,88,Medium Value
17049.0,9942.53,4273,19,323,High Value
17050.0,4648.59,2432,11,193,Medium Value
17051.0,706.49,507,4,115,Low Value
17052.0,399.09,251,1,72,Low Value
17053.0,498.48,122,1,13,Low Value
17054.0,1356.33,804,5,65,Medium Value
17055.0,232.85,83,1,24,Low Value
17056.0,128.6,26,1,8,Low Value
17057.0,294.74,129,1,48,Low Value
17058.0,1179.89,592,3,51,Medium Value
17059.0,4864.57,3107,9,372,Medium Value
17060.0,234.24,216,1,5,Low Value
17061.0,5232.23,1526,11,57,High Value
17062.0,889.75,644,6,82,Low Value
17063.0,3638.53,1899,13,164,Medium Value
17064.0,855.45,316,3,53,Low Value
17065.0,194.7,82,2,6,Low Value
17066.0,228.34,93,1,17,Low Value
17067.0,454.54,322,3,8,Low Value
17068.0,8987.68,4351,47,275,High Value
17069.0,5517.23,3230,14,220,High Value
17070.0,437.42,232,2,102,Low Value
17071.0,3793.71,1934,13,144,Medium Value
17072.0,273.35,212,1,20,Low Value
17073.0,1446.09,759,4,142,Medium Value
17074.0,203.05,19,1,4,Low Value
17075.0,2236.63,785,10,165,Medium Value
17076.0,1242.75,514,6,32,Medium Value
17077.0,306.0,36,1,1,Low Value
17078.0,378.2,788,2,28,Low Value
17079.0,118.8,24,1,2,Low Value
17080.0,957.53,569,7,26,Low Value
17081.0,949.39,381,6,166,Low Value
17082.0,4732.03,2526,6,124,Medium Value
17083.0,4049.79,1955,9,53,Medium Value
17084.0,5001.21,3178,3,263,High Value
17085.0,7847.67,3583,28,415,High Value
17086.0,2050.08,1859,6,76,Medium Value
17087.0,221.53,113,1,12,Low Value
17088.0,1991.01,868,4,98,Medium Value
17089.0,128.45,35,1,4,Low Value
17090.0,3080.18,1344,13,55,Medium Value
17091.0,7495.75,3732,19,253,High Value
17092.0,5511.41,3768,11,278,High Value
17093.0,235.88,114,1,13,Low Value
17094.0,402.2,212,2,18,Low Value
17095.0,2572.25,1695,7,116,Medium Value
17096.0,3697.93,1559,11,164,Medium Value
17097.0,1143.36,582,9,182,Medium Value
17098.0,591.07,125,3,12,Low Value
17099.0,582.17,317,1,40,Low Value
17100.0,971.74,800,2,65,Low Value
17101.0,2507.05,1175,7,55,Medium Value
17102.0,25.5,2,1,1,Low Value
17103.0,424.3,471,1,32,Low Value
17104.0,474.03,149,1,19,Low Value
17105.0,665.78,693,2,80,Low Value
17106.0,481.58,153,1,51,Low Value
17107.0,16052.72,7530,10,407,High Value
17108.0,174.95,31,1,9,Low Value
17109.0,1291.71,788,8,124,Medium Value
17110.0,499.9,136,3,38,Low Value
17111.0,459.58,581,2,44,Low Value
17112.0,197.57,130,1,44,Low Value
17113.0,2305.59,913,6,124,Medium Value
17114.0,801.12,215,8,86,Low Value
17115.0,2761.49,885,7,104,Medium Value
17116.0,389.78,392,1,47,Low Value
17117.0,116.2,68,1,9,Low Value
17118.0,157.02,154,1,10,Low Value
17119.0,606.91,334,2,35,Low Value
17120.0,307.46,120,1,18,Low Value
17121.0,314.74,106,1,12,Low Value
17122.0,570.5,368,4,23,Low Value
17123.0,977.17,676,3,37,Low Value
17124.0,294.24,129,1,31,Low Value
17125.0,230.5,281,1,34,Low Value
17126.0,2016.43,1426,9,295,Medium Value
17127.0,1155.03,340,5,29,Medium Value
17128.0,157.09,76,1,14,Low Value
17129.0,31.85,5,1,2,Low Value
17131.0,2463.17,983,5,78,Medium Value
17132.0,1220.91,963,2,62,Medium Value
17133.0,14622.33,10107,12,22,High Value
17134.0,625.3,144,3,31,Low Value
17135.0,1722.18,1686,10,101,Medium Value
17136.0,231.68,256,1,14,Low Value
17137.0,1099.81,680,6,126,Medium Value
17138.0,4417.27,2024,7,236,Medium Value
17139.0,19566.76,9853,25,491,High Value
17140.0,454.12,296,1,16,Low Value
17141.0,727.58,423,4,138,Low Value
17142.0,1275.25,322,4,78,Medium Value
17143.0,880.97,314,2,82,Low Value
17144.0,984.57,483,2,42,Low Value
17145.0,3120.91,2591,4,168,Medium Value
17146.0,5852.64,2188,13,167,High Value
17147.0,3199.95,1308,9,100,Medium Value
17148.0,124.88,82,1,9,Low Value
17149.0,143.1,18,1,6,Low Value
17150.0,1357.95,397,6,66,Medium Value
17151.0,231.9,42,1,4,Low Value
17152.0,2016.5,577,4,9,Medium Value
17153.0,213.78,104,1,14,Low Value
17154.0,329.34,490,1,23,Low Value
17155.0,892.46,987,7,44,Low Value
17156.0,591.87,391,1,39,Low Value
17157.0,5151.9,2092,19,79,High Value
17158.0,1980.0,1147,5,78,Medium Value
17159.0,2099.59,1348,5,118,Medium Value
17160.0,10209.16,8390,17,230,High Value
17161.0,856.01,537,1,52,Low Value
17162.0,1715.46,1001,10,82,Medium Value
17163.0,699.78,531,4,27,Low Value
17164.0,2467.35,1501,7,92,Medium Value
17165.0,1794.32,788,6,81,Medium Value
17166.0,206.34,78,2,11,Low Value
17167.0,867.11,429,3,64,Low Value
17168.0,400.2,220,1,21,Low Value
17169.0,1156.73,671,3,64,Medium Value
17170.0,178.68,152,2,8,Low Value
17171.0,384.59,225,2,25,Low Value
17172.0,956.57,1215,3,39,Low Value
17173.0,3766.6,1122,8,36,Medium Value
17174.0,59.9,41,1,4,Low Value
17175.0,1443.69,866,4,42,Medium Value
17176.0,902.32,576,3,38,Low Value
17177.0,119.5,40,1,29,Low Value
17178.0,432.96,100,1,31,Low Value
17179.0,1507.26,625,6,95,Medium Value
17180.0,2236.77,1809,11,196,Medium Value
17181.0,309.85,268,3,28,Low Value
17182.0,321.3,54,2,4,Low Value
17183.0,3347.31,1296,6,42,Medium Value
17184.0,198.41,73,2,14,Low Value
17185.0,229.46,119,3,38,Low Value
17186.0,144.0,200,2,1,Low Value
17187.0,467.71,426,2,21,Low Value
17188.0,4592.93,2569,13,138,Medium Value
17189.0,953.63,601,5,102,Low Value
17190.0,1726.57,2218,7,161,Medium Value
17191.0,4310.34,2208,15,273,Medium Value
17192.0,75.28,45,1,20,Low Value
17193.0,2310.04,1668,9,29,Medium Value
17194.0,812.5,420,3,57,Low Value
17195.0,562.98,486,1,31,Low Value
17196.0,327.75,154,1,84,Low Value
17197.0,1013.01,191,1,29,Medium Value
17198.0,692.22,357,3,89,Low Value
17199.0,135.04,232,1,8,Low Value
17200.0,356.71,367,4,25,Low Value
17201.0,1143.1,1004,4,154,Medium Value
17202.0,160.65,55,1,8,Low Value
17203.0,5564.09,4597,10,197,High Value
17204.0,5504.69,2651,9,119,High Value
17205.0,999.35,2214,3,28,Low Value
17206.0,204.24,76,1,7,Low Value
17207.0,292.62,233,1,55,Low Value
17208.0,111.15,101,1,21,Low Value
17209.0,595.7,723,3,36,Low Value
17210.0,251.72,242,1,47,Low Value
17211.0,3773.35,2141,13,224,Medium Value
17212.0,794.41,727,3,29,Low Value
17213.0,4869.4,2087,13,140,Medium Value
17214.0,1059.12,272,6,79,Medium Value
17215.0,186.15,104,1,11,Low Value
17216.0,63.6,21,1,13,Low Value
17217.0,210.1,93,2,27,Low Value
17218.0,3891.39,2066,18,248,Medium Value
17219.0,259.13,188,2,43,Low Value
17220.0,4457.31,2663,21,425,Medium Value
17221.0,976.62,713,5,116,Low Value
17222.0,1579.51,857,6,94,Medium Value
17223.0,558.04,155,3,62,Low Value
17224.0,100.86,65,1,8,Low Value
17225.0,131.15,36,1,5,Low Value
17226.0,895.47,853,3,54,Low Value
17227.0,1878.93,1681,12,59,Medium Value
17228.0,2820.03,2354,13,217,Medium Value
17229.0,318.76,185,2,39,Low Value
17230.0,9388.49,3753,18,146,High Value
17231.0,7064.8,3681,25,520,High Value
17232.0,417.77,202,2,30,Low Value
17233.0,560.86,298,3,57,Low Value
17234.0,149.89,55,1,14,Low Value
17235.0,1562.98,845,8,51,Medium Value
17236.0,1929.26,804,12,123,Medium Value
17237.0,994.13,414,4,76,Low Value
17238.0,7331.67,3555,32,523,High Value
17239.0,1189.45,515,4,18,Medium Value
17240.0,130.6,108,1,7,Low Value
17241.0,2736.64,859,12,120,Medium Value
17242.0,2889.28,1459,5,51,Medium Value
17243.0,20203.58,7932,69,378,High Value
17244.0,1826.04,1419,5,109,Medium Value
17245.0,371.63,307,2,24,Low Value
17246.0,38.92,36,2,6,Low Value
17247.0,280.09,105,1,53,Low Value
17248.0,500.54,276,2,96,Low Value
17249.0,68.03,79,1,27,Low Value
17250.0,381.97,167,2,55,Low Value
17251.0,798.98,377,3,65,Low Value
17252.0,348.91,192,2,86,Low Value
17253.0,178.26,43,1,18,Low Value
17254.0,469.48,397,3,129,Low Value
17255.0,781.7,583,4,163,Low Value
17256.0,498.93,299,5,20,Low Value
17257.0,189.78,187,2,14,Low Value
17258.0,417.3,188,2,47,Low Value
17259.0,1452.39,844,6,179,Medium Value
17260.0,120.95,23,1,6,Low Value
17261.0,221.59,95,1,43,Low Value
17262.0,2488.76,635,11,12,Medium Value
17263.0,63.44,36,1,23,Low Value
17264.0,268.28,217,1,70,Low Value
17265.0,550.01,389,2,106,Low Value
17266.0,501.72,243,5,99,Low Value
17267.0,317.2,158,2,37,Low Value
17268.0,1733.89,1395,11,26,Medium Value
17269.0,491.81,314,1,110,Low Value
17270.0,601.45,420,2,45,Low Value
17271.0,204.3,113,1,46,Low Value
17272.0,2148.63,1778,4,71,Medium Value
17273.0,141.12,133,1,12,Low Value
17274.0,573.22,271,2,76,Low Value
17275.0,114.1,71,1,23,Low Value
17276.0,502.49,187,1,50,Low Value
17277.0,1065.35,430,2,67,Medium Value
17278.0,271.24,195,2,17,Low Value
17279.0,187.83,48,1,8,Low Value
17280.0,118.86,74,1,6,Low Value
17281.0,797.85,295,6,3,Low Value
17282.0,2308.54,2332,5,171,Medium Value
17283.0,188.46,179,1,15,Low Value
17284.0,2788.06,2069,8,286,Medium Value
17285.0,407.94,134,2,41,Low Value
17286.0,389.18,368,3,89,Low Value
17287.0,3826.86,1955,21,286,Medium Value
17288.0,2468.43,1699,11,234,Medium Value
17289.0,2041.8,1237,9,203,Medium Value
17290.0,1487.96,1139,8,186,Medium Value
17291.0,550.8,72,1,1,Low Value
17292.0,271.75,131,2,14,Low Value
17293.0,3750.63,2228,17,149,Medium Value
17294.0,467.79,297,2,17,Low Value
17295.0,547.0,293,3,53,Low Value
17296.0,338.13,216,1,32,Low Value
17297.0,128.18,65,1,49,Low Value
17298.0,954.26,852,5,62,Low Value
17299.0,993.23,919,6,97,Low Value
17300.0,393.64,467,2,37,Low Value
17301.0,294.39,216,2,107,Low Value
17302.0,1135.63,575,5,68,Medium Value
17303.0,250.04,144,1,53,Low Value
17304.0,111.5,73,1,5,Low Value
17305.0,2135.46,1006,1,9,Medium Value
17306.0,9782.35,13747,21,18,High Value
17307.0,3999.89,3667,11,22,Medium Value
17308.0,4511.76,5148,2,5,Medium Value
17309.0,320.39,181,3,33,Low Value
17310.0,1025.1,402,2,1,Medium Value
17311.0,3566.56,2755,6,124,Medium Value
17312.0,644.3,372,3,11,Low Value
17313.0,2328.84,1402,1,24,Medium Value
17314.0,4904.43,3663,17,202,Medium Value
17315.0,9599.58,5088,43,386,High Value
17316.0,124.45,44,1,35,Low Value
17317.0,2600.34,1146,3,8,Medium Value
17318.0,157.33,59,1,17,Low Value
17319.0,29.1,14,1,3,Low Value
17320.0,2444.85,1182,6,96,Medium Value
17321.0,1665.21,790,6,241,Medium Value
17322.0,922.59,631,5,115,Low Value
17323.0,1551.04,1426,12,179,Medium Value
17324.0,2171.07,1485,12,122,Medium Value
17325.0,609.57,465,3,39,Low Value
17326.0,312.35,136,2,82,Low Value
17327.0,152.35,59,2,3,Low Value
17328.0,104.7,86,1,6,Low Value
17329.0,998.53,430,5,83,Low Value
17330.0,423.8,122,4,7,Low Value
17331.0,175.2,16,1,1,Low Value
17332.0,838.27,794,5,82,Low Value
17333.0,494.25,375,1,28,Low Value
17334.0,635.15,566,3,20,Low Value
17335.0,497.04,210,2,34,Low Value
17336.0,81.12,48,1,1,Low Value
17337.0,1981.06,1247,4,419,Medium Value
17338.0,11889.33,5780,17,606,High Value
17339.0,302.36,172,3,10,Low Value
17340.0,19617.95,9497,18,331,High Value
17341.0,1272.21,831,5,200,Medium Value
17342.0,1227.54,521,4,31,Medium Value
17343.0,1259.94,454,6,62,Medium Value
17344.0,457.36,200,2,64,Low Value
17345.0,1586.63,2008,10,174,Medium Value
17346.0,4998.61,3439,26,534,Medium Value
17347.0,228.96,216,1,1,Low Value
17348.0,2442.29,2766,9,327,Medium Value
17349.0,772.41,772,5,74,Low Value
17350.0,1893.7,1178,7,126,Medium Value
17351.0,1988.23,383,12,51,Medium Value
17352.0,36.25,15,1,5,Low Value
17353.0,3242.0,2168,4,9,Medium Value
17354.0,3133.96,2531,4,85,Medium Value
17355.0,273.31,249,1,28,Low Value
17356.0,946.47,925,5,74,Low Value
17357.0,384.39,152,2,41,Low Value
17358.0,861.01,430,5,126,Low Value
17359.0,284.46,237,2,36,Low Value
17360.0,1200.51,624,6,189,Medium Value
17361.0,871.79,380,5,51,Low Value
17362.0,1024.04,549,7,103,Medium Value
17363.0,920.46,499,3,34,Low Value
17364.0,11972.92,7464,28,518,High Value
17365.0,8184.49,8015,15,406,High Value
17366.0,1077.24,504,2,123,Medium Value
17367.0,167.55,149,1,33,Low Value
17368.0,2758.29,2319,14,197,Medium Value
17369.0,979.2,1152,1,1,Low Value
17370.0,446.18,540,4,31,Low Value
17371.0,655.37,281,6,135,Low Value
17372.0,4347.31,1863,28,426,Medium Value
17373.0,1167.5,738,7,69,Medium Value
17374.0,727.11,155,3,34,Low Value
17375.0,660.55,480,4,77,Low Value
17376.0,453.64,244,4,41,Low Value
17377.0,17644.27,7335,78,528,High Value
17378.0,10.95,1,1,1,Low Value
17379.0,389.72,623,1,71,Low Value
17380.0,645.0,252,3,5,Low Value
17381.0,36398.65,42879,38,51,High Value
17382.0,902.28,457,8,16,Low Value
17383.0,304.09,160,2,51,Low Value
17384.0,507.55,121,3,15,Low Value
17385.0,256.11,197,1,42,Low Value
17386.0,2812.77,1955,7,32,Medium Value
17387.0,746.81,522,2,71,Low Value
17388.0,2675.37,2555,11,41,Medium Value
17389.0,57215.33,17880,61,68,High Value
17390.0,149.3,49,1,12,Low Value
17391.0,508.8,480,2,2,Low Value
17392.0,585.92,450,3,66,Low Value
17393.0,381.15,238,2,45,Low Value
17394.0,203.87,241,1,4,Low Value
17395.0,97.5,66,1,3,Low Value
17396.0,8409.6,2313,14,29,High Value
17397.0,1198.28,691,3,132,Medium Value
17398.0,653.38,310,3,30,Low Value
17400.0,4623.28,2185,8,354,Medium Value
17401.0,114.85,34,1,11,Low Value
17402.0,4635.56,1450,23,106,Medium Value
17403.0,382.87,188,2,45,Low Value
17404.0,47781.12,50679,23,134,High Value
17405.0,1031.41,726,3,77,Medium Value
17406.0,4186.95,1847,13,157,Medium Value
17407.0,552.9,426,1,23,Low Value
17408.0,316.09,163,3,7,Low Value
17409.0,7793.51,4089,10,54,High Value
17410.0,1214.72,616,5,58,Medium Value
17411.0,1425.38,608,5,69,Medium Value
17412.0,4220.22,2554,16,167,Medium Value
17413.0,560.14,302,2,10,Low Value
17414.0,2249.52,6256,6,6,Medium Value
17415.0,507.84,114,1,14,Low Value
17416.0,17298.45,8769,22,342,High Value
17417.0,164.18,76,1,16,Low Value
17418.0,670.06,521,3,40,Low Value
17419.0,6126.25,2884,18,205,High Value
17420.0,953.58,446,6,43,Low Value
17421.0,1059.41,807,3,46,Medium Value
17422.0,3594.76,3538,11,149,Medium Value
17423.0,1118.95,790,3,39,Medium Value
17425.0,759.17,407,2,42,Low Value
17426.0,8077.77,5187,13,260,High Value
17427.0,100.8,34,1,2,Low Value
17428.0,31466.76,17356,45,448,High Value
17429.0,1357.46,1286,5,80,Medium Value
17430.0,622.57,455,4,30,Low Value
17431.0,403.3,292,1,41,Low Value
17432.0,1728.99,1008,9,218,Medium Value
17433.0,569.96,305,2,82,Low Value
17434.0,2373.82,1693,7,100,Medium Value
17435.0,331.35,195,1,15,Low Value
17436.0,534.06,178,5,8,Low Value
17437.0,369.68,283,1,52,Low Value
17438.0,1422.77,553,5,57,Medium Value
17439.0,325.74,370,1,8,Low Value
17440.0,323.58,282,4,4,Low Value
17441.0,293.35,245,1,21,Low Value
17442.0,4620.3,3134,15,190,Medium Value
17443.0,534.24,504,1,1,Low Value
17444.0,2940.04,2119,3,131,Medium Value
17446.0,120.9,198,2,6,Low Value
17447.0,541.53,443,2,33,Low Value
17448.0,14523.67,11534,46,570,High Value
17449.0,4868.15,2483,13,296,Medium Value
17450.0,244784.25,83914,51,159,High Value
17451.0,1721.4,1203,7,84,Medium Value
17453.0,486.72,219,2,19,Low Value
17454.0,1547.94,727,10,103,Medium Value
17455.0,131.7,66,1,8,Low Value
17456.0,975.56,508,2,59,Low Value
17457.0,5984.81,2695,14,30,High Value
17458.0,529.58,282,2,81,Low Value
17459.0,657.3,537,2,88,Low Value
17460.0,2157.97,954,16,96,Medium Value
17461.0,735.82,770,3,104,Low Value
17462.0,675.69,227,2,25,Low Value
17463.0,2535.26,1480,7,242,Medium Value
17464.0,907.14,608,3,35,Low Value
17465.0,2542.79,1477,7,106,Medium Value
17466.0,763.28,306,2,41,Low Value
17467.0,102.6,20,1,4,Low Value
17468.0,194.8,184,3,8,Low Value
17469.0,5051.25,2304,17,180,High Value
17470.0,2626.47,2731,11,113,Medium Value
17471.0,321.65,153,1,19,Low Value
17472.0,922.35,551,4,183,Low Value
17473.0,607.0,270,2,33,Low Value
17474.0,1047.0,200,1,6,Medium Value
17475.0,194.37,178,1,14,Low Value
17476.0,489.86,224,2,29,Low Value
17477.0,1144.3,225,2,44,Medium Value
17478.0,1272.8,516,2,40,Medium Value
17479.0,389.26,266,1,18,Low Value
17480.0,882.23,581,2,50,Low Value
17481.0,1255.59,1061,4,69,Medium Value
17482.0,775.64,240,2,50,Low Value
17483.0,591.73,265,4,23,Low Value
17484.0,209.57,339,2,14,Low Value
17486.0,396.87,191,1,24,Low Value
17487.0,160.55,37,1,8,Low Value
17488.0,336.5,136,1,18,Low Value
17489.0,376.64,428,2,28,Low Value
17490.0,2750.5,1531,9,94,Medium Value
17491.0,5653.67,3362,17,109,High Value
17492.0,1122.42,450,3,32,Medium Value
17493.0,100.91,62,1,8,Low Value
17494.0,54.7,26,1,3,Low Value
17495.0,806.72,367,3,38,Low Value
17496.0,1412.89,675,4,55,Medium Value
17497.0,287.25,59,2,7,Low Value
17498.0,272.22,394,1,17,Low Value
17499.0,1341.39,1086,2,69,Medium Value
17500.0,1138.0,17,3,3,Medium Value
17501.0,288.6,160,2,18,Low Value
17502.0,689.1,376,4,25,Low Value
17503.0,558.96,486,2,36,Low Value
17504.0,9490.17,5420,18,247,High Value
17505.0,2435.48,1242,5,83,Medium Value
17506.0,302.2,139,1,14,Low Value
17507.0,605.58,359,2,79,Low Value
17508.0,4579.23,2891,8,201,Medium Value
17509.0,6083.64,3512,8,75,High Value
17510.0,514.56,422,2,28,Low Value
17511.0,172132.87,117174,60,737,High Value
17512.0,5467.82,5434,18,115,High Value
17513.0,1158.8,440,3,18,Medium Value
17514.0,522.0,284,2,75,Low Value
17515.0,1602.51,527,9,101,Medium Value
17516.0,947.5,522,6,150,Low Value
17517.0,153.94,102,1,11,Low Value
17518.0,329.42,267,2,72,Low Value
17519.0,4774.17,3230,15,149,Medium Value
17520.0,546.81,365,1,30,Low Value
17521.0,1278.06,806,5,66,Medium Value
17522.0,1070.71,1034,5,59,Medium Value
17523.0,652.74,872,4,25,Low Value
17524.0,539.14,362,3,37,Low Value
17525.0,1161.9,338,3,19,Medium Value
17526.0,3939.24,1442,12,68,Medium Value
17527.0,939.37,488,4,45,Low Value
17528.0,3628.5,2138,8,183,Medium Value
17529.0,1240.25,790,2,78,Medium Value
17530.0,2791.69,1741,12,363,Medium Value
17531.0,1266.82,472,3,54,Medium Value
17532.0,65.34,30,1,4,Low Value
17533.0,34.8,24,1,1,Low Value
17534.0,1668.83,860,5,76,Medium Value
17535.0,164.4,136,1,13,Low Value
17536.0,364.83,201,3,16,Low Value
17537.0,887.67,699,2,74,Low Value
17538.0,98.42,134,1,9,Low Value
17539.0,1176.84,708,4,132,Medium Value
17540.0,1590.6,588,6,41,Medium Value
17541.0,119.86,44,1,31,Low Value
17542.0,340.85,323,3,57,Low Value
17543.0,120.05,62,1,13,Low Value
17544.0,944.82,410,3,80,Low Value
17545.0,1409.86,682,6,204,Medium Value
17547.0,727.85,223,2,24,Low Value
17548.0,731.26,494,4,22,Low Value
17549.0,148.86,210,2,5,Low Value
17550.0,2506.64,968,9,252,Medium Value
17551.0,290.34,142,1,39,Low Value
17552.0,2786.77,1951,12,82,Medium Value
17553.0,3757.6,2288,4,2,Medium Value
17554.0,1952.45,1763,5,58,Medium Value
17555.0,1045.74,739,5,222,Medium Value
17556.0,300.67,184,2,13,Low Value
17557.0,575.46,310,4,28,Low Value
17558.0,259.17,54,1,28,Low Value
17559.0,167.62,270,1,12,Low Value
17560.0,1895.8,1588,8,37,Medium Value
17561.0,703.02,381,4,166,Low Value
17562.0,1122.38,817,7,49,Medium Value
17563.0,392.38,256,2,27,Low Value
17564.0,454.01,146,3,38,Low Value
17565.0,131.83,67,1,30,Low Value
17566.0,869.77,497,2,113,Low Value
17567.0,4838.08,2908,9,130,Medium Value
17568.0,374.45,275,1,61,Low Value
17569.0,344.14,159,1,29,Low Value
17570.0,100.0,1,1,1,Low Value
17571.0,1630.91,991,5,291,Medium Value
17572.0,652.21,327,10,14,Low Value
17573.0,380.6,308,3,24,Low Value
17574.0,185.65,77,1,8,Low Value
17575.0,171.7,72,1,5,Low Value
17576.0,8711.95,4583,41,420,High Value
17577.0,348.75,179,2,20,Low Value
17578.0,1047.33,529,7,57,Medium Value
17579.0,753.28,375,4,89,Low Value
17580.0,541.02,223,5,78,Low Value
17581.0,17951.17,9519,43,432,High Value
17582.0,1446.95,603,5,95,Medium Value
17583.0,135.95,55,1,7,Low Value
17584.0,5309.42,2464,6,91,High Value
17585.0,2064.71,2510,7,301,Medium Value
17586.0,167.4,68,1,8,Low Value
17587.0,176.71,67,1,42,Low Value
17588.0,2939.55,1379,7,43,Medium Value
17589.0,13837.94,8704,18,627,High Value
17590.0,1468.02,822,3,162,Medium Value
17591.0,2339.32,1028,8,94,Medium Value
17592.0,148.3,38,1,13,Low Value
17593.0,8092.32,5595,11,318,High Value
17594.0,2497.88,1368,4,75,Medium Value
17595.0,386.69,228,2,68,Low Value
17596.0,4491.46,7010,13,278,Medium Value
17597.0,3484.09,2215,5,111,Medium Value
17598.0,409.98,126,1,10,Low Value
17599.0,52.05,11,1,3,Low Value
17600.0,161.67,144,1,13,Low Value
17601.0,413.08,295,2,69,Low Value
17602.0,7354.43,5880,14,463,High Value
17603.0,1788.38,638,4,103,Medium Value
17604.0,942.38,614,6,143,Low Value
17605.0,160.75,71,1,13,Low Value
17606.0,87.3,42,1,6,Low Value
17607.0,333.81,269,1,22,Low Value
17608.0,488.06,528,4,134,Low Value
17609.0,1887.9,1321,11,320,Medium Value
17610.0,1511.94,893,5,114,Medium Value
17611.0,8337.53,5341,28,736,High Value
17612.0,5394.86,3521,18,232,High Value
17613.0,4544.55,2490,14,211,Medium Value
17614.0,386.32,235,1,97,Low Value
17615.0,721.8,378,6,47,Low Value
17616.0,734.4,288,4,1,Low Value
17617.0,385.19,249,1,18,Low Value
17618.0,4001.64,1798,11,218,Medium Value
17619.0,214.37,124,1,71,Low Value
17620.0,81.44,60,1,4,Low Value
17621.0,3175.12,1110,6,62,Medium Value
17622.0,1130.21,379,2,19,Medium Value
17623.0,2365.77,799,7,134,Medium Value
17624.0,1568.63,958,4,93,Medium Value
17625.0,5978.9,3505,8,449,High Value
17626.0,254.0,202,1,18,Low Value
17627.0,296.36,676,1,9,Low Value
17628.0,75.75,79,1,5,Low Value
17629.0,2455.52,1903,10,129,Medium Value
17630.0,503.6,158,2,24,Low Value
17631.0,998.49,591,7,68,Low Value
17633.0,2057.39,899,7,84,Medium Value
17634.0,2358.59,838,9,209,Medium Value
17635.0,1265.58,770,3,63,Medium Value
17636.0,285.56,182,1,20,Low Value
17637.0,547.06,280,2,35,Low Value
17638.0,842.4,432,2,2,Low Value
17639.0,615.17,576,6,59,Low Value
17640.0,3168.94,1692,6,48,Medium Value
17642.0,1824.49,1475,5,92,Medium Value
17643.0,439.7,226,2,30,Low Value
17644.0,6028.6,3469,20,171,High Value
17646.0,3898.79,1308,12,129,Medium Value
17647.0,331.66,82,3,12,Low Value
17648.0,2216.37,954,5,114,Medium Value
17649.0,1578.89,723,3,91,Medium Value
17650.0,166.08,150,1,8,Low Value
17651.0,5703.52,4086,16,210,High Value
17652.0,4867.72,2509,12,121,Medium Value
17653.0,1207.56,1409,4,44,Medium Value
17654.0,117.55,41,1,22,Low Value
17655.0,2976.38,1268,9,75,Medium Value
17656.0,1674.69,1399,5,68,Medium Value
17657.0,126.0,60,1,7,Low Value
17658.0,595.42,616,2,17,Low Value
17659.0,3586.99,1752,14,150,Medium Value
17660.0,342.22,259,2,75,Low Value
17662.0,412.92,184,2,14,Low Value
17663.0,5175.83,2297,17,155,High Value
17664.0,1166.23,1058,4,69,Medium Value
17665.0,563.1,690,1,19,Low Value
17666.0,2047.8,1552,5,30,Medium Value
17667.0,3950.7,2192,9,147,Medium Value
17668.0,347.75,93,2,14,Low Value
17669.0,6142.35,3505,10,95,High Value
17670.0,205.7,110,1,11,Low Value
17671.0,2009.16,987,5,54,Medium Value
17672.0,5778.63,2758,7,183,High Value
17673.0,4173.88,3284,13,195,Medium Value
17674.0,551.04,672,2,19,Low Value
17675.0,37642.48,16180,70,364,High Value
17676.0,2448.64,1764,10,92,Medium Value
17677.0,35058.46,20921,54,382,High Value
17678.0,599.76,368,2,27,Low Value
17679.0,3577.61,1755,7,68,Medium Value
17680.0,497.45,155,3,20,Low Value
17681.0,731.2,450,5,12,Low Value
17682.0,4065.28,2281,11,91,Medium Value
17683.0,819.01,781,3,41,Low Value
17684.0,239.41,145,1,15,Low Value
17685.0,5454.95,3474,12,128,High Value
17686.0,8296.81,3583,9,295,High Value
17687.0,432.68,210,1,26,Low Value
17688.0,304.2,114,1,19,Low Value
17689.0,317.08,300,2,19,Low Value
17690.0,6963.8,2939,20,243,High Value
17691.0,637.55,315,4,37,Low Value
17692.0,2975.8,2338,12,91,Medium Value
17693.0,200.47,231,1,16,Low Value
17694.0,1695.97,1493,3,55,Medium Value
17695.0,1746.04,1809,5,45,Medium Value
17696.0,7679.59,5891,27,196,High Value
17697.0,338.95,93,1,19,Low Value
17698.0,154.95,93,1,8,Low Value
17699.0,442.0,208,2,17,Low Value
17700.0,6679.97,3469,14,263,High Value
17701.0,417.95,109,1,24,Low Value
17702.0,3144.04,2153,6,122,Medium Value
17703.0,1094.84,897,4,64,Medium Value
17704.0,885.19,343,2,27,Low Value
17705.0,2083.9,1301,11,78,Medium Value
17706.0,20272.15,7824,31,431,High Value
17707.0,609.3,546,8,10,Low Value
17708.0,884.18,387,4,57,Low Value
17709.0,671.01,295,5,37,Low Value
17710.0,293.5,158,1,20,Low Value
17711.0,385.1,246,2,22,Low Value
17712.0,522.91,215,1,29,Low Value
17713.0,1198.09,989,4,55,Medium Value
17714.0,1410.18,608,5,69,Medium Value
17715.0,489.6,576,2,1,Low Value
17716.0,15956.97,8819,24,349,High Value
17717.0,376.92,344,1,26,Low Value
17718.0,439.18,274,2,22,Low Value
17719.0,5396.04,2466,15,111,High Value
17720.0,2666.91,1589,10,82,Medium Value
17721.0,307.21,107,1,11,Low Value
17722.0,3520.22,2412,5,163,Medium Value
17723.0,3378.4,912,7,6,Medium Value
17724.0,1033.0,300,3,38,Medium Value
17725.0,3439.08,2162,11,115,Medium Value
17726.0,1092.06,444,7,53,Medium Value
17727.0,1060.25,645,1,66,Medium Value
17728.0,4238.76,2146,5,201,Medium Value
17729.0,438.65,247,1,23,Low Value
17730.0,7773.8,5300,20,181,High Value
17731.0,1708.99,707,6,83,Medium Value
17732.0,2166.42,1058,8,92,Medium Value
17733.0,692.19,463,2,33,Low Value
17734.0,1442.32,741,6,77,Medium Value
17735.0,16790.33,10683,26,395,High Value
17736.0,377.44,238,3,24,Low Value
17737.0,168.24,108,2,8,Low Value
17738.0,4183.56,2776,13,176,Medium Value
17739.0,7730.59,2335,18,66,High Value
17740.0,426.9,222,6,5,Low Value
17741.0,101.1,114,2,6,Low Value
17742.0,2098.48,653,11,52,Medium Value
17743.0,229.2,96,1,3,Low Value
17744.0,2649.14,3826,7,120,Medium Value
17745.0,600.34,164,2,27,Low Value
17746.0,904.18,688,4,32,Low Value
17747.0,71.4,12,1,1,Low Value
17748.0,358.15,111,1,17,Low Value
17749.0,1026.18,446,3,52,Medium Value
17750.0,1710.45,3747,9,101,Medium Value
17751.0,157.86,147,1,31,Low Value
17752.0,80.64,192,1,1,Low Value
17753.0,382.06,124,4,63,Low Value
17754.0,4451.22,4366,13,190,Medium Value
17756.0,728.75,399,3,54,Low Value
17757.0,9074.05,5011,56,397,High Value
17758.0,4964.03,3199,12,409,Medium Value
17759.0,1261.88,965,5,114,Medium Value
17760.0,746.39,531,6,58,Low Value
17761.0,712.78,398,1,19,Low Value
17762.0,129.75,129,1,16,Low Value
17763.0,86.15,41,4,11,Low Value
17764.0,1513.57,674,5,127,Medium Value
17765.0,524.0,195,4,73,Low Value
17766.0,299.61,155,2,21,Low Value
17767.0,413.05,198,2,35,Low Value
17768.0,3292.73,2339,7,137,Medium Value
17769.0,7053.38,3157,17,342,High Value
17770.0,1143.27,365,5,33,Medium Value
17771.0,387.41,373,4,63,Low Value
17772.0,360.75,113,3,94,Low Value
17773.0,575.37,254,2,48,Low Value
17774.0,3273.83,1585,9,287,Medium Value
17775.0,56.4,72,1,3,Low Value
17776.0,330.56,273,2,75,Low Value
17777.0,647.56,501,3,141,Low Value
17778.0,197.7,214,1,10,Low Value
17779.0,650.32,396,3,73,Low Value
17780.0,346.56,156,3,76,Low Value
17781.0,188.02,34,2,12,Low Value
17782.0,679.02,538,2,29,Low Value
17783.0,376.96,438,3,91,Low Value
17784.0,112.86,72,1,19,Low Value
17785.0,403.38,227,3,48,Low Value
17786.0,266.85,195,2,57,Low Value
17787.0,1817.54,896,4,94,Medium Value
17788.0,1117.9,211,2,3,Medium Value
17789.0,397.15,199,2,27,Low Value
17790.0,2779.41,1387,20,189,Medium Value
17791.0,106.1,46,1,10,Low Value
17792.0,368.35,149,2,45,Low Value
17793.0,300.34,226,1,49,Low Value
17794.0,147.3,46,2,7,Low Value
17795.0,342.83,305,2,43,Low Value
17796.0,1236.39,347,7,149,Medium Value
17797.0,1971.87,1086,8,223,Medium Value
17798.0,178.07,138,1,43,Low Value
17799.0,6246.93,3674,20,512,High Value
17800.0,1187.21,732,9,51,Medium Value
17801.0,770.03,820,3,66,Low Value
17802.0,4946.22,2705,10,295,Medium Value
17803.0,184.66,98,1,27,Low Value
17804.0,383.78,194,3,85,Low Value
17805.0,927.03,1126,2,10,Low Value
17806.0,546.04,727,1,43,Low Value
17807.0,437.87,262,3,88,Low Value
17808.0,262.64,143,4,28,Low Value
17809.0,10085.89,2995,20,64,High Value
17810.0,373.16,118,2,51,Low Value
17811.0,9519.8,5278,47,543,High Value
17812.0,911.99,444,7,162,Low Value
17813.0,1698.07,752,5,297,Medium Value
17814.0,1609.37,1435,2,112,Medium Value
17815.0,591.96,612,1,13,Low Value
17816.0,96.11,80,6,41,Low Value
17817.0,788.15,353,6,115,Low Value
17818.0,124.78,86,1,42,Low Value
17819.0,6021.05,1610,12,68,High Value
17820.0,180.61,111,1,39,Low Value
17821.0,334.62,162,1,6,Low Value
17822.0,2162.93,1375,5,153,Medium Value
17823.0,449.25,252,2,88,Low Value
17824.0,298.4,408,1,13,Low Value
17825.0,701.96,516,4,24,Low Value
17826.0,133.34,84,1,33,Low Value
17827.0,2376.17,1582,6,243,Medium Value
17828.0,1820.09,667,4,54,Medium Value
17829.0,4756.74,3009,5,123,Medium Value
17830.0,398.7,92,3,18,Low Value
17831.0,35.4,12,1,2,Low Value
17832.0,155.37,208,1,61,Low Value
17833.0,338.46,143,1,28,Low Value
17834.0,689.67,639,2,54,Low Value
17835.0,342.24,344,3,45,Low Value
17836.0,110.21,88,1,23,Low Value
17837.0,1541.23,510,8,111,Medium Value
17838.0,5604.64,3491,13,142,High Value
17839.0,318.15,257,1,50,Low Value
17840.0,175.9,128,1,44,Low Value
17841.0,68545.25,36584,211,2269,High Value
17842.0,430.69,89,1,18,Low Value
17843.0,320.4,251,2,57,Low Value
17844.0,51.56,52,1,5,Low Value
17845.0,596.09,195,4,42,Low Value
17846.0,2033.1,1,1,1,Medium Value
17847.0,129.69,29,2,9,Low Value
17848.0,3559.11,1404,30,105,Medium Value
17849.0,1063.76,224,8,26,Medium Value
17850.0,51208.87,21052,155,102,High Value
17851.0,1552.35,933,6,185,Medium Value
17852.0,657.81,372,5,82,Low Value
17853.0,1596.29,625,3,84,Medium Value
17854.0,1068.5,607,6,113,Medium Value
17855.0,208.97,197,1,17,Low Value
17856.0,1418.03,842,4,12,Medium Value
17857.0,27347.04,19906,24,21,High Value
17858.0,12518.65,5383,30,175,High Value
17859.0,141.92,102,1,23,Low Value
17860.0,717.39,696,4,128,Low Value
17861.0,5088.29,4541,18,344,High Value
17862.0,1254.89,440,4,90,Medium Value
17863.0,5360.48,4676,12,159,High Value
17864.0,876.57,1015,5,93,Low Value
17865.0,26312.19,12950,46,412,High Value
17866.0,1134.95,535,3,20,Medium Value
17867.0,1582.05,638,15,119,Medium Value
17868.0,227.15,85,1,18,Low Value
17869.0,813.64,491,7,74,Low Value
17870.0,2753.29,1699,13,215,Medium Value
17871.0,1068.95,665,5,67,Medium Value
17872.0,235.87,176,1,15,Low Value
17873.0,6265.33,4159,18,68,High Value
17874.0,683.46,221,6,38,Low Value
17875.0,167.1,98,1,25,Low Value
17876.0,3424.02,1958,3,3,Medium Value
17877.0,237.61,98,1,12,Low Value
17878.0,1378.93,1014,3,82,Medium Value
17879.0,178.52,45,1,6,Low Value
17880.0,824.92,466,3,43,Low Value
17881.0,133.35,32,1,8,Low Value
17882.0,291.56,130,2,47,Low Value
17883.0,988.42,476,7,157,Low Value
17884.0,2698.47,2749,20,311,Medium Value
17885.0,156.34,110,1,50,Low Value
17886.0,1572.55,711,6,139,Medium Value
17887.0,111.35,30,1,10,Low Value
17888.0,1807.44,1536,25,146,Medium Value
17889.0,746.42,403,7,97,Low Value
17890.0,586.89,402,2,88,Low Value
17891.0,203.86,393,1,34,Low Value
17892.0,244.1,109,3,27,Low Value
17893.0,107.21,149,1,15,Low Value
17894.0,2304.58,938,18,218,Medium Value
17895.0,95.45,127,1,15,Low Value
17896.0,256.32,288,1,2,Low Value
17897.0,2099.89,864,9,214,Medium Value
17898.0,299.18,251,4,48,Low Value
17899.0,154.55,170,1,29,Low Value
17900.0,112.2,73,2,4,Low Value
17901.0,260.08,38,3,22,Low Value
17902.0,216.4,526,1,24,Low Value
17903.0,381.09,142,1,44,Low Value
17904.0,181.07,59,1,33,Low Value
17905.0,2178.87,1299,13,131,Medium Value
17906.0,72.9,26,1,12,Low Value
17907.0,291.76,1046,1,13,Low Value
17908.0,1142.47,670,5,179,Medium Value
17909.0,110.05,35,1,8,Low Value
17910.0,261.7,121,1,25,Low Value
17911.0,366.23,223,1,39,Low Value
17912.0,374.55,215,6,48,Low Value
17913.0,3429.29,1725,14,234,Medium Value
17914.0,329.36,457,1,72,Low Value
17915.0,225.78,184,1,27,Low Value
17916.0,43.87,90,2,15,Low Value
17917.0,335.03,184,3,77,Low Value
17918.0,396.39,352,3,34,Low Value
17919.0,1840.32,1452,2,37,Medium Value
17920.0,23581.78,12265,54,737,High Value
17921.0,2394.36,991,10,233,Medium Value
17922.0,170.4,49,1,8,Low Value
17923.0,497.0,140,3,2,Low Value
17924.0,3257.7,1208,8,27,Medium Value
17925.0,244.08,72,1,1,Low Value
17926.0,1035.49,572,5,28,Medium Value
17927.0,294.0,108,1,10,Low Value
17928.0,341.24,222,3,27,Low Value
17929.0,3082.1,434,12,6,Medium Value
17930.0,4275.22,3795,13,40,Medium Value
17931.0,3402.24,1919,14,277,Medium Value
17932.0,1331.57,789,3,84,Medium Value
17933.0,114.69,63,1,12,Low Value
17934.0,1049.15,628,3,36,Medium Value
17935.0,686.14,244,7,60,Low Value
17936.0,380.13,257,1,68,Low Value
17937.0,4301.22,1754,7,19,Medium Value
17938.0,144.29,53,1,29,Low Value
17939.0,99.14,40,1,12,Low Value
17940.0,30306.79,85148,16,12,High Value
17941.0,1433.28,1108,4,5,Medium Value
17942.0,77.5,38,1,2,Low Value
17944.0,74.99,84,1,24,Low Value
17945.0,360.35,244,3,66,Low Value
17946.0,149.58,75,2,18,Low Value
17947.0,176.68,168,1,9,Low Value
17948.0,358.56,144,1,1,Low Value
17949.0,117314.08,60538,118,61,High Value
17950.0,1166.29,659,7,133,Medium Value
17951.0,1340.58,780,4,24,Medium Value
17952.0,788.46,477,4,85,Low Value
17953.0,159.17,98,1,20,Low Value
17954.0,3804.38,3180,19,495,Medium Value
17955.0,949.9,681,6,16,Low Value
17956.0,12.75,1,1,1,Low Value
17957.0,111.68,287,1,31,Low Value
17958.0,973.88,284,2,35,Low Value
17959.0,140.75,49,1,2,Low Value
17960.0,135.08,60,3,37,Low Value
17961.0,2866.74,1491,100,499,Medium Value
17962.0,666.96,633,4,146,Low Value
17963.0,643.16,341,4,98,Low Value
17964.0,463.21,294,2,84,Low Value
17965.0,7006.65,4383,29,595,High Value
17966.0,1963.92,3918,10,85,Medium Value
17967.0,223.42,111,2,59,Low Value
17968.0,590.44,352,4,109,Low Value
17969.0,2354.29,1014,20,116,Medium Value
17970.0,562.79,513,1,27,Low Value
17971.0,161.94,62,1,20,Low Value
17972.0,135.19,36,1,30,Low Value
17973.0,337.04,176,1,15,Low Value
17974.0,1739.09,1189,6,280,Medium Value
17975.0,6696.33,2179,24,243,High Value
17976.0,321.79,93,1,56,Low Value
17977.0,1511.45,1948,2,95,Medium Value
17978.0,1159.99,1297,4,63,Medium Value
17979.0,732.41,383,4,116,Low Value
17980.0,1012.72,771,4,41,Medium Value
17981.0,239.12,260,1,17,Low Value
17982.0,138.18,117,1,13,Low Value
17983.0,171.71,108,1,23,Low Value
17984.0,1152.19,939,5,212,Medium Value
17985.0,631.35,171,1,20,Low Value
17986.0,20.8,10,1,1,Low Value
17987.0,965.44,981,5,140,Low Value
17988.0,489.54,186,14,115,Low Value
17989.0,207.33,300,1,26,Low Value
17990.0,1527.61,777,6,40,Medium Value
17991.0,300.3,93,3,37,Low Value
17992.0,252.88,130,1,49,Low Value
17993.0,225.99,108,1,60,Low Value
17994.0,2270.03,2181,11,238,Medium Value
17995.0,495.48,263,3,28,Low Value
17996.0,482.33,587,3,63,Low Value
17997.0,1962.46,2273,8,133,Medium Value
17998.0,639.24,561,3,57,Low Value
17999.0,528.46,286,3,125,Low Value
18000.0,124.25,109,1,6,Low Value
18001.0,924.14,874,6,122,Low Value
18002.0,244.37,71,4,53,Low Value
18003.0,353.51,297,1,23,Low Value
18004.0,157.92,75,1,32,Low Value
18005.0,226.47,86,2,52,Low Value
18006.0,969.51,395,4,57,Low Value
18007.0,215.22,246,1,46,Low Value
18008.0,19759.08,7825,23,78,High Value
18009.0,2144.23,651,9,148,Medium Value
18010.0,174.8,60,1,14,Low Value
18011.0,410.79,125,2,63,Low Value
18012.0,115.3,63,1,13,Low Value
18013.0,187.29,285,2,31,Low Value
18014.0,162.22,66,1,29,Low Value
18015.0,120.03,157,1,46,Low Value
18016.0,1954.56,1207,7,120,Medium Value
18017.0,688.0,400,4,1,Low Value
18018.0,297.99,186,4,43,Low Value
18019.0,38.45,7,1,5,Low Value
18020.0,190.48,67,1,12,Low Value
18021.0,216.41,168,2,32,Low Value
18022.0,1507.25,1311,5,315,Medium Value
18024.0,389.78,184,2,21,Low Value
18025.0,1177.72,1053,6,85,Medium Value
18026.0,2074.07,530,2,12,Medium Value
18027.0,115.31,78,1,21,Low Value
18028.0,192.05,133,1,4,Low Value
18029.0,433.77,253,1,18,Low Value
18030.0,230.65,67,2,8,Low Value
18031.0,451.3,298,1,49,Low Value
18032.0,73.5,42,1,5,Low Value
18033.0,93.82,252,1,32,Low Value
18034.0,754.2,951,3,183,Low Value
18035.0,1260.23,1134,5,52,Medium Value
18036.0,1545.49,741,11,224,Medium Value
18037.0,167.42,37,15,32,Low Value
18038.0,141.48,80,1,25,Low Value
18039.0,548.22,555,4,137,Low Value
18040.0,357.2,148,2,18,Low Value
18041.0,8018.77,7316,38,483,High Value
18042.0,281.15,69,2,13,Low Value
18043.0,529.29,265,3,106,Low Value
18044.0,3505.61,1598,18,129,Medium Value
18045.0,178.34,138,1,43,Low Value
18046.0,189.63,44,1,26,Low Value
18047.0,326.09,130,2,74,Low Value
18048.0,394.93,256,3,56,Low Value
18049.0,500.92,402,2,82,Low Value
18050.0,412.06,250,2,22,Low Value
18051.0,2282.28,1661,7,41,Medium Value
18052.0,10877.18,17766,1,16,High Value
18053.0,571.07,409,3,29,Low Value
18054.0,176.5,96,1,11,Low Value
18055.0,10142.64,3534,14,323,High Value
18056.0,554.6,334,2,28,Low Value
18057.0,1188.46,970,3,120,Medium Value
18058.0,774.06,394,3,12,Low Value
18059.0,306.46,258,3,17,Low Value
18060.0,1185.46,902,2,75,Medium Value
18061.0,6083.81,3359,28,32,High Value
18062.0,1632.67,831,6,46,Medium Value
18063.0,186.6,48,2,2,Low Value
18064.0,4481.83,2685,11,54,Medium Value
18065.0,5866.63,2265,29,213,High Value
18066.0,1440.4,535,3,37,Medium Value
18067.0,396.33,189,1,36,Low Value
18068.0,101.7,6,1,1,Low Value
18069.0,4464.92,3168,11,616,Medium Value
18070.0,314.1,86,1,9,Low Value
18071.0,1169.68,678,6,54,Medium Value
18072.0,247.44,288,1,18,Low Value
18073.0,3859.82,3102,12,23,Medium Value
18074.0,1019.44,361,2,37,Medium Value
18075.0,5783.29,3281,20,182,High Value
18076.0,151.49,164,1,8,Low Value
18077.0,4078.79,3020,18,146,Medium Value
18078.0,725.53,370,4,65,Low Value
18079.0,4203.93,8730,5,109,Medium Value
18080.0,1231.5,642,2,2,Medium Value
18081.0,343.45,195,3,14,Low Value
18082.0,680.84,608,1,62,Low Value
18083.0,463.53,268,1,36,Low Value
18084.0,795.23,755,3,7,Low Value
18085.0,1341.85,507,4,43,Medium Value
18086.0,101.34,106,1,7,Low Value
18087.0,14761.52,7775,17,47,High Value
18088.0,166.03,107,1,35,Low Value
18089.0,428.45,95,1,9,Low Value
18090.0,321.9,307,1,47,Low Value
18091.0,360.85,539,1,25,Low Value
18092.0,14693.72,8298,18,42,High Value
18093.0,4452.71,3429,8,43,Medium Value
18094.0,6391.52,4164,13,55,High Value
18095.0,2303.09,1623,5,37,Medium Value
18096.0,1657.87,1409,6,299,Medium Value
18097.0,4627.92,2716,11,87,Medium Value
18098.0,527.94,215,1,85,Low Value
18099.0,168.31,149,1,19,Low Value
18100.0,451.56,440,1,30,Low Value
18101.0,622.01,247,5,89,Low Value
18102.0,580987.04,181645,145,413,High Value
18103.0,105.8,23,1,10,Low Value
18104.0,754.64,362,1,38,Low Value
18105.0,113.48,46,1,18,Low Value
18106.0,1441.06,506,6,134,Medium Value
18107.0,165.88,65,1,38,Low Value
18108.0,848.81,261,3,44,Low Value
18109.0,9555.71,4822,38,207,High Value
18110.0,392.28,169,2,58,Low Value
18111.0,405.85,232,1,27,Low Value
18112.0,773.36,443,4,59,Low Value
18113.0,76.32,72,1,1,Low Value
18114.0,220.1,55,1,28,Low Value
18115.0,9.7,3,1,3,Low Value
18116.0,2134.49,1267,13,308,Medium Value
18117.0,315.65,605,1,68,Low Value
18118.0,6221.02,3184,29,449,High Value
18119.0,180.7,124,1,29,Low Value
18120.0,111.15,31,1,17,Low Value
18121.0,653.3,438,2,28,Low Value
18122.0,1793.06,1225,6,237,Medium Value
18123.0,666.64,616,3,53,Low Value
18124.0,102.65,47,1,20,Low Value
18125.0,1131.75,800,4,165,Medium Value
18126.0,200.92,135,1,52,Low Value
18127.0,556.13,250,4,58,Low Value
18128.0,399.29,216,1,42,Low Value
18129.0,112.55,48,1,13,Low Value
18130.0,1059.39,824,3,58,Medium Value
18131.0,222.96,552,1,4,Low Value
18132.0,220.13,212,1,60,Low Value
18133.0,931.5,1350,1,1,Low Value
18134.0,445.0,128,2,27,Low Value
18135.0,1249.62,753,10,23,Medium Value
18136.0,1631.36,860,5,78,Medium Value
18137.0,145.99,59,2,26,Low Value
18138.0,152.65,38,1,8,Low Value
18139.0,8438.34,5557,6,35,High Value
18140.0,536.41,395,1,49,Low Value
18141.0,882.47,433,2,38,Low Value
18142.0,1019.52,1276,2,9,Medium Value
18143.0,1000.16,570,2,59,Medium Value
18144.0,4892.95,2144,19,52,Medium Value
18145.0,5609.74,5104,11,268,High Value
18146.0,160.35,153,2,10,Low Value
18147.0,179.34,203,2,7,Low Value
18148.0,112.85,63,1,9,Low Value
18149.0,1553.96,869,7,56,Medium Value
18150.0,566.58,332,3,29,Low Value
18151.0,1879.44,986,6,100,Medium Value
18152.0,426.69,75,1,10,Low Value
18153.0,246.22,200,1,17,Low Value
18154.0,932.6,626,5,34,Low Value
18155.0,371.62,266,3,19,Low Value
18156.0,675.64,283,2,100,Low Value
18157.0,213.9,145,1,25,Low Value
18158.0,453.4,354,2,24,Low Value
18159.0,530.15,139,1,23,Low Value
18160.0,1003.88,519,3,56,Medium Value
18161.0,1803.1,965,6,57,Medium Value
18162.0,371.51,332,1,45,Low Value
18163.0,728.84,452,1,33,Low Value
18164.0,399.65,184,1,24,Low Value
18165.0,302.46,254,1,10,Low Value
18166.0,175.5,90,1,10,Low Value
18167.0,1384.86,382,3,24,Medium Value
18168.0,3435.5,1995,16,226,Medium Value
18169.0,202.65,61,1,9,Low Value
18170.0,2878.0,1184,9,60,Medium Value
18171.0,2437.31,991,9,76,Medium Value
18172.0,17467.24,7407,52,188,High Value
18173.0,2696.36,1730,5,34,Medium Value
18174.0,162.5,80,2,2,Low Value
18175.0,176.1,70,1,7,Low Value
18176.0,476.35,283,1,30,Low Value
18177.0,2216.32,1238,9,71,Medium Value
18178.0,6103.74,3850,11,217,High Value
18179.0,2547.55,1811,8,103,Medium Value
18180.0,1843.75,1721,6,108,Medium Value
18181.0,1188.34,510,5,145,Medium Value
18182.0,291.13,167,1,10,Low Value
18183.0,632.07,371,2,36,Low Value
18184.0,49.8,60,1,1,Low Value
18185.0,304.25,183,1,17,Low Value
18186.0,329.58,338,1,11,Low Value
18187.0,724.89,310,1,48,Low Value
18188.0,3280.59,1888,6,102,Medium Value
18189.0,1403.73,836,3,80,Medium Value
18190.0,745.62,490,5,34,Low Value
18191.0,529.4,332,2,15,Low Value
18192.0,957.97,339,1,45,Low Value
18193.0,1207.35,926,3,66,Medium Value
18194.0,4162.04,1774,6,23,Medium Value
18195.0,101.16,60,1,5,Low Value
18196.0,1457.19,1038,4,210,Medium Value
18197.0,230.1,166,1,9,Low Value
18198.0,5425.56,4074,17,83,High Value
18199.0,344.75,99,1,20,Low Value
18200.0,150.35,104,1,29,Low Value
18201.0,447.53,191,1,27,Low Value
18202.0,1396.99,581,3,56,Medium Value
18203.0,492.52,111,4,41,Low Value
18204.0,1975.35,1190,3,160,Medium Value
18205.0,517.36,192,2,30,Low Value
18206.0,314.66,246,1,19,Low Value
18207.0,544.47,325,1,31,Low Value
18208.0,360.08,82,1,17,Low Value
18209.0,139.1,58,1,8,Low Value
18210.0,2768.83,1499,7,117,Medium Value
18211.0,600.07,359,5,37,Low Value
18212.0,514.37,158,2,40,Low Value
18213.0,232.48,232,1,15,Low Value
18214.0,1780.34,989,4,38,Medium Value
18215.0,2232.49,1131,5,56,Medium Value
18216.0,481.75,200,1,26,Low Value
18217.0,945.04,740,4,33,Low Value
18218.0,1121.84,1028,4,25,Medium Value
18219.0,3352.7,1586,17,88,Medium Value
18220.0,1921.76,1352,6,17,Medium Value
18221.0,1424.94,1000,6,71,Medium Value
18222.0,443.0,335,1,19,Low Value
18223.0,14000.85,6644,26,213,High Value
18224.0,158.95,69,1,10,Low Value
18225.0,13014.8,7282,26,293,High Value
18226.0,11878.88,7883,26,312,High Value
18227.0,388.75,22,2,6,Low Value
18228.0,779.9,238,2,24,Low Value
18229.0,10150.51,3071,28,73,High Value
18230.0,4291.06,1996,9,43,Medium Value
18231.0,6854.17,2915,28,230,High Value
18232.0,592.97,302,4,31,Low Value
18233.0,440.0,4,1,1,Low Value
18234.0,179.6,80,1,30,Low Value
18235.0,1796.48,1578,3,100,Medium Value
18236.0,1795.35,696,12,81,Medium Value
18237.0,987.1,622,5,40,Low Value
18238.0,270.92,114,1,14,Low Value
18239.0,1712.26,844,6,85,Medium Value
18240.0,422.58,126,1,6,Low Value
18241.0,2986.99,1471,21,104,Medium Value
18242.0,3605.21,2021,8,113,Medium Value
18243.0,515.78,221,1,26,Low Value
18244.0,568.64,856,2,19,Low Value
18245.0,6324.98,5098,20,343,High Value
18246.0,758.82,214,3,3,Low Value
18247.0,839.73,335,3,28,Low Value
18248.0,804.02,511,2,39,Low Value
18249.0,95.34,128,1,8,Low Value
18250.0,349.27,199,1,21,Low Value
18251.0,26278.86,39639,9,90,High Value
18252.0,1533.69,932,7,125,Medium Value
18253.0,317.88,128,1,7,Low Value
18254.0,267.9,188,1,16,Low Value
18255.0,303.15,201,2,17,Low Value
18256.0,110.7,180,1,10,Low Value
18257.0,4600.15,2369,12,228,Medium Value
18258.0,2059.67,1981,6,31,Medium Value
18259.0,3941.9,1274,7,51,Medium Value
18260.0,9947.26,5244,23,218,High Value
18261.0,324.24,146,2,19,Low Value
18262.0,577.54,552,3,40,Low Value
18263.0,1213.16,1468,3,58,Medium Value
18264.0,603.25,241,1,36,Low Value
18265.0,801.51,311,2,44,Low Value
18266.0,251.1,138,1,14,Low Value
18267.0,269.37,135,1,17,Low Value
18268.0,1490.23,711,6,38,Medium Value
18269.0,168.6,76,1,7,Low Value
18270.0,444.55,209,3,17,Low Value
18271.0,680.85,319,2,19,Low Value
18272.0,4385.98,2880,9,148,Medium Value
18273.0,357.0,140,4,1,Low Value
18274.0,175.92,88,1,11,Low Value
18275.0,741.85,417,2,19,Low Value
18276.0,1656.52,1246,6,81,Medium Value
18277.0,1180.05,449,5,54,Medium Value
18278.0,414.2,140,2,22,Low Value
18279.0,231.34,630,1,13,Low Value
18280.0,488.15,194,2,28,Low Value
18281.0,201.14,146,2,17,Low Value
18282.0,178.05,103,2,12,Low Value
18283.0,2664.9,1679,22,372,Medium Value
18284.0,461.68,494,1,28,Low Value
18285.0,427.0,145,1,12,Low Value
18286.0,1296.43,608,2,67,Medium Value
18287.0,4182.99,3013,7,120,Medium Value
